/**********************************************************************
 * This file was automatically generated by                           *
 * tools/test_vectors_halfagg_generate.py. Do not edit by hand.       *
 *                                                                    *
 * The test vectors are taken from BIP 458                            *
 * ("Half-Aggregation of BIP 340 Signatures",                         *
 * https://github.com/bitcoin/bips/blob/master/bip-0458.mediawiki),   *
 * generated by its gen_test_vectors.py script.                       *
 **********************************************************************/

/* The following incaggregate vectors from the BIP are intentionally omitted.
 * secp256k1_schnorrsig_inc_aggregate receives the number of already-aggregated
 * signatures (n_before) as an explicit argument and uses aggsig_len only as the
 * capacity of the output buffer. It therefore cannot represent these vectors,
 * which either vary the length of the input aggregate signature, or rely on a
 * non-zero s in the input aggregate signature while n_before is 0 (in which case
 * the input s is not read):
 *   - incaggregate vector #4 (Aggregate signature wrong length)
 *   - incaggregate vector #5 (Aggregate signature empty)
 *   - incaggregate vector #6 (Existing aggregate has s = n)
 * The rejection of an undersized output buffer is covered separately by
 * test_schnorrsig_aggregate_api. */

#ifndef SECP256K1_MODULE_SCHNORRSIG_HALFAGG_VECTORS_H
#define SECP256K1_MODULE_SCHNORRSIG_HALFAGG_VECTORS_H

#define HALFAGG_VECTOR_MAX_N 5
#define HALFAGG_VECTOR_MAX_AGGSIG_LEN (32 * (HALFAGG_VECTOR_MAX_N + 1))

/* Test vectors for secp256k1_schnorrsig_aggregate. */
struct halfagg_aggregate_vector {
    size_t n;
    unsigned char pubkeys[HALFAGG_VECTOR_MAX_N][32];
    unsigned char msgs[HALFAGG_VECTOR_MAX_N][32];
    unsigned char sigs[HALFAGG_VECTOR_MAX_N][64];
    int expected_result;
    unsigned char expected_aggsig[HALFAGG_VECTOR_MAX_AGGSIG_LEN];
    size_t expected_aggsig_len;
    const char *comment;
};

/* Test vectors for secp256k1_schnorrsig_inc_aggregate. */
struct halfagg_incaggregate_vector {
    size_t n_before;
    size_t n_new;
    unsigned char aggsig_in[HALFAGG_VECTOR_MAX_AGGSIG_LEN];
    size_t aggsig_in_len;
    unsigned char pubkeys[HALFAGG_VECTOR_MAX_N][32];
    unsigned char msgs[HALFAGG_VECTOR_MAX_N][32];
    unsigned char new_sigs[HALFAGG_VECTOR_MAX_N][64];
    int expected_result;
    unsigned char expected_aggsig[HALFAGG_VECTOR_MAX_AGGSIG_LEN];
    size_t expected_aggsig_len;
    const char *comment;
};

/* Test vectors for secp256k1_schnorrsig_aggverify. */
struct halfagg_verify_vector {
    size_t n;
    unsigned char aggsig[HALFAGG_VECTOR_MAX_AGGSIG_LEN];
    size_t aggsig_len;
    unsigned char pubkeys[HALFAGG_VECTOR_MAX_N][32];
    unsigned char msgs[HALFAGG_VECTOR_MAX_N][32];
    int expected_result;
    const char *comment;
};


static const struct halfagg_aggregate_vector halfagg_aggregate_vectors[] = {
    {  /* BIP vector #0: Empty signature list */
        0,  /* n */
        {  /* pubkeys */
            { 0x00, 0x00, 0x00, 0x00, 0x00, 0x00, 0x00, 0x00, 0x00, 0x00, 0x00, 0x00, 0x00, 0x00, 0x00, 0x00, 0x00, 0x00, 0x00, 0x00, 0x00, 0x00, 0x00, 0x00, 0x00, 0x00, 0x00, 0x00, 0x00, 0x00, 0x00, 0x00 },
            { 0x00, 0x00, 0x00, 0x00, 0x00, 0x00, 0x00, 0x00, 0x00, 0x00, 0x00, 0x00, 0x00, 0x00, 0x00, 0x00, 0x00, 0x00, 0x00, 0x00, 0x00, 0x00, 0x00, 0x00, 0x00, 0x00, 0x00, 0x00, 0x00, 0x00, 0x00, 0x00 },
            { 0x00, 0x00, 0x00, 0x00, 0x00, 0x00, 0x00, 0x00, 0x00, 0x00, 0x00, 0x00, 0x00, 0x00, 0x00, 0x00, 0x00, 0x00, 0x00, 0x00, 0x00, 0x00, 0x00, 0x00, 0x00, 0x00, 0x00, 0x00, 0x00, 0x00, 0x00, 0x00 },
            { 0x00, 0x00, 0x00, 0x00, 0x00, 0x00, 0x00, 0x00, 0x00, 0x00, 0x00, 0x00, 0x00, 0x00, 0x00, 0x00, 0x00, 0x00, 0x00, 0x00, 0x00, 0x00, 0x00, 0x00, 0x00, 0x00, 0x00, 0x00, 0x00, 0x00, 0x00, 0x00 },
            { 0x00, 0x00, 0x00, 0x00, 0x00, 0x00, 0x00, 0x00, 0x00, 0x00, 0x00, 0x00, 0x00, 0x00, 0x00, 0x00, 0x00, 0x00, 0x00, 0x00, 0x00, 0x00, 0x00, 0x00, 0x00, 0x00, 0x00, 0x00, 0x00, 0x00, 0x00, 0x00 },
        },
        {  /* msgs */
            { 0x00, 0x00, 0x00, 0x00, 0x00, 0x00, 0x00, 0x00, 0x00, 0x00, 0x00, 0x00, 0x00, 0x00, 0x00, 0x00, 0x00, 0x00, 0x00, 0x00, 0x00, 0x00, 0x00, 0x00, 0x00, 0x00, 0x00, 0x00, 0x00, 0x00, 0x00, 0x00 },
            { 0x00, 0x00, 0x00, 0x00, 0x00, 0x00, 0x00, 0x00, 0x00, 0x00, 0x00, 0x00, 0x00, 0x00, 0x00, 0x00, 0x00, 0x00, 0x00, 0x00, 0x00, 0x00, 0x00, 0x00, 0x00, 0x00, 0x00, 0x00, 0x00, 0x00, 0x00, 0x00 },
            { 0x00, 0x00, 0x00, 0x00, 0x00, 0x00, 0x00, 0x00, 0x00, 0x00, 0x00, 0x00, 0x00, 0x00, 0x00, 0x00, 0x00, 0x00, 0x00, 0x00, 0x00, 0x00, 0x00, 0x00, 0x00, 0x00, 0x00, 0x00, 0x00, 0x00, 0x00, 0x00 },
            { 0x00, 0x00, 0x00, 0x00, 0x00, 0x00, 0x00, 0x00, 0x00, 0x00, 0x00, 0x00, 0x00, 0x00, 0x00, 0x00, 0x00, 0x00, 0x00, 0x00, 0x00, 0x00, 0x00, 0x00, 0x00, 0x00, 0x00, 0x00, 0x00, 0x00, 0x00, 0x00 },
            { 0x00, 0x00, 0x00, 0x00, 0x00, 0x00, 0x00, 0x00, 0x00, 0x00, 0x00, 0x00, 0x00, 0x00, 0x00, 0x00, 0x00, 0x00, 0x00, 0x00, 0x00, 0x00, 0x00, 0x00, 0x00, 0x00, 0x00, 0x00, 0x00, 0x00, 0x00, 0x00 },
        },
        {  /* sigs */
            { 0x00, 0x00, 0x00, 0x00, 0x00, 0x00, 0x00, 0x00, 0x00, 0x00, 0x00, 0x00, 0x00, 0x00, 0x00, 0x00, 0x00, 0x00, 0x00, 0x00, 0x00, 0x00, 0x00, 0x00, 0x00, 0x00, 0x00, 0x00, 0x00, 0x00, 0x00, 0x00, 0x00, 0x00, 0x00, 0x00, 0x00, 0x00, 0x00, 0x00, 0x00, 0x00, 0x00, 0x00, 0x00, 0x00, 0x00, 0x00, 0x00, 0x00, 0x00, 0x00, 0x00, 0x00, 0x00, 0x00, 0x00, 0x00, 0x00, 0x00, 0x00, 0x00, 0x00, 0x00 },
            { 0x00, 0x00, 0x00, 0x00, 0x00, 0x00, 0x00, 0x00, 0x00, 0x00, 0x00, 0x00, 0x00, 0x00, 0x00, 0x00, 0x00, 0x00, 0x00, 0x00, 0x00, 0x00, 0x00, 0x00, 0x00, 0x00, 0x00, 0x00, 0x00, 0x00, 0x00, 0x00, 0x00, 0x00, 0x00, 0x00, 0x00, 0x00, 0x00, 0x00, 0x00, 0x00, 0x00, 0x00, 0x00, 0x00, 0x00, 0x00, 0x00, 0x00, 0x00, 0x00, 0x00, 0x00, 0x00, 0x00, 0x00, 0x00, 0x00, 0x00, 0x00, 0x00, 0x00, 0x00 },
            { 0x00, 0x00, 0x00, 0x00, 0x00, 0x00, 0x00, 0x00, 0x00, 0x00, 0x00, 0x00, 0x00, 0x00, 0x00, 0x00, 0x00, 0x00, 0x00, 0x00, 0x00, 0x00, 0x00, 0x00, 0x00, 0x00, 0x00, 0x00, 0x00, 0x00, 0x00, 0x00, 0x00, 0x00, 0x00, 0x00, 0x00, 0x00, 0x00, 0x00, 0x00, 0x00, 0x00, 0x00, 0x00, 0x00, 0x00, 0x00, 0x00, 0x00, 0x00, 0x00, 0x00, 0x00, 0x00, 0x00, 0x00, 0x00, 0x00, 0x00, 0x00, 0x00, 0x00, 0x00 },
            { 0x00, 0x00, 0x00, 0x00, 0x00, 0x00, 0x00, 0x00, 0x00, 0x00, 0x00, 0x00, 0x00, 0x00, 0x00, 0x00, 0x00, 0x00, 0x00, 0x00, 0x00, 0x00, 0x00, 0x00, 0x00, 0x00, 0x00, 0x00, 0x00, 0x00, 0x00, 0x00, 0x00, 0x00, 0x00, 0x00, 0x00, 0x00, 0x00, 0x00, 0x00, 0x00, 0x00, 0x00, 0x00, 0x00, 0x00, 0x00, 0x00, 0x00, 0x00, 0x00, 0x00, 0x00, 0x00, 0x00, 0x00, 0x00, 0x00, 0x00, 0x00, 0x00, 0x00, 0x00 },
            { 0x00, 0x00, 0x00, 0x00, 0x00, 0x00, 0x00, 0x00, 0x00, 0x00, 0x00, 0x00, 0x00, 0x00, 0x00, 0x00, 0x00, 0x00, 0x00, 0x00, 0x00, 0x00, 0x00, 0x00, 0x00, 0x00, 0x00, 0x00, 0x00, 0x00, 0x00, 0x00, 0x00, 0x00, 0x00, 0x00, 0x00, 0x00, 0x00, 0x00, 0x00, 0x00, 0x00, 0x00, 0x00, 0x00, 0x00, 0x00, 0x00, 0x00, 0x00, 0x00, 0x00, 0x00, 0x00, 0x00, 0x00, 0x00, 0x00, 0x00, 0x00, 0x00, 0x00, 0x00 },
        },
        1,  /* expected_result */
        {  /* expected_aggsig */
            0x00, 0x00, 0x00, 0x00, 0x00, 0x00, 0x00, 0x00, 0x00, 0x00, 0x00, 0x00, 0x00, 0x00, 0x00, 0x00,
            0x00, 0x00, 0x00, 0x00, 0x00, 0x00, 0x00, 0x00, 0x00, 0x00, 0x00, 0x00, 0x00, 0x00, 0x00, 0x00,
        },
        32,  /* expected_aggsig_len */
        "Empty signature list"
    },
    {  /* BIP vector #1: Single signature */
        1,  /* n */
        {  /* pubkeys */
            { 0x1B, 0x84, 0xC5, 0x56, 0x7B, 0x12, 0x64, 0x40, 0x99, 0x5D, 0x3E, 0xD5, 0xAA, 0xBA, 0x05, 0x65, 0xD7, 0x1E, 0x18, 0x34, 0x60, 0x48, 0x19, 0xFF, 0x9C, 0x17, 0xF5, 0xE9, 0xD5, 0xDD, 0x07, 0x8F },
            { 0x00, 0x00, 0x00, 0x00, 0x00, 0x00, 0x00, 0x00, 0x00, 0x00, 0x00, 0x00, 0x00, 0x00, 0x00, 0x00, 0x00, 0x00, 0x00, 0x00, 0x00, 0x00, 0x00, 0x00, 0x00, 0x00, 0x00, 0x00, 0x00, 0x00, 0x00, 0x00 },
            { 0x00, 0x00, 0x00, 0x00, 0x00, 0x00, 0x00, 0x00, 0x00, 0x00, 0x00, 0x00, 0x00, 0x00, 0x00, 0x00, 0x00, 0x00, 0x00, 0x00, 0x00, 0x00, 0x00, 0x00, 0x00, 0x00, 0x00, 0x00, 0x00, 0x00, 0x00, 0x00 },
            { 0x00, 0x00, 0x00, 0x00, 0x00, 0x00, 0x00, 0x00, 0x00, 0x00, 0x00, 0x00, 0x00, 0x00, 0x00, 0x00, 0x00, 0x00, 0x00, 0x00, 0x00, 0x00, 0x00, 0x00, 0x00, 0x00, 0x00, 0x00, 0x00, 0x00, 0x00, 0x00 },
            { 0x00, 0x00, 0x00, 0x00, 0x00, 0x00, 0x00, 0x00, 0x00, 0x00, 0x00, 0x00, 0x00, 0x00, 0x00, 0x00, 0x00, 0x00, 0x00, 0x00, 0x00, 0x00, 0x00, 0x00, 0x00, 0x00, 0x00, 0x00, 0x00, 0x00, 0x00, 0x00 },
        },
        {  /* msgs */
            { 0x02, 0x02, 0x02, 0x02, 0x02, 0x02, 0x02, 0x02, 0x02, 0x02, 0x02, 0x02, 0x02, 0x02, 0x02, 0x02, 0x02, 0x02, 0x02, 0x02, 0x02, 0x02, 0x02, 0x02, 0x02, 0x02, 0x02, 0x02, 0x02, 0x02, 0x02, 0x02 },
            { 0x00, 0x00, 0x00, 0x00, 0x00, 0x00, 0x00, 0x00, 0x00, 0x00, 0x00, 0x00, 0x00, 0x00, 0x00, 0x00, 0x00, 0x00, 0x00, 0x00, 0x00, 0x00, 0x00, 0x00, 0x00, 0x00, 0x00, 0x00, 0x00, 0x00, 0x00, 0x00 },
            { 0x00, 0x00, 0x00, 0x00, 0x00, 0x00, 0x00, 0x00, 0x00, 0x00, 0x00, 0x00, 0x00, 0x00, 0x00, 0x00, 0x00, 0x00, 0x00, 0x00, 0x00, 0x00, 0x00, 0x00, 0x00, 0x00, 0x00, 0x00, 0x00, 0x00, 0x00, 0x00 },
            { 0x00, 0x00, 0x00, 0x00, 0x00, 0x00, 0x00, 0x00, 0x00, 0x00, 0x00, 0x00, 0x00, 0x00, 0x00, 0x00, 0x00, 0x00, 0x00, 0x00, 0x00, 0x00, 0x00, 0x00, 0x00, 0x00, 0x00, 0x00, 0x00, 0x00, 0x00, 0x00 },
            { 0x00, 0x00, 0x00, 0x00, 0x00, 0x00, 0x00, 0x00, 0x00, 0x00, 0x00, 0x00, 0x00, 0x00, 0x00, 0x00, 0x00, 0x00, 0x00, 0x00, 0x00, 0x00, 0x00, 0x00, 0x00, 0x00, 0x00, 0x00, 0x00, 0x00, 0x00, 0x00 },
        },
        {  /* sigs */
            { 0xB0, 0x70, 0xAA, 0xFC, 0xEA, 0x43, 0x9A, 0x4F, 0x6F, 0x1B, 0xBF, 0xC2, 0xEB, 0x66, 0xD2, 0x9D, 0x24, 0xB0, 0xCA, 0xB7, 0x4D, 0x6B, 0x74, 0x5C, 0x3C, 0xFB, 0x00, 0x9C, 0xC8, 0xFE, 0x4A, 0xA8, 0x0E, 0x06, 0x6C, 0x34, 0x81, 0x99, 0x36, 0x54, 0x9F, 0xF4, 0x9B, 0x6F, 0xD4, 0xD4, 0x1E, 0xDF, 0xC4, 0x01, 0xA3, 0x67, 0xB8, 0x7D, 0xDD, 0x59, 0xFE, 0xE3, 0x81, 0x77, 0x96, 0x1C, 0x22, 0x5F },
            { 0x00, 0x00, 0x00, 0x00, 0x00, 0x00, 0x00, 0x00, 0x00, 0x00, 0x00, 0x00, 0x00, 0x00, 0x00, 0x00, 0x00, 0x00, 0x00, 0x00, 0x00, 0x00, 0x00, 0x00, 0x00, 0x00, 0x00, 0x00, 0x00, 0x00, 0x00, 0x00, 0x00, 0x00, 0x00, 0x00, 0x00, 0x00, 0x00, 0x00, 0x00, 0x00, 0x00, 0x00, 0x00, 0x00, 0x00, 0x00, 0x00, 0x00, 0x00, 0x00, 0x00, 0x00, 0x00, 0x00, 0x00, 0x00, 0x00, 0x00, 0x00, 0x00, 0x00, 0x00 },
            { 0x00, 0x00, 0x00, 0x00, 0x00, 0x00, 0x00, 0x00, 0x00, 0x00, 0x00, 0x00, 0x00, 0x00, 0x00, 0x00, 0x00, 0x00, 0x00, 0x00, 0x00, 0x00, 0x00, 0x00, 0x00, 0x00, 0x00, 0x00, 0x00, 0x00, 0x00, 0x00, 0x00, 0x00, 0x00, 0x00, 0x00, 0x00, 0x00, 0x00, 0x00, 0x00, 0x00, 0x00, 0x00, 0x00, 0x00, 0x00, 0x00, 0x00, 0x00, 0x00, 0x00, 0x00, 0x00, 0x00, 0x00, 0x00, 0x00, 0x00, 0x00, 0x00, 0x00, 0x00 },
            { 0x00, 0x00, 0x00, 0x00, 0x00, 0x00, 0x00, 0x00, 0x00, 0x00, 0x00, 0x00, 0x00, 0x00, 0x00, 0x00, 0x00, 0x00, 0x00, 0x00, 0x00, 0x00, 0x00, 0x00, 0x00, 0x00, 0x00, 0x00, 0x00, 0x00, 0x00, 0x00, 0x00, 0x00, 0x00, 0x00, 0x00, 0x00, 0x00, 0x00, 0x00, 0x00, 0x00, 0x00, 0x00, 0x00, 0x00, 0x00, 0x00, 0x00, 0x00, 0x00, 0x00, 0x00, 0x00, 0x00, 0x00, 0x00, 0x00, 0x00, 0x00, 0x00, 0x00, 0x00 },
            { 0x00, 0x00, 0x00, 0x00, 0x00, 0x00, 0x00, 0x00, 0x00, 0x00, 0x00, 0x00, 0x00, 0x00, 0x00, 0x00, 0x00, 0x00, 0x00, 0x00, 0x00, 0x00, 0x00, 0x00, 0x00, 0x00, 0x00, 0x00, 0x00, 0x00, 0x00, 0x00, 0x00, 0x00, 0x00, 0x00, 0x00, 0x00, 0x00, 0x00, 0x00, 0x00, 0x00, 0x00, 0x00, 0x00, 0x00, 0x00, 0x00, 0x00, 0x00, 0x00, 0x00, 0x00, 0x00, 0x00, 0x00, 0x00, 0x00, 0x00, 0x00, 0x00, 0x00, 0x00 },
        },
        1,  /* expected_result */
        {  /* expected_aggsig */
            0xB0, 0x70, 0xAA, 0xFC, 0xEA, 0x43, 0x9A, 0x4F, 0x6F, 0x1B, 0xBF, 0xC2, 0xEB, 0x66, 0xD2, 0x9D,
            0x24, 0xB0, 0xCA, 0xB7, 0x4D, 0x6B, 0x74, 0x5C, 0x3C, 0xFB, 0x00, 0x9C, 0xC8, 0xFE, 0x4A, 0xA8,
            0x0E, 0x06, 0x6C, 0x34, 0x81, 0x99, 0x36, 0x54, 0x9F, 0xF4, 0x9B, 0x6F, 0xD4, 0xD4, 0x1E, 0xDF,
            0xC4, 0x01, 0xA3, 0x67, 0xB8, 0x7D, 0xDD, 0x59, 0xFE, 0xE3, 0x81, 0x77, 0x96, 0x1C, 0x22, 0x5F,
        },
        64,  /* expected_aggsig_len */
        "Single signature"
    },
    {  /* BIP vector #2: Two signatures */
        2,  /* n */
        {  /* pubkeys */
            { 0x1B, 0x84, 0xC5, 0x56, 0x7B, 0x12, 0x64, 0x40, 0x99, 0x5D, 0x3E, 0xD5, 0xAA, 0xBA, 0x05, 0x65, 0xD7, 0x1E, 0x18, 0x34, 0x60, 0x48, 0x19, 0xFF, 0x9C, 0x17, 0xF5, 0xE9, 0xD5, 0xDD, 0x07, 0x8F },
            { 0x4D, 0x4B, 0x6C, 0xD1, 0x36, 0x10, 0x32, 0xCA, 0x9B, 0xD2, 0xAE, 0xB9, 0xD9, 0x00, 0xAA, 0x4D, 0x45, 0xD9, 0xEA, 0xD8, 0x0A, 0xC9, 0x42, 0x33, 0x74, 0xC4, 0x51, 0xA7, 0x25, 0x4D, 0x07, 0x66 },
            { 0x00, 0x00, 0x00, 0x00, 0x00, 0x00, 0x00, 0x00, 0x00, 0x00, 0x00, 0x00, 0x00, 0x00, 0x00, 0x00, 0x00, 0x00, 0x00, 0x00, 0x00, 0x00, 0x00, 0x00, 0x00, 0x00, 0x00, 0x00, 0x00, 0x00, 0x00, 0x00 },
            { 0x00, 0x00, 0x00, 0x00, 0x00, 0x00, 0x00, 0x00, 0x00, 0x00, 0x00, 0x00, 0x00, 0x00, 0x00, 0x00, 0x00, 0x00, 0x00, 0x00, 0x00, 0x00, 0x00, 0x00, 0x00, 0x00, 0x00, 0x00, 0x00, 0x00, 0x00, 0x00 },
            { 0x00, 0x00, 0x00, 0x00, 0x00, 0x00, 0x00, 0x00, 0x00, 0x00, 0x00, 0x00, 0x00, 0x00, 0x00, 0x00, 0x00, 0x00, 0x00, 0x00, 0x00, 0x00, 0x00, 0x00, 0x00, 0x00, 0x00, 0x00, 0x00, 0x00, 0x00, 0x00 },
        },
        {  /* msgs */
            { 0x02, 0x02, 0x02, 0x02, 0x02, 0x02, 0x02, 0x02, 0x02, 0x02, 0x02, 0x02, 0x02, 0x02, 0x02, 0x02, 0x02, 0x02, 0x02, 0x02, 0x02, 0x02, 0x02, 0x02, 0x02, 0x02, 0x02, 0x02, 0x02, 0x02, 0x02, 0x02 },
            { 0x03, 0x03, 0x03, 0x03, 0x03, 0x03, 0x03, 0x03, 0x03, 0x03, 0x03, 0x03, 0x03, 0x03, 0x03, 0x03, 0x03, 0x03, 0x03, 0x03, 0x03, 0x03, 0x03, 0x03, 0x03, 0x03, 0x03, 0x03, 0x03, 0x03, 0x03, 0x03 },
            { 0x00, 0x00, 0x00, 0x00, 0x00, 0x00, 0x00, 0x00, 0x00, 0x00, 0x00, 0x00, 0x00, 0x00, 0x00, 0x00, 0x00, 0x00, 0x00, 0x00, 0x00, 0x00, 0x00, 0x00, 0x00, 0x00, 0x00, 0x00, 0x00, 0x00, 0x00, 0x00 },
            { 0x00, 0x00, 0x00, 0x00, 0x00, 0x00, 0x00, 0x00, 0x00, 0x00, 0x00, 0x00, 0x00, 0x00, 0x00, 0x00, 0x00, 0x00, 0x00, 0x00, 0x00, 0x00, 0x00, 0x00, 0x00, 0x00, 0x00, 0x00, 0x00, 0x00, 0x00, 0x00 },
            { 0x00, 0x00, 0x00, 0x00, 0x00, 0x00, 0x00, 0x00, 0x00, 0x00, 0x00, 0x00, 0x00, 0x00, 0x00, 0x00, 0x00, 0x00, 0x00, 0x00, 0x00, 0x00, 0x00, 0x00, 0x00, 0x00, 0x00, 0x00, 0x00, 0x00, 0x00, 0x00 },
        },
        {  /* sigs */
            { 0xB0, 0x70, 0xAA, 0xFC, 0xEA, 0x43, 0x9A, 0x4F, 0x6F, 0x1B, 0xBF, 0xC2, 0xEB, 0x66, 0xD2, 0x9D, 0x24, 0xB0, 0xCA, 0xB7, 0x4D, 0x6B, 0x74, 0x5C, 0x3C, 0xFB, 0x00, 0x9C, 0xC8, 0xFE, 0x4A, 0xA8, 0x0E, 0x06, 0x6C, 0x34, 0x81, 0x99, 0x36, 0x54, 0x9F, 0xF4, 0x9B, 0x6F, 0xD4, 0xD4, 0x1E, 0xDF, 0xC4, 0x01, 0xA3, 0x67, 0xB8, 0x7D, 0xDD, 0x59, 0xFE, 0xE3, 0x81, 0x77, 0x96, 0x1C, 0x22, 0x5F },
            { 0xC9, 0xD9, 0xB1, 0xCC, 0xE8, 0xC0, 0xA9, 0x9A, 0xA7, 0x9F, 0x56, 0x18, 0x53, 0x58, 0xCD, 0x82, 0xB7, 0x64, 0x9D, 0x61, 0x32, 0xDA, 0xAC, 0xB3, 0x16, 0x12, 0xC7, 0xC9, 0xB1, 0x4C, 0xE3, 0xA9, 0x23, 0x34, 0x28, 0xAE, 0xB7, 0x74, 0x68, 0x85, 0x25, 0x20, 0xB0, 0x25, 0x6D, 0xE8, 0x45, 0x62, 0xA2, 0x96, 0x29, 0x19, 0x4D, 0xAE, 0xAC, 0x45, 0x44, 0x4C, 0x77, 0x11, 0xCD, 0x37, 0x9E, 0x57 },
            { 0x00, 0x00, 0x00, 0x00, 0x00, 0x00, 0x00, 0x00, 0x00, 0x00, 0x00, 0x00, 0x00, 0x00, 0x00, 0x00, 0x00, 0x00, 0x00, 0x00, 0x00, 0x00, 0x00, 0x00, 0x00, 0x00, 0x00, 0x00, 0x00, 0x00, 0x00, 0x00, 0x00, 0x00, 0x00, 0x00, 0x00, 0x00, 0x00, 0x00, 0x00, 0x00, 0x00, 0x00, 0x00, 0x00, 0x00, 0x00, 0x00, 0x00, 0x00, 0x00, 0x00, 0x00, 0x00, 0x00, 0x00, 0x00, 0x00, 0x00, 0x00, 0x00, 0x00, 0x00 },
            { 0x00, 0x00, 0x00, 0x00, 0x00, 0x00, 0x00, 0x00, 0x00, 0x00, 0x00, 0x00, 0x00, 0x00, 0x00, 0x00, 0x00, 0x00, 0x00, 0x00, 0x00, 0x00, 0x00, 0x00, 0x00, 0x00, 0x00, 0x00, 0x00, 0x00, 0x00, 0x00, 0x00, 0x00, 0x00, 0x00, 0x00, 0x00, 0x00, 0x00, 0x00, 0x00, 0x00, 0x00, 0x00, 0x00, 0x00, 0x00, 0x00, 0x00, 0x00, 0x00, 0x00, 0x00, 0x00, 0x00, 0x00, 0x00, 0x00, 0x00, 0x00, 0x00, 0x00, 0x00 },
            { 0x00, 0x00, 0x00, 0x00, 0x00, 0x00, 0x00, 0x00, 0x00, 0x00, 0x00, 0x00, 0x00, 0x00, 0x00, 0x00, 0x00, 0x00, 0x00, 0x00, 0x00, 0x00, 0x00, 0x00, 0x00, 0x00, 0x00, 0x00, 0x00, 0x00, 0x00, 0x00, 0x00, 0x00, 0x00, 0x00, 0x00, 0x00, 0x00, 0x00, 0x00, 0x00, 0x00, 0x00, 0x00, 0x00, 0x00, 0x00, 0x00, 0x00, 0x00, 0x00, 0x00, 0x00, 0x00, 0x00, 0x00, 0x00, 0x00, 0x00, 0x00, 0x00, 0x00, 0x00 },
        },
        1,  /* expected_result */
        {  /* expected_aggsig */
            0xB0, 0x70, 0xAA, 0xFC, 0xEA, 0x43, 0x9A, 0x4F, 0x6F, 0x1B, 0xBF, 0xC2, 0xEB, 0x66, 0xD2, 0x9D,
            0x24, 0xB0, 0xCA, 0xB7, 0x4D, 0x6B, 0x74, 0x5C, 0x3C, 0xFB, 0x00, 0x9C, 0xC8, 0xFE, 0x4A, 0xA8,
            0xC9, 0xD9, 0xB1, 0xCC, 0xE8, 0xC0, 0xA9, 0x9A, 0xA7, 0x9F, 0x56, 0x18, 0x53, 0x58, 0xCD, 0x82,
            0xB7, 0x64, 0x9D, 0x61, 0x32, 0xDA, 0xAC, 0xB3, 0x16, 0x12, 0xC7, 0xC9, 0xB1, 0x4C, 0xE3, 0xA9,
            0xDF, 0x1D, 0x0E, 0xE0, 0x3A, 0x7E, 0x5D, 0x27, 0x4A, 0x85, 0x7B, 0xF0, 0x80, 0xC8, 0xBD, 0x3B,
            0x52, 0x44, 0xBC, 0x1A, 0x9D, 0x31, 0xF6, 0x60, 0xB8, 0xE2, 0x2F, 0x30, 0x92, 0x60, 0xFF, 0x26,
        },
        96,  /* expected_aggsig_len */
        "Two signatures"
    },
    {  /* BIP vector #3: Three signatures */
        3,  /* n */
        {  /* pubkeys */
            { 0x1B, 0x84, 0xC5, 0x56, 0x7B, 0x12, 0x64, 0x40, 0x99, 0x5D, 0x3E, 0xD5, 0xAA, 0xBA, 0x05, 0x65, 0xD7, 0x1E, 0x18, 0x34, 0x60, 0x48, 0x19, 0xFF, 0x9C, 0x17, 0xF5, 0xE9, 0xD5, 0xDD, 0x07, 0x8F },
            { 0x4D, 0x4B, 0x6C, 0xD1, 0x36, 0x10, 0x32, 0xCA, 0x9B, 0xD2, 0xAE, 0xB9, 0xD9, 0x00, 0xAA, 0x4D, 0x45, 0xD9, 0xEA, 0xD8, 0x0A, 0xC9, 0x42, 0x33, 0x74, 0xC4, 0x51, 0xA7, 0x25, 0x4D, 0x07, 0x66 },
            { 0x53, 0x1F, 0xE6, 0x06, 0x81, 0x34, 0x50, 0x3D, 0x27, 0x23, 0x13, 0x32, 0x27, 0xC8, 0x67, 0xAC, 0x8F, 0xA6, 0xC8, 0x3C, 0x53, 0x7E, 0x9A, 0x44, 0xC3, 0xC5, 0xBD, 0xBD, 0xCB, 0x1F, 0xE3, 0x37 },
            { 0x00, 0x00, 0x00, 0x00, 0x00, 0x00, 0x00, 0x00, 0x00, 0x00, 0x00, 0x00, 0x00, 0x00, 0x00, 0x00, 0x00, 0x00, 0x00, 0x00, 0x00, 0x00, 0x00, 0x00, 0x00, 0x00, 0x00, 0x00, 0x00, 0x00, 0x00, 0x00 },
            { 0x00, 0x00, 0x00, 0x00, 0x00, 0x00, 0x00, 0x00, 0x00, 0x00, 0x00, 0x00, 0x00, 0x00, 0x00, 0x00, 0x00, 0x00, 0x00, 0x00, 0x00, 0x00, 0x00, 0x00, 0x00, 0x00, 0x00, 0x00, 0x00, 0x00, 0x00, 0x00 },
        },
        {  /* msgs */
            { 0x02, 0x02, 0x02, 0x02, 0x02, 0x02, 0x02, 0x02, 0x02, 0x02, 0x02, 0x02, 0x02, 0x02, 0x02, 0x02, 0x02, 0x02, 0x02, 0x02, 0x02, 0x02, 0x02, 0x02, 0x02, 0x02, 0x02, 0x02, 0x02, 0x02, 0x02, 0x02 },
            { 0x03, 0x03, 0x03, 0x03, 0x03, 0x03, 0x03, 0x03, 0x03, 0x03, 0x03, 0x03, 0x03, 0x03, 0x03, 0x03, 0x03, 0x03, 0x03, 0x03, 0x03, 0x03, 0x03, 0x03, 0x03, 0x03, 0x03, 0x03, 0x03, 0x03, 0x03, 0x03 },
            { 0x04, 0x04, 0x04, 0x04, 0x04, 0x04, 0x04, 0x04, 0x04, 0x04, 0x04, 0x04, 0x04, 0x04, 0x04, 0x04, 0x04, 0x04, 0x04, 0x04, 0x04, 0x04, 0x04, 0x04, 0x04, 0x04, 0x04, 0x04, 0x04, 0x04, 0x04, 0x04 },
            { 0x00, 0x00, 0x00, 0x00, 0x00, 0x00, 0x00, 0x00, 0x00, 0x00, 0x00, 0x00, 0x00, 0x00, 0x00, 0x00, 0x00, 0x00, 0x00, 0x00, 0x00, 0x00, 0x00, 0x00, 0x00, 0x00, 0x00, 0x00, 0x00, 0x00, 0x00, 0x00 },
            { 0x00, 0x00, 0x00, 0x00, 0x00, 0x00, 0x00, 0x00, 0x00, 0x00, 0x00, 0x00, 0x00, 0x00, 0x00, 0x00, 0x00, 0x00, 0x00, 0x00, 0x00, 0x00, 0x00, 0x00, 0x00, 0x00, 0x00, 0x00, 0x00, 0x00, 0x00, 0x00 },
        },
        {  /* sigs */
            { 0xB0, 0x70, 0xAA, 0xFC, 0xEA, 0x43, 0x9A, 0x4F, 0x6F, 0x1B, 0xBF, 0xC2, 0xEB, 0x66, 0xD2, 0x9D, 0x24, 0xB0, 0xCA, 0xB7, 0x4D, 0x6B, 0x74, 0x5C, 0x3C, 0xFB, 0x00, 0x9C, 0xC8, 0xFE, 0x4A, 0xA8, 0x0E, 0x06, 0x6C, 0x34, 0x81, 0x99, 0x36, 0x54, 0x9F, 0xF4, 0x9B, 0x6F, 0xD4, 0xD4, 0x1E, 0xDF, 0xC4, 0x01, 0xA3, 0x67, 0xB8, 0x7D, 0xDD, 0x59, 0xFE, 0xE3, 0x81, 0x77, 0x96, 0x1C, 0x22, 0x5F },
            { 0xC9, 0xD9, 0xB1, 0xCC, 0xE8, 0xC0, 0xA9, 0x9A, 0xA7, 0x9F, 0x56, 0x18, 0x53, 0x58, 0xCD, 0x82, 0xB7, 0x64, 0x9D, 0x61, 0x32, 0xDA, 0xAC, 0xB3, 0x16, 0x12, 0xC7, 0xC9, 0xB1, 0x4C, 0xE3, 0xA9, 0x23, 0x34, 0x28, 0xAE, 0xB7, 0x74, 0x68, 0x85, 0x25, 0x20, 0xB0, 0x25, 0x6D, 0xE8, 0x45, 0x62, 0xA2, 0x96, 0x29, 0x19, 0x4D, 0xAE, 0xAC, 0x45, 0x44, 0x4C, 0x77, 0x11, 0xCD, 0x37, 0x9E, 0x57 },
            { 0xF6, 0x2B, 0x58, 0xB1, 0x90, 0x81, 0x97, 0xB6, 0xD7, 0x32, 0xF0, 0x56, 0x4A, 0xD2, 0xAD, 0x5C, 0x6E, 0x43, 0x8D, 0x24, 0xC6, 0x5A, 0xF7, 0x58, 0xDA, 0x9A, 0xCC, 0xCC, 0xCF, 0x5B, 0x3F, 0x92, 0x3A, 0x17, 0xEA, 0x0C, 0xD5, 0x6E, 0xD3, 0xA8, 0x24, 0xAA, 0x14, 0xBC, 0x67, 0x83, 0x9C, 0xED, 0x46, 0x5B, 0xA5, 0x26, 0x97, 0x00, 0xF6, 0x00, 0xED, 0xFC, 0x3D, 0xAA, 0xC8, 0xA6, 0xB0, 0x69 },
            { 0x00, 0x00, 0x00, 0x00, 0x00, 0x00, 0x00, 0x00, 0x00, 0x00, 0x00, 0x00, 0x00, 0x00, 0x00, 0x00, 0x00, 0x00, 0x00, 0x00, 0x00, 0x00, 0x00, 0x00, 0x00, 0x00, 0x00, 0x00, 0x00, 0x00, 0x00, 0x00, 0x00, 0x00, 0x00, 0x00, 0x00, 0x00, 0x00, 0x00, 0x00, 0x00, 0x00, 0x00, 0x00, 0x00, 0x00, 0x00, 0x00, 0x00, 0x00, 0x00, 0x00, 0x00, 0x00, 0x00, 0x00, 0x00, 0x00, 0x00, 0x00, 0x00, 0x00, 0x00 },
            { 0x00, 0x00, 0x00, 0x00, 0x00, 0x00, 0x00, 0x00, 0x00, 0x00, 0x00, 0x00, 0x00, 0x00, 0x00, 0x00, 0x00, 0x00, 0x00, 0x00, 0x00, 0x00, 0x00, 0x00, 0x00, 0x00, 0x00, 0x00, 0x00, 0x00, 0x00, 0x00, 0x00, 0x00, 0x00, 0x00, 0x00, 0x00, 0x00, 0x00, 0x00, 0x00, 0x00, 0x00, 0x00, 0x00, 0x00, 0x00, 0x00, 0x00, 0x00, 0x00, 0x00, 0x00, 0x00, 0x00, 0x00, 0x00, 0x00, 0x00, 0x00, 0x00, 0x00, 0x00 },
        },
        1,  /* expected_result */
        {  /* expected_aggsig */
            0xB0, 0x70, 0xAA, 0xFC, 0xEA, 0x43, 0x9A, 0x4F, 0x6F, 0x1B, 0xBF, 0xC2, 0xEB, 0x66, 0xD2, 0x9D,
            0x24, 0xB0, 0xCA, 0xB7, 0x4D, 0x6B, 0x74, 0x5C, 0x3C, 0xFB, 0x00, 0x9C, 0xC8, 0xFE, 0x4A, 0xA8,
            0xC9, 0xD9, 0xB1, 0xCC, 0xE8, 0xC0, 0xA9, 0x9A, 0xA7, 0x9F, 0x56, 0x18, 0x53, 0x58, 0xCD, 0x82,
            0xB7, 0x64, 0x9D, 0x61, 0x32, 0xDA, 0xAC, 0xB3, 0x16, 0x12, 0xC7, 0xC9, 0xB1, 0x4C, 0xE3, 0xA9,
            0xF6, 0x2B, 0x58, 0xB1, 0x90, 0x81, 0x97, 0xB6, 0xD7, 0x32, 0xF0, 0x56, 0x4A, 0xD2, 0xAD, 0x5C,
            0x6E, 0x43, 0x8D, 0x24, 0xC6, 0x5A, 0xF7, 0x58, 0xDA, 0x9A, 0xCC, 0xCC, 0xCF, 0x5B, 0x3F, 0x92,
            0xF6, 0x9F, 0x0D, 0xB5, 0x95, 0x93, 0x4B, 0xE9, 0x77, 0x71, 0xDE, 0xF1, 0x14, 0x96, 0x2A, 0x92,
            0x77, 0x86, 0x1B, 0xFD, 0x58, 0x58, 0xD2, 0xE3, 0x64, 0xDC, 0xCF, 0x30, 0x26, 0x6F, 0x8C, 0xD4,
        },
        128,  /* expected_aggsig_len */
        "Three signatures"
    },
    {  /* BIP vector #4: Five signatures */
        5,  /* n */
        {  /* pubkeys */
            { 0x1B, 0x84, 0xC5, 0x56, 0x7B, 0x12, 0x64, 0x40, 0x99, 0x5D, 0x3E, 0xD5, 0xAA, 0xBA, 0x05, 0x65, 0xD7, 0x1E, 0x18, 0x34, 0x60, 0x48, 0x19, 0xFF, 0x9C, 0x17, 0xF5, 0xE9, 0xD5, 0xDD, 0x07, 0x8F },
            { 0x4D, 0x4B, 0x6C, 0xD1, 0x36, 0x10, 0x32, 0xCA, 0x9B, 0xD2, 0xAE, 0xB9, 0xD9, 0x00, 0xAA, 0x4D, 0x45, 0xD9, 0xEA, 0xD8, 0x0A, 0xC9, 0x42, 0x33, 0x74, 0xC4, 0x51, 0xA7, 0x25, 0x4D, 0x07, 0x66 },
            { 0x53, 0x1F, 0xE6, 0x06, 0x81, 0x34, 0x50, 0x3D, 0x27, 0x23, 0x13, 0x32, 0x27, 0xC8, 0x67, 0xAC, 0x8F, 0xA6, 0xC8, 0x3C, 0x53, 0x7E, 0x9A, 0x44, 0xC3, 0xC5, 0xBD, 0xBD, 0xCB, 0x1F, 0xE3, 0x37 },
            { 0x46, 0x27, 0x79, 0xAD, 0x4A, 0xAD, 0x39, 0x51, 0x46, 0x14, 0x75, 0x1A, 0x71, 0x08, 0x5F, 0x2F, 0x10, 0xE1, 0xC7, 0xA5, 0x93, 0xE4, 0xE0, 0x30, 0xEF, 0xB5, 0xB8, 0x72, 0x1C, 0xE5, 0x5B, 0x0B },
            { 0x62, 0xC0, 0xA0, 0x46, 0xDA, 0xCC, 0xE8, 0x6D, 0xDD, 0x03, 0x43, 0xC6, 0xD3, 0xC7, 0xC7, 0x9C, 0x22, 0x08, 0xBA, 0x0D, 0x9C, 0x9C, 0xF2, 0x4A, 0x6D, 0x04, 0x6D, 0x21, 0xD2, 0x1F, 0x90, 0xF7 },
        },
        {  /* msgs */
            { 0x02, 0x02, 0x02, 0x02, 0x02, 0x02, 0x02, 0x02, 0x02, 0x02, 0x02, 0x02, 0x02, 0x02, 0x02, 0x02, 0x02, 0x02, 0x02, 0x02, 0x02, 0x02, 0x02, 0x02, 0x02, 0x02, 0x02, 0x02, 0x02, 0x02, 0x02, 0x02 },
            { 0x03, 0x03, 0x03, 0x03, 0x03, 0x03, 0x03, 0x03, 0x03, 0x03, 0x03, 0x03, 0x03, 0x03, 0x03, 0x03, 0x03, 0x03, 0x03, 0x03, 0x03, 0x03, 0x03, 0x03, 0x03, 0x03, 0x03, 0x03, 0x03, 0x03, 0x03, 0x03 },
            { 0x04, 0x04, 0x04, 0x04, 0x04, 0x04, 0x04, 0x04, 0x04, 0x04, 0x04, 0x04, 0x04, 0x04, 0x04, 0x04, 0x04, 0x04, 0x04, 0x04, 0x04, 0x04, 0x04, 0x04, 0x04, 0x04, 0x04, 0x04, 0x04, 0x04, 0x04, 0x04 },
            { 0x05, 0x05, 0x05, 0x05, 0x05, 0x05, 0x05, 0x05, 0x05, 0x05, 0x05, 0x05, 0x05, 0x05, 0x05, 0x05, 0x05, 0x05, 0x05, 0x05, 0x05, 0x05, 0x05, 0x05, 0x05, 0x05, 0x05, 0x05, 0x05, 0x05, 0x05, 0x05 },
            { 0x06, 0x06, 0x06, 0x06, 0x06, 0x06, 0x06, 0x06, 0x06, 0x06, 0x06, 0x06, 0x06, 0x06, 0x06, 0x06, 0x06, 0x06, 0x06, 0x06, 0x06, 0x06, 0x06, 0x06, 0x06, 0x06, 0x06, 0x06, 0x06, 0x06, 0x06, 0x06 },
        },
        {  /* sigs */
            { 0xB0, 0x70, 0xAA, 0xFC, 0xEA, 0x43, 0x9A, 0x4F, 0x6F, 0x1B, 0xBF, 0xC2, 0xEB, 0x66, 0xD2, 0x9D, 0x24, 0xB0, 0xCA, 0xB7, 0x4D, 0x6B, 0x74, 0x5C, 0x3C, 0xFB, 0x00, 0x9C, 0xC8, 0xFE, 0x4A, 0xA8, 0x0E, 0x06, 0x6C, 0x34, 0x81, 0x99, 0x36, 0x54, 0x9F, 0xF4, 0x9B, 0x6F, 0xD4, 0xD4, 0x1E, 0xDF, 0xC4, 0x01, 0xA3, 0x67, 0xB8, 0x7D, 0xDD, 0x59, 0xFE, 0xE3, 0x81, 0x77, 0x96, 0x1C, 0x22, 0x5F },
            { 0xC9, 0xD9, 0xB1, 0xCC, 0xE8, 0xC0, 0xA9, 0x9A, 0xA7, 0x9F, 0x56, 0x18, 0x53, 0x58, 0xCD, 0x82, 0xB7, 0x64, 0x9D, 0x61, 0x32, 0xDA, 0xAC, 0xB3, 0x16, 0x12, 0xC7, 0xC9, 0xB1, 0x4C, 0xE3, 0xA9, 0x23, 0x34, 0x28, 0xAE, 0xB7, 0x74, 0x68, 0x85, 0x25, 0x20, 0xB0, 0x25, 0x6D, 0xE8, 0x45, 0x62, 0xA2, 0x96, 0x29, 0x19, 0x4D, 0xAE, 0xAC, 0x45, 0x44, 0x4C, 0x77, 0x11, 0xCD, 0x37, 0x9E, 0x57 },
            { 0xF6, 0x2B, 0x58, 0xB1, 0x90, 0x81, 0x97, 0xB6, 0xD7, 0x32, 0xF0, 0x56, 0x4A, 0xD2, 0xAD, 0x5C, 0x6E, 0x43, 0x8D, 0x24, 0xC6, 0x5A, 0xF7, 0x58, 0xDA, 0x9A, 0xCC, 0xCC, 0xCF, 0x5B, 0x3F, 0x92, 0x3A, 0x17, 0xEA, 0x0C, 0xD5, 0x6E, 0xD3, 0xA8, 0x24, 0xAA, 0x14, 0xBC, 0x67, 0x83, 0x9C, 0xED, 0x46, 0x5B, 0xA5, 0x26, 0x97, 0x00, 0xF6, 0x00, 0xED, 0xFC, 0x3D, 0xAA, 0xC8, 0xA6, 0xB0, 0x69 },
            { 0xA3, 0xAF, 0xBD, 0xB4, 0x5A, 0x6A, 0x34, 0xBF, 0x7C, 0x8C, 0x00, 0xF1, 0xB6, 0xD7, 0xE7, 0xD3, 0x75, 0xB5, 0x45, 0x40, 0xF1, 0x37, 0x16, 0xC8, 0x7B, 0x62, 0xE5, 0x1E, 0x2F, 0x4F, 0x22, 0xFF, 0x3E, 0x57, 0xDF, 0x85, 0x95, 0x81, 0x38, 0x3F, 0xA5, 0x3C, 0x56, 0x4B, 0xC7, 0x2E, 0xC8, 0xA6, 0x01, 0x45, 0xC5, 0x02, 0xE9, 0x1B, 0x0B, 0x50, 0x8A, 0x6F, 0x1B, 0xD7, 0x96, 0x1F, 0xC4, 0x5D },
            { 0xC1, 0x31, 0x9F, 0x37, 0x43, 0xA9, 0xB8, 0xA5, 0xA3, 0x04, 0x08, 0xFA, 0x90, 0xE9, 0x6B, 0x3A, 0x8B, 0xB3, 0xFD, 0x4F, 0xF5, 0xB7, 0x90, 0x93, 0x5C, 0x46, 0x5D, 0xDC, 0x68, 0x85, 0x9B, 0x29, 0x35, 0xB8, 0x7C, 0x95, 0x0E, 0xB3, 0x99, 0xCC, 0xCD, 0x95, 0x6D, 0x5B, 0xE6, 0x32, 0x7B, 0x16, 0x4D, 0x4C, 0x40, 0x80, 0x67, 0x1A, 0x6B, 0x2C, 0xB3, 0x9F, 0xD6, 0xA7, 0x55, 0xC5, 0x98, 0x7E },
        },
        1,  /* expected_result */
        {  /* expected_aggsig */
            0xB0, 0x70, 0xAA, 0xFC, 0xEA, 0x43, 0x9A, 0x4F, 0x6F, 0x1B, 0xBF, 0xC2, 0xEB, 0x66, 0xD2, 0x9D,
            0x24, 0xB0, 0xCA, 0xB7, 0x4D, 0x6B, 0x74, 0x5C, 0x3C, 0xFB, 0x00, 0x9C, 0xC8, 0xFE, 0x4A, 0xA8,
            0xC9, 0xD9, 0xB1, 0xCC, 0xE8, 0xC0, 0xA9, 0x9A, 0xA7, 0x9F, 0x56, 0x18, 0x53, 0x58, 0xCD, 0x82,
            0xB7, 0x64, 0x9D, 0x61, 0x32, 0xDA, 0xAC, 0xB3, 0x16, 0x12, 0xC7, 0xC9, 0xB1, 0x4C, 0xE3, 0xA9,
            0xF6, 0x2B, 0x58, 0xB1, 0x90, 0x81, 0x97, 0xB6, 0xD7, 0x32, 0xF0, 0x56, 0x4A, 0xD2, 0xAD, 0x5C,
            0x6E, 0x43, 0x8D, 0x24, 0xC6, 0x5A, 0xF7, 0x58, 0xDA, 0x9A, 0xCC, 0xCC, 0xCF, 0x5B, 0x3F, 0x92,
            0xA3, 0xAF, 0xBD, 0xB4, 0x5A, 0x6A, 0x34, 0xBF, 0x7C, 0x8C, 0x00, 0xF1, 0xB6, 0xD7, 0xE7, 0xD3,
            0x75, 0xB5, 0x45, 0x40, 0xF1, 0x37, 0x16, 0xC8, 0x7B, 0x62, 0xE5, 0x1E, 0x2F, 0x4F, 0x22, 0xFF,
            0xC1, 0x31, 0x9F, 0x37, 0x43, 0xA9, 0xB8, 0xA5, 0xA3, 0x04, 0x08, 0xFA, 0x90, 0xE9, 0x6B, 0x3A,
            0x8B, 0xB3, 0xFD, 0x4F, 0xF5, 0xB7, 0x90, 0x93, 0x5C, 0x46, 0x5D, 0xDC, 0x68, 0x85, 0x9B, 0x29,
            0x3B, 0xCB, 0x7A, 0x26, 0x4B, 0xF1, 0x87, 0x58, 0xB6, 0x61, 0x72, 0xF5, 0xA5, 0x6A, 0xF9, 0x8A,
            0x0C, 0xED, 0xAF, 0x94, 0x4D, 0x09, 0x4E, 0xE3, 0x96, 0xA9, 0x41, 0xA0, 0x9F, 0x10, 0x01, 0x5A,
        },
        192,  /* expected_aggsig_len */
        "Five signatures"
    },
    {  /* BIP vector #5: Strange aggregation - invalid individual sigs, valid aggregate */
        2,  /* n */
        {  /* pubkeys */
            { 0x1B, 0x84, 0xC5, 0x56, 0x7B, 0x12, 0x64, 0x40, 0x99, 0x5D, 0x3E, 0xD5, 0xAA, 0xBA, 0x05, 0x65, 0xD7, 0x1E, 0x18, 0x34, 0x60, 0x48, 0x19, 0xFF, 0x9C, 0x17, 0xF5, 0xE9, 0xD5, 0xDD, 0x07, 0x8F },
            { 0x4D, 0x4B, 0x6C, 0xD1, 0x36, 0x10, 0x32, 0xCA, 0x9B, 0xD2, 0xAE, 0xB9, 0xD9, 0x00, 0xAA, 0x4D, 0x45, 0xD9, 0xEA, 0xD8, 0x0A, 0xC9, 0x42, 0x33, 0x74, 0xC4, 0x51, 0xA7, 0x25, 0x4D, 0x07, 0x66 },
            { 0x00, 0x00, 0x00, 0x00, 0x00, 0x00, 0x00, 0x00, 0x00, 0x00, 0x00, 0x00, 0x00, 0x00, 0x00, 0x00, 0x00, 0x00, 0x00, 0x00, 0x00, 0x00, 0x00, 0x00, 0x00, 0x00, 0x00, 0x00, 0x00, 0x00, 0x00, 0x00 },
            { 0x00, 0x00, 0x00, 0x00, 0x00, 0x00, 0x00, 0x00, 0x00, 0x00, 0x00, 0x00, 0x00, 0x00, 0x00, 0x00, 0x00, 0x00, 0x00, 0x00, 0x00, 0x00, 0x00, 0x00, 0x00, 0x00, 0x00, 0x00, 0x00, 0x00, 0x00, 0x00 },
            { 0x00, 0x00, 0x00, 0x00, 0x00, 0x00, 0x00, 0x00, 0x00, 0x00, 0x00, 0x00, 0x00, 0x00, 0x00, 0x00, 0x00, 0x00, 0x00, 0x00, 0x00, 0x00, 0x00, 0x00, 0x00, 0x00, 0x00, 0x00, 0x00, 0x00, 0x00, 0x00 },
        },
        {  /* msgs */
            { 0x02, 0x02, 0x02, 0x02, 0x02, 0x02, 0x02, 0x02, 0x02, 0x02, 0x02, 0x02, 0x02, 0x02, 0x02, 0x02, 0x02, 0x02, 0x02, 0x02, 0x02, 0x02, 0x02, 0x02, 0x02, 0x02, 0x02, 0x02, 0x02, 0x02, 0x02, 0x02 },
            { 0x03, 0x03, 0x03, 0x03, 0x03, 0x03, 0x03, 0x03, 0x03, 0x03, 0x03, 0x03, 0x03, 0x03, 0x03, 0x03, 0x03, 0x03, 0x03, 0x03, 0x03, 0x03, 0x03, 0x03, 0x03, 0x03, 0x03, 0x03, 0x03, 0x03, 0x03, 0x03 },
            { 0x00, 0x00, 0x00, 0x00, 0x00, 0x00, 0x00, 0x00, 0x00, 0x00, 0x00, 0x00, 0x00, 0x00, 0x00, 0x00, 0x00, 0x00, 0x00, 0x00, 0x00, 0x00, 0x00, 0x00, 0x00, 0x00, 0x00, 0x00, 0x00, 0x00, 0x00, 0x00 },
            { 0x00, 0x00, 0x00, 0x00, 0x00, 0x00, 0x00, 0x00, 0x00, 0x00, 0x00, 0x00, 0x00, 0x00, 0x00, 0x00, 0x00, 0x00, 0x00, 0x00, 0x00, 0x00, 0x00, 0x00, 0x00, 0x00, 0x00, 0x00, 0x00, 0x00, 0x00, 0x00 },
            { 0x00, 0x00, 0x00, 0x00, 0x00, 0x00, 0x00, 0x00, 0x00, 0x00, 0x00, 0x00, 0x00, 0x00, 0x00, 0x00, 0x00, 0x00, 0x00, 0x00, 0x00, 0x00, 0x00, 0x00, 0x00, 0x00, 0x00, 0x00, 0x00, 0x00, 0x00, 0x00 },
        },
        {  /* sigs */
            { 0xB0, 0x70, 0xAA, 0xFC, 0xEA, 0x43, 0x9A, 0x4F, 0x6F, 0x1B, 0xBF, 0xC2, 0xEB, 0x66, 0xD2, 0x9D, 0x24, 0xB0, 0xCA, 0xB7, 0x4D, 0x6B, 0x74, 0x5C, 0x3C, 0xFB, 0x00, 0x9C, 0xC8, 0xFE, 0x4A, 0xA8, 0xA6, 0x3C, 0x71, 0xB6, 0xF2, 0xAE, 0x3F, 0xFC, 0x87, 0x34, 0xB4, 0x7B, 0x77, 0xA4, 0xF5, 0xF6, 0xC0, 0x27, 0x4D, 0x76, 0x54, 0xBE, 0xC2, 0xC0, 0xD7, 0x5E, 0x69, 0xA9, 0x48, 0x92, 0xC0, 0x4A },
            { 0xC9, 0xD9, 0xB1, 0xCC, 0xE8, 0xC0, 0xA9, 0x9A, 0xA7, 0x9F, 0x56, 0x18, 0x53, 0x58, 0xCD, 0x82, 0xB7, 0x64, 0x9D, 0x61, 0x32, 0xDA, 0xAC, 0xB3, 0x16, 0x12, 0xC7, 0xC9, 0xB1, 0x4C, 0xE3, 0xA9, 0x12, 0x34, 0x56, 0x78, 0x9A, 0xBC, 0xDE, 0xF0, 0x12, 0x34, 0x56, 0x78, 0x9A, 0xBC, 0xDE, 0xF0, 0x12, 0x34, 0x56, 0x78, 0x9A, 0xBC, 0xDE, 0xF0, 0x12, 0x34, 0x56, 0x78, 0x9A, 0xBC, 0xDE, 0xF0 },
            { 0x00, 0x00, 0x00, 0x00, 0x00, 0x00, 0x00, 0x00, 0x00, 0x00, 0x00, 0x00, 0x00, 0x00, 0x00, 0x00, 0x00, 0x00, 0x00, 0x00, 0x00, 0x00, 0x00, 0x00, 0x00, 0x00, 0x00, 0x00, 0x00, 0x00, 0x00, 0x00, 0x00, 0x00, 0x00, 0x00, 0x00, 0x00, 0x00, 0x00, 0x00, 0x00, 0x00, 0x00, 0x00, 0x00, 0x00, 0x00, 0x00, 0x00, 0x00, 0x00, 0x00, 0x00, 0x00, 0x00, 0x00, 0x00, 0x00, 0x00, 0x00, 0x00, 0x00, 0x00 },
            { 0x00, 0x00, 0x00, 0x00, 0x00, 0x00, 0x00, 0x00, 0x00, 0x00, 0x00, 0x00, 0x00, 0x00, 0x00, 0x00, 0x00, 0x00, 0x00, 0x00, 0x00, 0x00, 0x00, 0x00, 0x00, 0x00, 0x00, 0x00, 0x00, 0x00, 0x00, 0x00, 0x00, 0x00, 0x00, 0x00, 0x00, 0x00, 0x00, 0x00, 0x00, 0x00, 0x00, 0x00, 0x00, 0x00, 0x00, 0x00, 0x00, 0x00, 0x00, 0x00, 0x00, 0x00, 0x00, 0x00, 0x00, 0x00, 0x00, 0x00, 0x00, 0x00, 0x00, 0x00 },
            { 0x00, 0x00, 0x00, 0x00, 0x00, 0x00, 0x00, 0x00, 0x00, 0x00, 0x00, 0x00, 0x00, 0x00, 0x00, 0x00, 0x00, 0x00, 0x00, 0x00, 0x00, 0x00, 0x00, 0x00, 0x00, 0x00, 0x00, 0x00, 0x00, 0x00, 0x00, 0x00, 0x00, 0x00, 0x00, 0x00, 0x00, 0x00, 0x00, 0x00, 0x00, 0x00, 0x00, 0x00, 0x00, 0x00, 0x00, 0x00, 0x00, 0x00, 0x00, 0x00, 0x00, 0x00, 0x00, 0x00, 0x00, 0x00, 0x00, 0x00, 0x00, 0x00, 0x00, 0x00 },
        },
        1,  /* expected_result */
        {  /* expected_aggsig */
            0xB0, 0x70, 0xAA, 0xFC, 0xEA, 0x43, 0x9A, 0x4F, 0x6F, 0x1B, 0xBF, 0xC2, 0xEB, 0x66, 0xD2, 0x9D,
            0x24, 0xB0, 0xCA, 0xB7, 0x4D, 0x6B, 0x74, 0x5C, 0x3C, 0xFB, 0x00, 0x9C, 0xC8, 0xFE, 0x4A, 0xA8,
            0xC9, 0xD9, 0xB1, 0xCC, 0xE8, 0xC0, 0xA9, 0x9A, 0xA7, 0x9F, 0x56, 0x18, 0x53, 0x58, 0xCD, 0x82,
            0xB7, 0x64, 0x9D, 0x61, 0x32, 0xDA, 0xAC, 0xB3, 0x16, 0x12, 0xC7, 0xC9, 0xB1, 0x4C, 0xE3, 0xA9,
            0xDF, 0x1D, 0x0E, 0xE0, 0x3A, 0x7E, 0x5D, 0x27, 0x4A, 0x85, 0x7B, 0xF0, 0x80, 0xC8, 0xBD, 0x3B,
            0x52, 0x44, 0xBC, 0x1A, 0x9D, 0x31, 0xF6, 0x60, 0xB8, 0xE2, 0x2F, 0x30, 0x92, 0x60, 0xFF, 0x26,
        },
        96,  /* expected_aggsig_len */
        "Strange aggregation - invalid individual sigs, valid aggregate"
    },
    {  /* BIP vector #6: Signature s = n (at boundary) */
        1,  /* n */
        {  /* pubkeys */
            { 0x1B, 0x84, 0xC5, 0x56, 0x7B, 0x12, 0x64, 0x40, 0x99, 0x5D, 0x3E, 0xD5, 0xAA, 0xBA, 0x05, 0x65, 0xD7, 0x1E, 0x18, 0x34, 0x60, 0x48, 0x19, 0xFF, 0x9C, 0x17, 0xF5, 0xE9, 0xD5, 0xDD, 0x07, 0x8F },
            { 0x00, 0x00, 0x00, 0x00, 0x00, 0x00, 0x00, 0x00, 0x00, 0x00, 0x00, 0x00, 0x00, 0x00, 0x00, 0x00, 0x00, 0x00, 0x00, 0x00, 0x00, 0x00, 0x00, 0x00, 0x00, 0x00, 0x00, 0x00, 0x00, 0x00, 0x00, 0x00 },
            { 0x00, 0x00, 0x00, 0x00, 0x00, 0x00, 0x00, 0x00, 0x00, 0x00, 0x00, 0x00, 0x00, 0x00, 0x00, 0x00, 0x00, 0x00, 0x00, 0x00, 0x00, 0x00, 0x00, 0x00, 0x00, 0x00, 0x00, 0x00, 0x00, 0x00, 0x00, 0x00 },
            { 0x00, 0x00, 0x00, 0x00, 0x00, 0x00, 0x00, 0x00, 0x00, 0x00, 0x00, 0x00, 0x00, 0x00, 0x00, 0x00, 0x00, 0x00, 0x00, 0x00, 0x00, 0x00, 0x00, 0x00, 0x00, 0x00, 0x00, 0x00, 0x00, 0x00, 0x00, 0x00 },
            { 0x00, 0x00, 0x00, 0x00, 0x00, 0x00, 0x00, 0x00, 0x00, 0x00, 0x00, 0x00, 0x00, 0x00, 0x00, 0x00, 0x00, 0x00, 0x00, 0x00, 0x00, 0x00, 0x00, 0x00, 0x00, 0x00, 0x00, 0x00, 0x00, 0x00, 0x00, 0x00 },
        },
        {  /* msgs */
            { 0x02, 0x02, 0x02, 0x02, 0x02, 0x02, 0x02, 0x02, 0x02, 0x02, 0x02, 0x02, 0x02, 0x02, 0x02, 0x02, 0x02, 0x02, 0x02, 0x02, 0x02, 0x02, 0x02, 0x02, 0x02, 0x02, 0x02, 0x02, 0x02, 0x02, 0x02, 0x02 },
            { 0x00, 0x00, 0x00, 0x00, 0x00, 0x00, 0x00, 0x00, 0x00, 0x00, 0x00, 0x00, 0x00, 0x00, 0x00, 0x00, 0x00, 0x00, 0x00, 0x00, 0x00, 0x00, 0x00, 0x00, 0x00, 0x00, 0x00, 0x00, 0x00, 0x00, 0x00, 0x00 },
            { 0x00, 0x00, 0x00, 0x00, 0x00, 0x00, 0x00, 0x00, 0x00, 0x00, 0x00, 0x00, 0x00, 0x00, 0x00, 0x00, 0x00, 0x00, 0x00, 0x00, 0x00, 0x00, 0x00, 0x00, 0x00, 0x00, 0x00, 0x00, 0x00, 0x00, 0x00, 0x00 },
            { 0x00, 0x00, 0x00, 0x00, 0x00, 0x00, 0x00, 0x00, 0x00, 0x00, 0x00, 0x00, 0x00, 0x00, 0x00, 0x00, 0x00, 0x00, 0x00, 0x00, 0x00, 0x00, 0x00, 0x00, 0x00, 0x00, 0x00, 0x00, 0x00, 0x00, 0x00, 0x00 },
            { 0x00, 0x00, 0x00, 0x00, 0x00, 0x00, 0x00, 0x00, 0x00, 0x00, 0x00, 0x00, 0x00, 0x00, 0x00, 0x00, 0x00, 0x00, 0x00, 0x00, 0x00, 0x00, 0x00, 0x00, 0x00, 0x00, 0x00, 0x00, 0x00, 0x00, 0x00, 0x00 },
        },
        {  /* sigs */
            { 0xB0, 0x70, 0xAA, 0xFC, 0xEA, 0x43, 0x9A, 0x4F, 0x6F, 0x1B, 0xBF, 0xC2, 0xEB, 0x66, 0xD2, 0x9D, 0x24, 0xB0, 0xCA, 0xB7, 0x4D, 0x6B, 0x74, 0x5C, 0x3C, 0xFB, 0x00, 0x9C, 0xC8, 0xFE, 0x4A, 0xA8, 0xFF, 0xFF, 0xFF, 0xFF, 0xFF, 0xFF, 0xFF, 0xFF, 0xFF, 0xFF, 0xFF, 0xFF, 0xFF, 0xFF, 0xFF, 0xFE, 0xBA, 0xAE, 0xDC, 0xE6, 0xAF, 0x48, 0xA0, 0x3B, 0xBF, 0xD2, 0x5E, 0x8C, 0xD0, 0x36, 0x41, 0x41 },
            { 0x00, 0x00, 0x00, 0x00, 0x00, 0x00, 0x00, 0x00, 0x00, 0x00, 0x00, 0x00, 0x00, 0x00, 0x00, 0x00, 0x00, 0x00, 0x00, 0x00, 0x00, 0x00, 0x00, 0x00, 0x00, 0x00, 0x00, 0x00, 0x00, 0x00, 0x00, 0x00, 0x00, 0x00, 0x00, 0x00, 0x00, 0x00, 0x00, 0x00, 0x00, 0x00, 0x00, 0x00, 0x00, 0x00, 0x00, 0x00, 0x00, 0x00, 0x00, 0x00, 0x00, 0x00, 0x00, 0x00, 0x00, 0x00, 0x00, 0x00, 0x00, 0x00, 0x00, 0x00 },
            { 0x00, 0x00, 0x00, 0x00, 0x00, 0x00, 0x00, 0x00, 0x00, 0x00, 0x00, 0x00, 0x00, 0x00, 0x00, 0x00, 0x00, 0x00, 0x00, 0x00, 0x00, 0x00, 0x00, 0x00, 0x00, 0x00, 0x00, 0x00, 0x00, 0x00, 0x00, 0x00, 0x00, 0x00, 0x00, 0x00, 0x00, 0x00, 0x00, 0x00, 0x00, 0x00, 0x00, 0x00, 0x00, 0x00, 0x00, 0x00, 0x00, 0x00, 0x00, 0x00, 0x00, 0x00, 0x00, 0x00, 0x00, 0x00, 0x00, 0x00, 0x00, 0x00, 0x00, 0x00 },
            { 0x00, 0x00, 0x00, 0x00, 0x00, 0x00, 0x00, 0x00, 0x00, 0x00, 0x00, 0x00, 0x00, 0x00, 0x00, 0x00, 0x00, 0x00, 0x00, 0x00, 0x00, 0x00, 0x00, 0x00, 0x00, 0x00, 0x00, 0x00, 0x00, 0x00, 0x00, 0x00, 0x00, 0x00, 0x00, 0x00, 0x00, 0x00, 0x00, 0x00, 0x00, 0x00, 0x00, 0x00, 0x00, 0x00, 0x00, 0x00, 0x00, 0x00, 0x00, 0x00, 0x00, 0x00, 0x00, 0x00, 0x00, 0x00, 0x00, 0x00, 0x00, 0x00, 0x00, 0x00 },
            { 0x00, 0x00, 0x00, 0x00, 0x00, 0x00, 0x00, 0x00, 0x00, 0x00, 0x00, 0x00, 0x00, 0x00, 0x00, 0x00, 0x00, 0x00, 0x00, 0x00, 0x00, 0x00, 0x00, 0x00, 0x00, 0x00, 0x00, 0x00, 0x00, 0x00, 0x00, 0x00, 0x00, 0x00, 0x00, 0x00, 0x00, 0x00, 0x00, 0x00, 0x00, 0x00, 0x00, 0x00, 0x00, 0x00, 0x00, 0x00, 0x00, 0x00, 0x00, 0x00, 0x00, 0x00, 0x00, 0x00, 0x00, 0x00, 0x00, 0x00, 0x00, 0x00, 0x00, 0x00 },
        },
        0,  /* expected_result */
        { 0 },  /* expected_aggsig (empty) */
        0,  /* expected_aggsig_len */
        "Signature s = n (at boundary)"
    },
    {  /* BIP vector #7: Signature s > n */
        1,  /* n */
        {  /* pubkeys */
            { 0x1B, 0x84, 0xC5, 0x56, 0x7B, 0x12, 0x64, 0x40, 0x99, 0x5D, 0x3E, 0xD5, 0xAA, 0xBA, 0x05, 0x65, 0xD7, 0x1E, 0x18, 0x34, 0x60, 0x48, 0x19, 0xFF, 0x9C, 0x17, 0xF5, 0xE9, 0xD5, 0xDD, 0x07, 0x8F },
            { 0x00, 0x00, 0x00, 0x00, 0x00, 0x00, 0x00, 0x00, 0x00, 0x00, 0x00, 0x00, 0x00, 0x00, 0x00, 0x00, 0x00, 0x00, 0x00, 0x00, 0x00, 0x00, 0x00, 0x00, 0x00, 0x00, 0x00, 0x00, 0x00, 0x00, 0x00, 0x00 },
            { 0x00, 0x00, 0x00, 0x00, 0x00, 0x00, 0x00, 0x00, 0x00, 0x00, 0x00, 0x00, 0x00, 0x00, 0x00, 0x00, 0x00, 0x00, 0x00, 0x00, 0x00, 0x00, 0x00, 0x00, 0x00, 0x00, 0x00, 0x00, 0x00, 0x00, 0x00, 0x00 },
            { 0x00, 0x00, 0x00, 0x00, 0x00, 0x00, 0x00, 0x00, 0x00, 0x00, 0x00, 0x00, 0x00, 0x00, 0x00, 0x00, 0x00, 0x00, 0x00, 0x00, 0x00, 0x00, 0x00, 0x00, 0x00, 0x00, 0x00, 0x00, 0x00, 0x00, 0x00, 0x00 },
            { 0x00, 0x00, 0x00, 0x00, 0x00, 0x00, 0x00, 0x00, 0x00, 0x00, 0x00, 0x00, 0x00, 0x00, 0x00, 0x00, 0x00, 0x00, 0x00, 0x00, 0x00, 0x00, 0x00, 0x00, 0x00, 0x00, 0x00, 0x00, 0x00, 0x00, 0x00, 0x00 },
        },
        {  /* msgs */
            { 0x02, 0x02, 0x02, 0x02, 0x02, 0x02, 0x02, 0x02, 0x02, 0x02, 0x02, 0x02, 0x02, 0x02, 0x02, 0x02, 0x02, 0x02, 0x02, 0x02, 0x02, 0x02, 0x02, 0x02, 0x02, 0x02, 0x02, 0x02, 0x02, 0x02, 0x02, 0x02 },
            { 0x00, 0x00, 0x00, 0x00, 0x00, 0x00, 0x00, 0x00, 0x00, 0x00, 0x00, 0x00, 0x00, 0x00, 0x00, 0x00, 0x00, 0x00, 0x00, 0x00, 0x00, 0x00, 0x00, 0x00, 0x00, 0x00, 0x00, 0x00, 0x00, 0x00, 0x00, 0x00 },
            { 0x00, 0x00, 0x00, 0x00, 0x00, 0x00, 0x00, 0x00, 0x00, 0x00, 0x00, 0x00, 0x00, 0x00, 0x00, 0x00, 0x00, 0x00, 0x00, 0x00, 0x00, 0x00, 0x00, 0x00, 0x00, 0x00, 0x00, 0x00, 0x00, 0x00, 0x00, 0x00 },
            { 0x00, 0x00, 0x00, 0x00, 0x00, 0x00, 0x00, 0x00, 0x00, 0x00, 0x00, 0x00, 0x00, 0x00, 0x00, 0x00, 0x00, 0x00, 0x00, 0x00, 0x00, 0x00, 0x00, 0x00, 0x00, 0x00, 0x00, 0x00, 0x00, 0x00, 0x00, 0x00 },
            { 0x00, 0x00, 0x00, 0x00, 0x00, 0x00, 0x00, 0x00, 0x00, 0x00, 0x00, 0x00, 0x00, 0x00, 0x00, 0x00, 0x00, 0x00, 0x00, 0x00, 0x00, 0x00, 0x00, 0x00, 0x00, 0x00, 0x00, 0x00, 0x00, 0x00, 0x00, 0x00 },
        },
        {  /* sigs */
            { 0xB0, 0x70, 0xAA, 0xFC, 0xEA, 0x43, 0x9A, 0x4F, 0x6F, 0x1B, 0xBF, 0xC2, 0xEB, 0x66, 0xD2, 0x9D, 0x24, 0xB0, 0xCA, 0xB7, 0x4D, 0x6B, 0x74, 0x5C, 0x3C, 0xFB, 0x00, 0x9C, 0xC8, 0xFE, 0x4A, 0xA8, 0xFF, 0xFF, 0xFF, 0xFF, 0xFF, 0xFF, 0xFF, 0xFF, 0xFF, 0xFF, 0xFF, 0xFF, 0xFF, 0xFF, 0xFF, 0xFE, 0xBA, 0xAE, 0xDC, 0xE6, 0xAF, 0x48, 0xA0, 0x3B, 0xBF, 0xD2, 0x5E, 0x8C, 0xD0, 0x36, 0x45, 0x29 },
            { 0x00, 0x00, 0x00, 0x00, 0x00, 0x00, 0x00, 0x00, 0x00, 0x00, 0x00, 0x00, 0x00, 0x00, 0x00, 0x00, 0x00, 0x00, 0x00, 0x00, 0x00, 0x00, 0x00, 0x00, 0x00, 0x00, 0x00, 0x00, 0x00, 0x00, 0x00, 0x00, 0x00, 0x00, 0x00, 0x00, 0x00, 0x00, 0x00, 0x00, 0x00, 0x00, 0x00, 0x00, 0x00, 0x00, 0x00, 0x00, 0x00, 0x00, 0x00, 0x00, 0x00, 0x00, 0x00, 0x00, 0x00, 0x00, 0x00, 0x00, 0x00, 0x00, 0x00, 0x00 },
            { 0x00, 0x00, 0x00, 0x00, 0x00, 0x00, 0x00, 0x00, 0x00, 0x00, 0x00, 0x00, 0x00, 0x00, 0x00, 0x00, 0x00, 0x00, 0x00, 0x00, 0x00, 0x00, 0x00, 0x00, 0x00, 0x00, 0x00, 0x00, 0x00, 0x00, 0x00, 0x00, 0x00, 0x00, 0x00, 0x00, 0x00, 0x00, 0x00, 0x00, 0x00, 0x00, 0x00, 0x00, 0x00, 0x00, 0x00, 0x00, 0x00, 0x00, 0x00, 0x00, 0x00, 0x00, 0x00, 0x00, 0x00, 0x00, 0x00, 0x00, 0x00, 0x00, 0x00, 0x00 },
            { 0x00, 0x00, 0x00, 0x00, 0x00, 0x00, 0x00, 0x00, 0x00, 0x00, 0x00, 0x00, 0x00, 0x00, 0x00, 0x00, 0x00, 0x00, 0x00, 0x00, 0x00, 0x00, 0x00, 0x00, 0x00, 0x00, 0x00, 0x00, 0x00, 0x00, 0x00, 0x00, 0x00, 0x00, 0x00, 0x00, 0x00, 0x00, 0x00, 0x00, 0x00, 0x00, 0x00, 0x00, 0x00, 0x00, 0x00, 0x00, 0x00, 0x00, 0x00, 0x00, 0x00, 0x00, 0x00, 0x00, 0x00, 0x00, 0x00, 0x00, 0x00, 0x00, 0x00, 0x00 },
            { 0x00, 0x00, 0x00, 0x00, 0x00, 0x00, 0x00, 0x00, 0x00, 0x00, 0x00, 0x00, 0x00, 0x00, 0x00, 0x00, 0x00, 0x00, 0x00, 0x00, 0x00, 0x00, 0x00, 0x00, 0x00, 0x00, 0x00, 0x00, 0x00, 0x00, 0x00, 0x00, 0x00, 0x00, 0x00, 0x00, 0x00, 0x00, 0x00, 0x00, 0x00, 0x00, 0x00, 0x00, 0x00, 0x00, 0x00, 0x00, 0x00, 0x00, 0x00, 0x00, 0x00, 0x00, 0x00, 0x00, 0x00, 0x00, 0x00, 0x00, 0x00, 0x00, 0x00, 0x00 },
        },
        0,  /* expected_result */
        { 0 },  /* expected_aggsig (empty) */
        0,  /* expected_aggsig_len */
        "Signature s > n"
    },
    {  /* BIP vector #8: Signature s = 2^256 - 1 */
        1,  /* n */
        {  /* pubkeys */
            { 0x1B, 0x84, 0xC5, 0x56, 0x7B, 0x12, 0x64, 0x40, 0x99, 0x5D, 0x3E, 0xD5, 0xAA, 0xBA, 0x05, 0x65, 0xD7, 0x1E, 0x18, 0x34, 0x60, 0x48, 0x19, 0xFF, 0x9C, 0x17, 0xF5, 0xE9, 0xD5, 0xDD, 0x07, 0x8F },
            { 0x00, 0x00, 0x00, 0x00, 0x00, 0x00, 0x00, 0x00, 0x00, 0x00, 0x00, 0x00, 0x00, 0x00, 0x00, 0x00, 0x00, 0x00, 0x00, 0x00, 0x00, 0x00, 0x00, 0x00, 0x00, 0x00, 0x00, 0x00, 0x00, 0x00, 0x00, 0x00 },
            { 0x00, 0x00, 0x00, 0x00, 0x00, 0x00, 0x00, 0x00, 0x00, 0x00, 0x00, 0x00, 0x00, 0x00, 0x00, 0x00, 0x00, 0x00, 0x00, 0x00, 0x00, 0x00, 0x00, 0x00, 0x00, 0x00, 0x00, 0x00, 0x00, 0x00, 0x00, 0x00 },
            { 0x00, 0x00, 0x00, 0x00, 0x00, 0x00, 0x00, 0x00, 0x00, 0x00, 0x00, 0x00, 0x00, 0x00, 0x00, 0x00, 0x00, 0x00, 0x00, 0x00, 0x00, 0x00, 0x00, 0x00, 0x00, 0x00, 0x00, 0x00, 0x00, 0x00, 0x00, 0x00 },
            { 0x00, 0x00, 0x00, 0x00, 0x00, 0x00, 0x00, 0x00, 0x00, 0x00, 0x00, 0x00, 0x00, 0x00, 0x00, 0x00, 0x00, 0x00, 0x00, 0x00, 0x00, 0x00, 0x00, 0x00, 0x00, 0x00, 0x00, 0x00, 0x00, 0x00, 0x00, 0x00 },
        },
        {  /* msgs */
            { 0x02, 0x02, 0x02, 0x02, 0x02, 0x02, 0x02, 0x02, 0x02, 0x02, 0x02, 0x02, 0x02, 0x02, 0x02, 0x02, 0x02, 0x02, 0x02, 0x02, 0x02, 0x02, 0x02, 0x02, 0x02, 0x02, 0x02, 0x02, 0x02, 0x02, 0x02, 0x02 },
            { 0x00, 0x00, 0x00, 0x00, 0x00, 0x00, 0x00, 0x00, 0x00, 0x00, 0x00, 0x00, 0x00, 0x00, 0x00, 0x00, 0x00, 0x00, 0x00, 0x00, 0x00, 0x00, 0x00, 0x00, 0x00, 0x00, 0x00, 0x00, 0x00, 0x00, 0x00, 0x00 },
            { 0x00, 0x00, 0x00, 0x00, 0x00, 0x00, 0x00, 0x00, 0x00, 0x00, 0x00, 0x00, 0x00, 0x00, 0x00, 0x00, 0x00, 0x00, 0x00, 0x00, 0x00, 0x00, 0x00, 0x00, 0x00, 0x00, 0x00, 0x00, 0x00, 0x00, 0x00, 0x00 },
            { 0x00, 0x00, 0x00, 0x00, 0x00, 0x00, 0x00, 0x00, 0x00, 0x00, 0x00, 0x00, 0x00, 0x00, 0x00, 0x00, 0x00, 0x00, 0x00, 0x00, 0x00, 0x00, 0x00, 0x00, 0x00, 0x00, 0x00, 0x00, 0x00, 0x00, 0x00, 0x00 },
            { 0x00, 0x00, 0x00, 0x00, 0x00, 0x00, 0x00, 0x00, 0x00, 0x00, 0x00, 0x00, 0x00, 0x00, 0x00, 0x00, 0x00, 0x00, 0x00, 0x00, 0x00, 0x00, 0x00, 0x00, 0x00, 0x00, 0x00, 0x00, 0x00, 0x00, 0x00, 0x00 },
        },
        {  /* sigs */
            { 0xB0, 0x70, 0xAA, 0xFC, 0xEA, 0x43, 0x9A, 0x4F, 0x6F, 0x1B, 0xBF, 0xC2, 0xEB, 0x66, 0xD2, 0x9D, 0x24, 0xB0, 0xCA, 0xB7, 0x4D, 0x6B, 0x74, 0x5C, 0x3C, 0xFB, 0x00, 0x9C, 0xC8, 0xFE, 0x4A, 0xA8, 0xFF, 0xFF, 0xFF, 0xFF, 0xFF, 0xFF, 0xFF, 0xFF, 0xFF, 0xFF, 0xFF, 0xFF, 0xFF, 0xFF, 0xFF, 0xFF, 0xFF, 0xFF, 0xFF, 0xFF, 0xFF, 0xFF, 0xFF, 0xFF, 0xFF, 0xFF, 0xFF, 0xFF, 0xFF, 0xFF, 0xFF, 0xFF },
            { 0x00, 0x00, 0x00, 0x00, 0x00, 0x00, 0x00, 0x00, 0x00, 0x00, 0x00, 0x00, 0x00, 0x00, 0x00, 0x00, 0x00, 0x00, 0x00, 0x00, 0x00, 0x00, 0x00, 0x00, 0x00, 0x00, 0x00, 0x00, 0x00, 0x00, 0x00, 0x00, 0x00, 0x00, 0x00, 0x00, 0x00, 0x00, 0x00, 0x00, 0x00, 0x00, 0x00, 0x00, 0x00, 0x00, 0x00, 0x00, 0x00, 0x00, 0x00, 0x00, 0x00, 0x00, 0x00, 0x00, 0x00, 0x00, 0x00, 0x00, 0x00, 0x00, 0x00, 0x00 },
            { 0x00, 0x00, 0x00, 0x00, 0x00, 0x00, 0x00, 0x00, 0x00, 0x00, 0x00, 0x00, 0x00, 0x00, 0x00, 0x00, 0x00, 0x00, 0x00, 0x00, 0x00, 0x00, 0x00, 0x00, 0x00, 0x00, 0x00, 0x00, 0x00, 0x00, 0x00, 0x00, 0x00, 0x00, 0x00, 0x00, 0x00, 0x00, 0x00, 0x00, 0x00, 0x00, 0x00, 0x00, 0x00, 0x00, 0x00, 0x00, 0x00, 0x00, 0x00, 0x00, 0x00, 0x00, 0x00, 0x00, 0x00, 0x00, 0x00, 0x00, 0x00, 0x00, 0x00, 0x00 },
            { 0x00, 0x00, 0x00, 0x00, 0x00, 0x00, 0x00, 0x00, 0x00, 0x00, 0x00, 0x00, 0x00, 0x00, 0x00, 0x00, 0x00, 0x00, 0x00, 0x00, 0x00, 0x00, 0x00, 0x00, 0x00, 0x00, 0x00, 0x00, 0x00, 0x00, 0x00, 0x00, 0x00, 0x00, 0x00, 0x00, 0x00, 0x00, 0x00, 0x00, 0x00, 0x00, 0x00, 0x00, 0x00, 0x00, 0x00, 0x00, 0x00, 0x00, 0x00, 0x00, 0x00, 0x00, 0x00, 0x00, 0x00, 0x00, 0x00, 0x00, 0x00, 0x00, 0x00, 0x00 },
            { 0x00, 0x00, 0x00, 0x00, 0x00, 0x00, 0x00, 0x00, 0x00, 0x00, 0x00, 0x00, 0x00, 0x00, 0x00, 0x00, 0x00, 0x00, 0x00, 0x00, 0x00, 0x00, 0x00, 0x00, 0x00, 0x00, 0x00, 0x00, 0x00, 0x00, 0x00, 0x00, 0x00, 0x00, 0x00, 0x00, 0x00, 0x00, 0x00, 0x00, 0x00, 0x00, 0x00, 0x00, 0x00, 0x00, 0x00, 0x00, 0x00, 0x00, 0x00, 0x00, 0x00, 0x00, 0x00, 0x00, 0x00, 0x00, 0x00, 0x00, 0x00, 0x00, 0x00, 0x00 },
        },
        0,  /* expected_result */
        { 0 },  /* expected_aggsig (empty) */
        0,  /* expected_aggsig_len */
        "Signature s = 2^256 - 1"
    }
};

static const struct halfagg_incaggregate_vector halfagg_incaggregate_vectors[] = {
    {  /* BIP vector #0: Add single signature to empty aggregate */
        0,  /* n_before */
        1,  /* n_new */
        {  /* aggsig_in */
            0x00, 0x00, 0x00, 0x00, 0x00, 0x00, 0x00, 0x00, 0x00, 0x00, 0x00, 0x00, 0x00, 0x00, 0x00, 0x00,
            0x00, 0x00, 0x00, 0x00, 0x00, 0x00, 0x00, 0x00, 0x00, 0x00, 0x00, 0x00, 0x00, 0x00, 0x00, 0x00,
        },
        32,  /* aggsig_in_len */
        {  /* pubkeys (n_before + n_new) */
            { 0x1B, 0x84, 0xC5, 0x56, 0x7B, 0x12, 0x64, 0x40, 0x99, 0x5D, 0x3E, 0xD5, 0xAA, 0xBA, 0x05, 0x65, 0xD7, 0x1E, 0x18, 0x34, 0x60, 0x48, 0x19, 0xFF, 0x9C, 0x17, 0xF5, 0xE9, 0xD5, 0xDD, 0x07, 0x8F },
            { 0x00, 0x00, 0x00, 0x00, 0x00, 0x00, 0x00, 0x00, 0x00, 0x00, 0x00, 0x00, 0x00, 0x00, 0x00, 0x00, 0x00, 0x00, 0x00, 0x00, 0x00, 0x00, 0x00, 0x00, 0x00, 0x00, 0x00, 0x00, 0x00, 0x00, 0x00, 0x00 },
            { 0x00, 0x00, 0x00, 0x00, 0x00, 0x00, 0x00, 0x00, 0x00, 0x00, 0x00, 0x00, 0x00, 0x00, 0x00, 0x00, 0x00, 0x00, 0x00, 0x00, 0x00, 0x00, 0x00, 0x00, 0x00, 0x00, 0x00, 0x00, 0x00, 0x00, 0x00, 0x00 },
            { 0x00, 0x00, 0x00, 0x00, 0x00, 0x00, 0x00, 0x00, 0x00, 0x00, 0x00, 0x00, 0x00, 0x00, 0x00, 0x00, 0x00, 0x00, 0x00, 0x00, 0x00, 0x00, 0x00, 0x00, 0x00, 0x00, 0x00, 0x00, 0x00, 0x00, 0x00, 0x00 },
            { 0x00, 0x00, 0x00, 0x00, 0x00, 0x00, 0x00, 0x00, 0x00, 0x00, 0x00, 0x00, 0x00, 0x00, 0x00, 0x00, 0x00, 0x00, 0x00, 0x00, 0x00, 0x00, 0x00, 0x00, 0x00, 0x00, 0x00, 0x00, 0x00, 0x00, 0x00, 0x00 },
        },
        {  /* msgs (n_before + n_new) */
            { 0x02, 0x02, 0x02, 0x02, 0x02, 0x02, 0x02, 0x02, 0x02, 0x02, 0x02, 0x02, 0x02, 0x02, 0x02, 0x02, 0x02, 0x02, 0x02, 0x02, 0x02, 0x02, 0x02, 0x02, 0x02, 0x02, 0x02, 0x02, 0x02, 0x02, 0x02, 0x02 },
            { 0x00, 0x00, 0x00, 0x00, 0x00, 0x00, 0x00, 0x00, 0x00, 0x00, 0x00, 0x00, 0x00, 0x00, 0x00, 0x00, 0x00, 0x00, 0x00, 0x00, 0x00, 0x00, 0x00, 0x00, 0x00, 0x00, 0x00, 0x00, 0x00, 0x00, 0x00, 0x00 },
            { 0x00, 0x00, 0x00, 0x00, 0x00, 0x00, 0x00, 0x00, 0x00, 0x00, 0x00, 0x00, 0x00, 0x00, 0x00, 0x00, 0x00, 0x00, 0x00, 0x00, 0x00, 0x00, 0x00, 0x00, 0x00, 0x00, 0x00, 0x00, 0x00, 0x00, 0x00, 0x00 },
            { 0x00, 0x00, 0x00, 0x00, 0x00, 0x00, 0x00, 0x00, 0x00, 0x00, 0x00, 0x00, 0x00, 0x00, 0x00, 0x00, 0x00, 0x00, 0x00, 0x00, 0x00, 0x00, 0x00, 0x00, 0x00, 0x00, 0x00, 0x00, 0x00, 0x00, 0x00, 0x00 },
            { 0x00, 0x00, 0x00, 0x00, 0x00, 0x00, 0x00, 0x00, 0x00, 0x00, 0x00, 0x00, 0x00, 0x00, 0x00, 0x00, 0x00, 0x00, 0x00, 0x00, 0x00, 0x00, 0x00, 0x00, 0x00, 0x00, 0x00, 0x00, 0x00, 0x00, 0x00, 0x00 },
        },
        {  /* new_sigs (n_new) */
            { 0xB0, 0x70, 0xAA, 0xFC, 0xEA, 0x43, 0x9A, 0x4F, 0x6F, 0x1B, 0xBF, 0xC2, 0xEB, 0x66, 0xD2, 0x9D, 0x24, 0xB0, 0xCA, 0xB7, 0x4D, 0x6B, 0x74, 0x5C, 0x3C, 0xFB, 0x00, 0x9C, 0xC8, 0xFE, 0x4A, 0xA8, 0x0E, 0x06, 0x6C, 0x34, 0x81, 0x99, 0x36, 0x54, 0x9F, 0xF4, 0x9B, 0x6F, 0xD4, 0xD4, 0x1E, 0xDF, 0xC4, 0x01, 0xA3, 0x67, 0xB8, 0x7D, 0xDD, 0x59, 0xFE, 0xE3, 0x81, 0x77, 0x96, 0x1C, 0x22, 0x5F },
            { 0x00, 0x00, 0x00, 0x00, 0x00, 0x00, 0x00, 0x00, 0x00, 0x00, 0x00, 0x00, 0x00, 0x00, 0x00, 0x00, 0x00, 0x00, 0x00, 0x00, 0x00, 0x00, 0x00, 0x00, 0x00, 0x00, 0x00, 0x00, 0x00, 0x00, 0x00, 0x00, 0x00, 0x00, 0x00, 0x00, 0x00, 0x00, 0x00, 0x00, 0x00, 0x00, 0x00, 0x00, 0x00, 0x00, 0x00, 0x00, 0x00, 0x00, 0x00, 0x00, 0x00, 0x00, 0x00, 0x00, 0x00, 0x00, 0x00, 0x00, 0x00, 0x00, 0x00, 0x00 },
            { 0x00, 0x00, 0x00, 0x00, 0x00, 0x00, 0x00, 0x00, 0x00, 0x00, 0x00, 0x00, 0x00, 0x00, 0x00, 0x00, 0x00, 0x00, 0x00, 0x00, 0x00, 0x00, 0x00, 0x00, 0x00, 0x00, 0x00, 0x00, 0x00, 0x00, 0x00, 0x00, 0x00, 0x00, 0x00, 0x00, 0x00, 0x00, 0x00, 0x00, 0x00, 0x00, 0x00, 0x00, 0x00, 0x00, 0x00, 0x00, 0x00, 0x00, 0x00, 0x00, 0x00, 0x00, 0x00, 0x00, 0x00, 0x00, 0x00, 0x00, 0x00, 0x00, 0x00, 0x00 },
            { 0x00, 0x00, 0x00, 0x00, 0x00, 0x00, 0x00, 0x00, 0x00, 0x00, 0x00, 0x00, 0x00, 0x00, 0x00, 0x00, 0x00, 0x00, 0x00, 0x00, 0x00, 0x00, 0x00, 0x00, 0x00, 0x00, 0x00, 0x00, 0x00, 0x00, 0x00, 0x00, 0x00, 0x00, 0x00, 0x00, 0x00, 0x00, 0x00, 0x00, 0x00, 0x00, 0x00, 0x00, 0x00, 0x00, 0x00, 0x00, 0x00, 0x00, 0x00, 0x00, 0x00, 0x00, 0x00, 0x00, 0x00, 0x00, 0x00, 0x00, 0x00, 0x00, 0x00, 0x00 },
            { 0x00, 0x00, 0x00, 0x00, 0x00, 0x00, 0x00, 0x00, 0x00, 0x00, 0x00, 0x00, 0x00, 0x00, 0x00, 0x00, 0x00, 0x00, 0x00, 0x00, 0x00, 0x00, 0x00, 0x00, 0x00, 0x00, 0x00, 0x00, 0x00, 0x00, 0x00, 0x00, 0x00, 0x00, 0x00, 0x00, 0x00, 0x00, 0x00, 0x00, 0x00, 0x00, 0x00, 0x00, 0x00, 0x00, 0x00, 0x00, 0x00, 0x00, 0x00, 0x00, 0x00, 0x00, 0x00, 0x00, 0x00, 0x00, 0x00, 0x00, 0x00, 0x00, 0x00, 0x00 },
        },
        1,  /* expected_result */
        {  /* expected_aggsig */
            0xB0, 0x70, 0xAA, 0xFC, 0xEA, 0x43, 0x9A, 0x4F, 0x6F, 0x1B, 0xBF, 0xC2, 0xEB, 0x66, 0xD2, 0x9D,
            0x24, 0xB0, 0xCA, 0xB7, 0x4D, 0x6B, 0x74, 0x5C, 0x3C, 0xFB, 0x00, 0x9C, 0xC8, 0xFE, 0x4A, 0xA8,
            0x0E, 0x06, 0x6C, 0x34, 0x81, 0x99, 0x36, 0x54, 0x9F, 0xF4, 0x9B, 0x6F, 0xD4, 0xD4, 0x1E, 0xDF,
            0xC4, 0x01, 0xA3, 0x67, 0xB8, 0x7D, 0xDD, 0x59, 0xFE, 0xE3, 0x81, 0x77, 0x96, 0x1C, 0x22, 0x5F,
        },
        64,  /* expected_aggsig_len */
        "Add single signature to empty aggregate"
    },
    {  /* BIP vector #1: Add second signature to single-sig aggregate */
        1,  /* n_before */
        1,  /* n_new */
        {  /* aggsig_in */
            0xB0, 0x70, 0xAA, 0xFC, 0xEA, 0x43, 0x9A, 0x4F, 0x6F, 0x1B, 0xBF, 0xC2, 0xEB, 0x66, 0xD2, 0x9D,
            0x24, 0xB0, 0xCA, 0xB7, 0x4D, 0x6B, 0x74, 0x5C, 0x3C, 0xFB, 0x00, 0x9C, 0xC8, 0xFE, 0x4A, 0xA8,
            0x0E, 0x06, 0x6C, 0x34, 0x81, 0x99, 0x36, 0x54, 0x9F, 0xF4, 0x9B, 0x6F, 0xD4, 0xD4, 0x1E, 0xDF,
            0xC4, 0x01, 0xA3, 0x67, 0xB8, 0x7D, 0xDD, 0x59, 0xFE, 0xE3, 0x81, 0x77, 0x96, 0x1C, 0x22, 0x5F,
        },
        64,  /* aggsig_in_len */
        {  /* pubkeys (n_before + n_new) */
            { 0x1B, 0x84, 0xC5, 0x56, 0x7B, 0x12, 0x64, 0x40, 0x99, 0x5D, 0x3E, 0xD5, 0xAA, 0xBA, 0x05, 0x65, 0xD7, 0x1E, 0x18, 0x34, 0x60, 0x48, 0x19, 0xFF, 0x9C, 0x17, 0xF5, 0xE9, 0xD5, 0xDD, 0x07, 0x8F },
            { 0x4D, 0x4B, 0x6C, 0xD1, 0x36, 0x10, 0x32, 0xCA, 0x9B, 0xD2, 0xAE, 0xB9, 0xD9, 0x00, 0xAA, 0x4D, 0x45, 0xD9, 0xEA, 0xD8, 0x0A, 0xC9, 0x42, 0x33, 0x74, 0xC4, 0x51, 0xA7, 0x25, 0x4D, 0x07, 0x66 },
            { 0x00, 0x00, 0x00, 0x00, 0x00, 0x00, 0x00, 0x00, 0x00, 0x00, 0x00, 0x00, 0x00, 0x00, 0x00, 0x00, 0x00, 0x00, 0x00, 0x00, 0x00, 0x00, 0x00, 0x00, 0x00, 0x00, 0x00, 0x00, 0x00, 0x00, 0x00, 0x00 },
            { 0x00, 0x00, 0x00, 0x00, 0x00, 0x00, 0x00, 0x00, 0x00, 0x00, 0x00, 0x00, 0x00, 0x00, 0x00, 0x00, 0x00, 0x00, 0x00, 0x00, 0x00, 0x00, 0x00, 0x00, 0x00, 0x00, 0x00, 0x00, 0x00, 0x00, 0x00, 0x00 },
            { 0x00, 0x00, 0x00, 0x00, 0x00, 0x00, 0x00, 0x00, 0x00, 0x00, 0x00, 0x00, 0x00, 0x00, 0x00, 0x00, 0x00, 0x00, 0x00, 0x00, 0x00, 0x00, 0x00, 0x00, 0x00, 0x00, 0x00, 0x00, 0x00, 0x00, 0x00, 0x00 },
        },
        {  /* msgs (n_before + n_new) */
            { 0x02, 0x02, 0x02, 0x02, 0x02, 0x02, 0x02, 0x02, 0x02, 0x02, 0x02, 0x02, 0x02, 0x02, 0x02, 0x02, 0x02, 0x02, 0x02, 0x02, 0x02, 0x02, 0x02, 0x02, 0x02, 0x02, 0x02, 0x02, 0x02, 0x02, 0x02, 0x02 },
            { 0x03, 0x03, 0x03, 0x03, 0x03, 0x03, 0x03, 0x03, 0x03, 0x03, 0x03, 0x03, 0x03, 0x03, 0x03, 0x03, 0x03, 0x03, 0x03, 0x03, 0x03, 0x03, 0x03, 0x03, 0x03, 0x03, 0x03, 0x03, 0x03, 0x03, 0x03, 0x03 },
            { 0x00, 0x00, 0x00, 0x00, 0x00, 0x00, 0x00, 0x00, 0x00, 0x00, 0x00, 0x00, 0x00, 0x00, 0x00, 0x00, 0x00, 0x00, 0x00, 0x00, 0x00, 0x00, 0x00, 0x00, 0x00, 0x00, 0x00, 0x00, 0x00, 0x00, 0x00, 0x00 },
            { 0x00, 0x00, 0x00, 0x00, 0x00, 0x00, 0x00, 0x00, 0x00, 0x00, 0x00, 0x00, 0x00, 0x00, 0x00, 0x00, 0x00, 0x00, 0x00, 0x00, 0x00, 0x00, 0x00, 0x00, 0x00, 0x00, 0x00, 0x00, 0x00, 0x00, 0x00, 0x00 },
            { 0x00, 0x00, 0x00, 0x00, 0x00, 0x00, 0x00, 0x00, 0x00, 0x00, 0x00, 0x00, 0x00, 0x00, 0x00, 0x00, 0x00, 0x00, 0x00, 0x00, 0x00, 0x00, 0x00, 0x00, 0x00, 0x00, 0x00, 0x00, 0x00, 0x00, 0x00, 0x00 },
        },
        {  /* new_sigs (n_new) */
            { 0xC9, 0xD9, 0xB1, 0xCC, 0xE8, 0xC0, 0xA9, 0x9A, 0xA7, 0x9F, 0x56, 0x18, 0x53, 0x58, 0xCD, 0x82, 0xB7, 0x64, 0x9D, 0x61, 0x32, 0xDA, 0xAC, 0xB3, 0x16, 0x12, 0xC7, 0xC9, 0xB1, 0x4C, 0xE3, 0xA9, 0x23, 0x34, 0x28, 0xAE, 0xB7, 0x74, 0x68, 0x85, 0x25, 0x20, 0xB0, 0x25, 0x6D, 0xE8, 0x45, 0x62, 0xA2, 0x96, 0x29, 0x19, 0x4D, 0xAE, 0xAC, 0x45, 0x44, 0x4C, 0x77, 0x11, 0xCD, 0x37, 0x9E, 0x57 },
            { 0x00, 0x00, 0x00, 0x00, 0x00, 0x00, 0x00, 0x00, 0x00, 0x00, 0x00, 0x00, 0x00, 0x00, 0x00, 0x00, 0x00, 0x00, 0x00, 0x00, 0x00, 0x00, 0x00, 0x00, 0x00, 0x00, 0x00, 0x00, 0x00, 0x00, 0x00, 0x00, 0x00, 0x00, 0x00, 0x00, 0x00, 0x00, 0x00, 0x00, 0x00, 0x00, 0x00, 0x00, 0x00, 0x00, 0x00, 0x00, 0x00, 0x00, 0x00, 0x00, 0x00, 0x00, 0x00, 0x00, 0x00, 0x00, 0x00, 0x00, 0x00, 0x00, 0x00, 0x00 },
            { 0x00, 0x00, 0x00, 0x00, 0x00, 0x00, 0x00, 0x00, 0x00, 0x00, 0x00, 0x00, 0x00, 0x00, 0x00, 0x00, 0x00, 0x00, 0x00, 0x00, 0x00, 0x00, 0x00, 0x00, 0x00, 0x00, 0x00, 0x00, 0x00, 0x00, 0x00, 0x00, 0x00, 0x00, 0x00, 0x00, 0x00, 0x00, 0x00, 0x00, 0x00, 0x00, 0x00, 0x00, 0x00, 0x00, 0x00, 0x00, 0x00, 0x00, 0x00, 0x00, 0x00, 0x00, 0x00, 0x00, 0x00, 0x00, 0x00, 0x00, 0x00, 0x00, 0x00, 0x00 },
            { 0x00, 0x00, 0x00, 0x00, 0x00, 0x00, 0x00, 0x00, 0x00, 0x00, 0x00, 0x00, 0x00, 0x00, 0x00, 0x00, 0x00, 0x00, 0x00, 0x00, 0x00, 0x00, 0x00, 0x00, 0x00, 0x00, 0x00, 0x00, 0x00, 0x00, 0x00, 0x00, 0x00, 0x00, 0x00, 0x00, 0x00, 0x00, 0x00, 0x00, 0x00, 0x00, 0x00, 0x00, 0x00, 0x00, 0x00, 0x00, 0x00, 0x00, 0x00, 0x00, 0x00, 0x00, 0x00, 0x00, 0x00, 0x00, 0x00, 0x00, 0x00, 0x00, 0x00, 0x00 },
            { 0x00, 0x00, 0x00, 0x00, 0x00, 0x00, 0x00, 0x00, 0x00, 0x00, 0x00, 0x00, 0x00, 0x00, 0x00, 0x00, 0x00, 0x00, 0x00, 0x00, 0x00, 0x00, 0x00, 0x00, 0x00, 0x00, 0x00, 0x00, 0x00, 0x00, 0x00, 0x00, 0x00, 0x00, 0x00, 0x00, 0x00, 0x00, 0x00, 0x00, 0x00, 0x00, 0x00, 0x00, 0x00, 0x00, 0x00, 0x00, 0x00, 0x00, 0x00, 0x00, 0x00, 0x00, 0x00, 0x00, 0x00, 0x00, 0x00, 0x00, 0x00, 0x00, 0x00, 0x00 },
        },
        1,  /* expected_result */
        {  /* expected_aggsig */
            0xB0, 0x70, 0xAA, 0xFC, 0xEA, 0x43, 0x9A, 0x4F, 0x6F, 0x1B, 0xBF, 0xC2, 0xEB, 0x66, 0xD2, 0x9D,
            0x24, 0xB0, 0xCA, 0xB7, 0x4D, 0x6B, 0x74, 0x5C, 0x3C, 0xFB, 0x00, 0x9C, 0xC8, 0xFE, 0x4A, 0xA8,
            0xC9, 0xD9, 0xB1, 0xCC, 0xE8, 0xC0, 0xA9, 0x9A, 0xA7, 0x9F, 0x56, 0x18, 0x53, 0x58, 0xCD, 0x82,
            0xB7, 0x64, 0x9D, 0x61, 0x32, 0xDA, 0xAC, 0xB3, 0x16, 0x12, 0xC7, 0xC9, 0xB1, 0x4C, 0xE3, 0xA9,
            0xDF, 0x1D, 0x0E, 0xE0, 0x3A, 0x7E, 0x5D, 0x27, 0x4A, 0x85, 0x7B, 0xF0, 0x80, 0xC8, 0xBD, 0x3B,
            0x52, 0x44, 0xBC, 0x1A, 0x9D, 0x31, 0xF6, 0x60, 0xB8, 0xE2, 0x2F, 0x30, 0x92, 0x60, 0xFF, 0x26,
        },
        96,  /* expected_aggsig_len */
        "Add second signature to single-sig aggregate"
    },
    {  /* BIP vector #2: Add two signatures at once */
        1,  /* n_before */
        2,  /* n_new */
        {  /* aggsig_in */
            0xB0, 0x70, 0xAA, 0xFC, 0xEA, 0x43, 0x9A, 0x4F, 0x6F, 0x1B, 0xBF, 0xC2, 0xEB, 0x66, 0xD2, 0x9D,
            0x24, 0xB0, 0xCA, 0xB7, 0x4D, 0x6B, 0x74, 0x5C, 0x3C, 0xFB, 0x00, 0x9C, 0xC8, 0xFE, 0x4A, 0xA8,
            0x0E, 0x06, 0x6C, 0x34, 0x81, 0x99, 0x36, 0x54, 0x9F, 0xF4, 0x9B, 0x6F, 0xD4, 0xD4, 0x1E, 0xDF,
            0xC4, 0x01, 0xA3, 0x67, 0xB8, 0x7D, 0xDD, 0x59, 0xFE, 0xE3, 0x81, 0x77, 0x96, 0x1C, 0x22, 0x5F,
        },
        64,  /* aggsig_in_len */
        {  /* pubkeys (n_before + n_new) */
            { 0x1B, 0x84, 0xC5, 0x56, 0x7B, 0x12, 0x64, 0x40, 0x99, 0x5D, 0x3E, 0xD5, 0xAA, 0xBA, 0x05, 0x65, 0xD7, 0x1E, 0x18, 0x34, 0x60, 0x48, 0x19, 0xFF, 0x9C, 0x17, 0xF5, 0xE9, 0xD5, 0xDD, 0x07, 0x8F },
            { 0x4D, 0x4B, 0x6C, 0xD1, 0x36, 0x10, 0x32, 0xCA, 0x9B, 0xD2, 0xAE, 0xB9, 0xD9, 0x00, 0xAA, 0x4D, 0x45, 0xD9, 0xEA, 0xD8, 0x0A, 0xC9, 0x42, 0x33, 0x74, 0xC4, 0x51, 0xA7, 0x25, 0x4D, 0x07, 0x66 },
            { 0x53, 0x1F, 0xE6, 0x06, 0x81, 0x34, 0x50, 0x3D, 0x27, 0x23, 0x13, 0x32, 0x27, 0xC8, 0x67, 0xAC, 0x8F, 0xA6, 0xC8, 0x3C, 0x53, 0x7E, 0x9A, 0x44, 0xC3, 0xC5, 0xBD, 0xBD, 0xCB, 0x1F, 0xE3, 0x37 },
            { 0x00, 0x00, 0x00, 0x00, 0x00, 0x00, 0x00, 0x00, 0x00, 0x00, 0x00, 0x00, 0x00, 0x00, 0x00, 0x00, 0x00, 0x00, 0x00, 0x00, 0x00, 0x00, 0x00, 0x00, 0x00, 0x00, 0x00, 0x00, 0x00, 0x00, 0x00, 0x00 },
            { 0x00, 0x00, 0x00, 0x00, 0x00, 0x00, 0x00, 0x00, 0x00, 0x00, 0x00, 0x00, 0x00, 0x00, 0x00, 0x00, 0x00, 0x00, 0x00, 0x00, 0x00, 0x00, 0x00, 0x00, 0x00, 0x00, 0x00, 0x00, 0x00, 0x00, 0x00, 0x00 },
        },
        {  /* msgs (n_before + n_new) */
            { 0x02, 0x02, 0x02, 0x02, 0x02, 0x02, 0x02, 0x02, 0x02, 0x02, 0x02, 0x02, 0x02, 0x02, 0x02, 0x02, 0x02, 0x02, 0x02, 0x02, 0x02, 0x02, 0x02, 0x02, 0x02, 0x02, 0x02, 0x02, 0x02, 0x02, 0x02, 0x02 },
            { 0x03, 0x03, 0x03, 0x03, 0x03, 0x03, 0x03, 0x03, 0x03, 0x03, 0x03, 0x03, 0x03, 0x03, 0x03, 0x03, 0x03, 0x03, 0x03, 0x03, 0x03, 0x03, 0x03, 0x03, 0x03, 0x03, 0x03, 0x03, 0x03, 0x03, 0x03, 0x03 },
            { 0x04, 0x04, 0x04, 0x04, 0x04, 0x04, 0x04, 0x04, 0x04, 0x04, 0x04, 0x04, 0x04, 0x04, 0x04, 0x04, 0x04, 0x04, 0x04, 0x04, 0x04, 0x04, 0x04, 0x04, 0x04, 0x04, 0x04, 0x04, 0x04, 0x04, 0x04, 0x04 },
            { 0x00, 0x00, 0x00, 0x00, 0x00, 0x00, 0x00, 0x00, 0x00, 0x00, 0x00, 0x00, 0x00, 0x00, 0x00, 0x00, 0x00, 0x00, 0x00, 0x00, 0x00, 0x00, 0x00, 0x00, 0x00, 0x00, 0x00, 0x00, 0x00, 0x00, 0x00, 0x00 },
            { 0x00, 0x00, 0x00, 0x00, 0x00, 0x00, 0x00, 0x00, 0x00, 0x00, 0x00, 0x00, 0x00, 0x00, 0x00, 0x00, 0x00, 0x00, 0x00, 0x00, 0x00, 0x00, 0x00, 0x00, 0x00, 0x00, 0x00, 0x00, 0x00, 0x00, 0x00, 0x00 },
        },
        {  /* new_sigs (n_new) */
            { 0xC9, 0xD9, 0xB1, 0xCC, 0xE8, 0xC0, 0xA9, 0x9A, 0xA7, 0x9F, 0x56, 0x18, 0x53, 0x58, 0xCD, 0x82, 0xB7, 0x64, 0x9D, 0x61, 0x32, 0xDA, 0xAC, 0xB3, 0x16, 0x12, 0xC7, 0xC9, 0xB1, 0x4C, 0xE3, 0xA9, 0x23, 0x34, 0x28, 0xAE, 0xB7, 0x74, 0x68, 0x85, 0x25, 0x20, 0xB0, 0x25, 0x6D, 0xE8, 0x45, 0x62, 0xA2, 0x96, 0x29, 0x19, 0x4D, 0xAE, 0xAC, 0x45, 0x44, 0x4C, 0x77, 0x11, 0xCD, 0x37, 0x9E, 0x57 },
            { 0xF6, 0x2B, 0x58, 0xB1, 0x90, 0x81, 0x97, 0xB6, 0xD7, 0x32, 0xF0, 0x56, 0x4A, 0xD2, 0xAD, 0x5C, 0x6E, 0x43, 0x8D, 0x24, 0xC6, 0x5A, 0xF7, 0x58, 0xDA, 0x9A, 0xCC, 0xCC, 0xCF, 0x5B, 0x3F, 0x92, 0x3A, 0x17, 0xEA, 0x0C, 0xD5, 0x6E, 0xD3, 0xA8, 0x24, 0xAA, 0x14, 0xBC, 0x67, 0x83, 0x9C, 0xED, 0x46, 0x5B, 0xA5, 0x26, 0x97, 0x00, 0xF6, 0x00, 0xED, 0xFC, 0x3D, 0xAA, 0xC8, 0xA6, 0xB0, 0x69 },
            { 0x00, 0x00, 0x00, 0x00, 0x00, 0x00, 0x00, 0x00, 0x00, 0x00, 0x00, 0x00, 0x00, 0x00, 0x00, 0x00, 0x00, 0x00, 0x00, 0x00, 0x00, 0x00, 0x00, 0x00, 0x00, 0x00, 0x00, 0x00, 0x00, 0x00, 0x00, 0x00, 0x00, 0x00, 0x00, 0x00, 0x00, 0x00, 0x00, 0x00, 0x00, 0x00, 0x00, 0x00, 0x00, 0x00, 0x00, 0x00, 0x00, 0x00, 0x00, 0x00, 0x00, 0x00, 0x00, 0x00, 0x00, 0x00, 0x00, 0x00, 0x00, 0x00, 0x00, 0x00 },
            { 0x00, 0x00, 0x00, 0x00, 0x00, 0x00, 0x00, 0x00, 0x00, 0x00, 0x00, 0x00, 0x00, 0x00, 0x00, 0x00, 0x00, 0x00, 0x00, 0x00, 0x00, 0x00, 0x00, 0x00, 0x00, 0x00, 0x00, 0x00, 0x00, 0x00, 0x00, 0x00, 0x00, 0x00, 0x00, 0x00, 0x00, 0x00, 0x00, 0x00, 0x00, 0x00, 0x00, 0x00, 0x00, 0x00, 0x00, 0x00, 0x00, 0x00, 0x00, 0x00, 0x00, 0x00, 0x00, 0x00, 0x00, 0x00, 0x00, 0x00, 0x00, 0x00, 0x00, 0x00 },
            { 0x00, 0x00, 0x00, 0x00, 0x00, 0x00, 0x00, 0x00, 0x00, 0x00, 0x00, 0x00, 0x00, 0x00, 0x00, 0x00, 0x00, 0x00, 0x00, 0x00, 0x00, 0x00, 0x00, 0x00, 0x00, 0x00, 0x00, 0x00, 0x00, 0x00, 0x00, 0x00, 0x00, 0x00, 0x00, 0x00, 0x00, 0x00, 0x00, 0x00, 0x00, 0x00, 0x00, 0x00, 0x00, 0x00, 0x00, 0x00, 0x00, 0x00, 0x00, 0x00, 0x00, 0x00, 0x00, 0x00, 0x00, 0x00, 0x00, 0x00, 0x00, 0x00, 0x00, 0x00 },
        },
        1,  /* expected_result */
        {  /* expected_aggsig */
            0xB0, 0x70, 0xAA, 0xFC, 0xEA, 0x43, 0x9A, 0x4F, 0x6F, 0x1B, 0xBF, 0xC2, 0xEB, 0x66, 0xD2, 0x9D,
            0x24, 0xB0, 0xCA, 0xB7, 0x4D, 0x6B, 0x74, 0x5C, 0x3C, 0xFB, 0x00, 0x9C, 0xC8, 0xFE, 0x4A, 0xA8,
            0xC9, 0xD9, 0xB1, 0xCC, 0xE8, 0xC0, 0xA9, 0x9A, 0xA7, 0x9F, 0x56, 0x18, 0x53, 0x58, 0xCD, 0x82,
            0xB7, 0x64, 0x9D, 0x61, 0x32, 0xDA, 0xAC, 0xB3, 0x16, 0x12, 0xC7, 0xC9, 0xB1, 0x4C, 0xE3, 0xA9,
            0xF6, 0x2B, 0x58, 0xB1, 0x90, 0x81, 0x97, 0xB6, 0xD7, 0x32, 0xF0, 0x56, 0x4A, 0xD2, 0xAD, 0x5C,
            0x6E, 0x43, 0x8D, 0x24, 0xC6, 0x5A, 0xF7, 0x58, 0xDA, 0x9A, 0xCC, 0xCC, 0xCF, 0x5B, 0x3F, 0x92,
            0xF6, 0x9F, 0x0D, 0xB5, 0x95, 0x93, 0x4B, 0xE9, 0x77, 0x71, 0xDE, 0xF1, 0x14, 0x96, 0x2A, 0x92,
            0x77, 0x86, 0x1B, 0xFD, 0x58, 0x58, 0xD2, 0xE3, 0x64, 0xDC, 0xCF, 0x30, 0x26, 0x6F, 0x8C, 0xD4,
        },
        128,  /* expected_aggsig_len */
        "Add two signatures at once"
    },
    {  /* BIP vector #3: Add no new signatures (unchanged) */
        1,  /* n_before */
        0,  /* n_new */
        {  /* aggsig_in */
            0xB0, 0x70, 0xAA, 0xFC, 0xEA, 0x43, 0x9A, 0x4F, 0x6F, 0x1B, 0xBF, 0xC2, 0xEB, 0x66, 0xD2, 0x9D,
            0x24, 0xB0, 0xCA, 0xB7, 0x4D, 0x6B, 0x74, 0x5C, 0x3C, 0xFB, 0x00, 0x9C, 0xC8, 0xFE, 0x4A, 0xA8,
            0x0E, 0x06, 0x6C, 0x34, 0x81, 0x99, 0x36, 0x54, 0x9F, 0xF4, 0x9B, 0x6F, 0xD4, 0xD4, 0x1E, 0xDF,
            0xC4, 0x01, 0xA3, 0x67, 0xB8, 0x7D, 0xDD, 0x59, 0xFE, 0xE3, 0x81, 0x77, 0x96, 0x1C, 0x22, 0x5F,
        },
        64,  /* aggsig_in_len */
        {  /* pubkeys (n_before + n_new) */
            { 0x1B, 0x84, 0xC5, 0x56, 0x7B, 0x12, 0x64, 0x40, 0x99, 0x5D, 0x3E, 0xD5, 0xAA, 0xBA, 0x05, 0x65, 0xD7, 0x1E, 0x18, 0x34, 0x60, 0x48, 0x19, 0xFF, 0x9C, 0x17, 0xF5, 0xE9, 0xD5, 0xDD, 0x07, 0x8F },
            { 0x00, 0x00, 0x00, 0x00, 0x00, 0x00, 0x00, 0x00, 0x00, 0x00, 0x00, 0x00, 0x00, 0x00, 0x00, 0x00, 0x00, 0x00, 0x00, 0x00, 0x00, 0x00, 0x00, 0x00, 0x00, 0x00, 0x00, 0x00, 0x00, 0x00, 0x00, 0x00 },
            { 0x00, 0x00, 0x00, 0x00, 0x00, 0x00, 0x00, 0x00, 0x00, 0x00, 0x00, 0x00, 0x00, 0x00, 0x00, 0x00, 0x00, 0x00, 0x00, 0x00, 0x00, 0x00, 0x00, 0x00, 0x00, 0x00, 0x00, 0x00, 0x00, 0x00, 0x00, 0x00 },
            { 0x00, 0x00, 0x00, 0x00, 0x00, 0x00, 0x00, 0x00, 0x00, 0x00, 0x00, 0x00, 0x00, 0x00, 0x00, 0x00, 0x00, 0x00, 0x00, 0x00, 0x00, 0x00, 0x00, 0x00, 0x00, 0x00, 0x00, 0x00, 0x00, 0x00, 0x00, 0x00 },
            { 0x00, 0x00, 0x00, 0x00, 0x00, 0x00, 0x00, 0x00, 0x00, 0x00, 0x00, 0x00, 0x00, 0x00, 0x00, 0x00, 0x00, 0x00, 0x00, 0x00, 0x00, 0x00, 0x00, 0x00, 0x00, 0x00, 0x00, 0x00, 0x00, 0x00, 0x00, 0x00 },
        },
        {  /* msgs (n_before + n_new) */
            { 0x02, 0x02, 0x02, 0x02, 0x02, 0x02, 0x02, 0x02, 0x02, 0x02, 0x02, 0x02, 0x02, 0x02, 0x02, 0x02, 0x02, 0x02, 0x02, 0x02, 0x02, 0x02, 0x02, 0x02, 0x02, 0x02, 0x02, 0x02, 0x02, 0x02, 0x02, 0x02 },
            { 0x00, 0x00, 0x00, 0x00, 0x00, 0x00, 0x00, 0x00, 0x00, 0x00, 0x00, 0x00, 0x00, 0x00, 0x00, 0x00, 0x00, 0x00, 0x00, 0x00, 0x00, 0x00, 0x00, 0x00, 0x00, 0x00, 0x00, 0x00, 0x00, 0x00, 0x00, 0x00 },
            { 0x00, 0x00, 0x00, 0x00, 0x00, 0x00, 0x00, 0x00, 0x00, 0x00, 0x00, 0x00, 0x00, 0x00, 0x00, 0x00, 0x00, 0x00, 0x00, 0x00, 0x00, 0x00, 0x00, 0x00, 0x00, 0x00, 0x00, 0x00, 0x00, 0x00, 0x00, 0x00 },
            { 0x00, 0x00, 0x00, 0x00, 0x00, 0x00, 0x00, 0x00, 0x00, 0x00, 0x00, 0x00, 0x00, 0x00, 0x00, 0x00, 0x00, 0x00, 0x00, 0x00, 0x00, 0x00, 0x00, 0x00, 0x00, 0x00, 0x00, 0x00, 0x00, 0x00, 0x00, 0x00 },
            { 0x00, 0x00, 0x00, 0x00, 0x00, 0x00, 0x00, 0x00, 0x00, 0x00, 0x00, 0x00, 0x00, 0x00, 0x00, 0x00, 0x00, 0x00, 0x00, 0x00, 0x00, 0x00, 0x00, 0x00, 0x00, 0x00, 0x00, 0x00, 0x00, 0x00, 0x00, 0x00 },
        },
        {  /* new_sigs (n_new) */
            { 0x00, 0x00, 0x00, 0x00, 0x00, 0x00, 0x00, 0x00, 0x00, 0x00, 0x00, 0x00, 0x00, 0x00, 0x00, 0x00, 0x00, 0x00, 0x00, 0x00, 0x00, 0x00, 0x00, 0x00, 0x00, 0x00, 0x00, 0x00, 0x00, 0x00, 0x00, 0x00, 0x00, 0x00, 0x00, 0x00, 0x00, 0x00, 0x00, 0x00, 0x00, 0x00, 0x00, 0x00, 0x00, 0x00, 0x00, 0x00, 0x00, 0x00, 0x00, 0x00, 0x00, 0x00, 0x00, 0x00, 0x00, 0x00, 0x00, 0x00, 0x00, 0x00, 0x00, 0x00 },
            { 0x00, 0x00, 0x00, 0x00, 0x00, 0x00, 0x00, 0x00, 0x00, 0x00, 0x00, 0x00, 0x00, 0x00, 0x00, 0x00, 0x00, 0x00, 0x00, 0x00, 0x00, 0x00, 0x00, 0x00, 0x00, 0x00, 0x00, 0x00, 0x00, 0x00, 0x00, 0x00, 0x00, 0x00, 0x00, 0x00, 0x00, 0x00, 0x00, 0x00, 0x00, 0x00, 0x00, 0x00, 0x00, 0x00, 0x00, 0x00, 0x00, 0x00, 0x00, 0x00, 0x00, 0x00, 0x00, 0x00, 0x00, 0x00, 0x00, 0x00, 0x00, 0x00, 0x00, 0x00 },
            { 0x00, 0x00, 0x00, 0x00, 0x00, 0x00, 0x00, 0x00, 0x00, 0x00, 0x00, 0x00, 0x00, 0x00, 0x00, 0x00, 0x00, 0x00, 0x00, 0x00, 0x00, 0x00, 0x00, 0x00, 0x00, 0x00, 0x00, 0x00, 0x00, 0x00, 0x00, 0x00, 0x00, 0x00, 0x00, 0x00, 0x00, 0x00, 0x00, 0x00, 0x00, 0x00, 0x00, 0x00, 0x00, 0x00, 0x00, 0x00, 0x00, 0x00, 0x00, 0x00, 0x00, 0x00, 0x00, 0x00, 0x00, 0x00, 0x00, 0x00, 0x00, 0x00, 0x00, 0x00 },
            { 0x00, 0x00, 0x00, 0x00, 0x00, 0x00, 0x00, 0x00, 0x00, 0x00, 0x00, 0x00, 0x00, 0x00, 0x00, 0x00, 0x00, 0x00, 0x00, 0x00, 0x00, 0x00, 0x00, 0x00, 0x00, 0x00, 0x00, 0x00, 0x00, 0x00, 0x00, 0x00, 0x00, 0x00, 0x00, 0x00, 0x00, 0x00, 0x00, 0x00, 0x00, 0x00, 0x00, 0x00, 0x00, 0x00, 0x00, 0x00, 0x00, 0x00, 0x00, 0x00, 0x00, 0x00, 0x00, 0x00, 0x00, 0x00, 0x00, 0x00, 0x00, 0x00, 0x00, 0x00 },
            { 0x00, 0x00, 0x00, 0x00, 0x00, 0x00, 0x00, 0x00, 0x00, 0x00, 0x00, 0x00, 0x00, 0x00, 0x00, 0x00, 0x00, 0x00, 0x00, 0x00, 0x00, 0x00, 0x00, 0x00, 0x00, 0x00, 0x00, 0x00, 0x00, 0x00, 0x00, 0x00, 0x00, 0x00, 0x00, 0x00, 0x00, 0x00, 0x00, 0x00, 0x00, 0x00, 0x00, 0x00, 0x00, 0x00, 0x00, 0x00, 0x00, 0x00, 0x00, 0x00, 0x00, 0x00, 0x00, 0x00, 0x00, 0x00, 0x00, 0x00, 0x00, 0x00, 0x00, 0x00 },
        },
        1,  /* expected_result */
        {  /* expected_aggsig */
            0xB0, 0x70, 0xAA, 0xFC, 0xEA, 0x43, 0x9A, 0x4F, 0x6F, 0x1B, 0xBF, 0xC2, 0xEB, 0x66, 0xD2, 0x9D,
            0x24, 0xB0, 0xCA, 0xB7, 0x4D, 0x6B, 0x74, 0x5C, 0x3C, 0xFB, 0x00, 0x9C, 0xC8, 0xFE, 0x4A, 0xA8,
            0x0E, 0x06, 0x6C, 0x34, 0x81, 0x99, 0x36, 0x54, 0x9F, 0xF4, 0x9B, 0x6F, 0xD4, 0xD4, 0x1E, 0xDF,
            0xC4, 0x01, 0xA3, 0x67, 0xB8, 0x7D, 0xDD, 0x59, 0xFE, 0xE3, 0x81, 0x77, 0x96, 0x1C, 0x22, 0x5F,
        },
        64,  /* expected_aggsig_len */
        "Add no new signatures (unchanged)"
    },
    {  /* BIP vector #7: New signature has s = n */
        0,  /* n_before */
        1,  /* n_new */
        {  /* aggsig_in */
            0x00, 0x00, 0x00, 0x00, 0x00, 0x00, 0x00, 0x00, 0x00, 0x00, 0x00, 0x00, 0x00, 0x00, 0x00, 0x00,
            0x00, 0x00, 0x00, 0x00, 0x00, 0x00, 0x00, 0x00, 0x00, 0x00, 0x00, 0x00, 0x00, 0x00, 0x00, 0x00,
        },
        32,  /* aggsig_in_len */
        {  /* pubkeys (n_before + n_new) */
            { 0x1B, 0x84, 0xC5, 0x56, 0x7B, 0x12, 0x64, 0x40, 0x99, 0x5D, 0x3E, 0xD5, 0xAA, 0xBA, 0x05, 0x65, 0xD7, 0x1E, 0x18, 0x34, 0x60, 0x48, 0x19, 0xFF, 0x9C, 0x17, 0xF5, 0xE9, 0xD5, 0xDD, 0x07, 0x8F },
            { 0x00, 0x00, 0x00, 0x00, 0x00, 0x00, 0x00, 0x00, 0x00, 0x00, 0x00, 0x00, 0x00, 0x00, 0x00, 0x00, 0x00, 0x00, 0x00, 0x00, 0x00, 0x00, 0x00, 0x00, 0x00, 0x00, 0x00, 0x00, 0x00, 0x00, 0x00, 0x00 },
            { 0x00, 0x00, 0x00, 0x00, 0x00, 0x00, 0x00, 0x00, 0x00, 0x00, 0x00, 0x00, 0x00, 0x00, 0x00, 0x00, 0x00, 0x00, 0x00, 0x00, 0x00, 0x00, 0x00, 0x00, 0x00, 0x00, 0x00, 0x00, 0x00, 0x00, 0x00, 0x00 },
            { 0x00, 0x00, 0x00, 0x00, 0x00, 0x00, 0x00, 0x00, 0x00, 0x00, 0x00, 0x00, 0x00, 0x00, 0x00, 0x00, 0x00, 0x00, 0x00, 0x00, 0x00, 0x00, 0x00, 0x00, 0x00, 0x00, 0x00, 0x00, 0x00, 0x00, 0x00, 0x00 },
            { 0x00, 0x00, 0x00, 0x00, 0x00, 0x00, 0x00, 0x00, 0x00, 0x00, 0x00, 0x00, 0x00, 0x00, 0x00, 0x00, 0x00, 0x00, 0x00, 0x00, 0x00, 0x00, 0x00, 0x00, 0x00, 0x00, 0x00, 0x00, 0x00, 0x00, 0x00, 0x00 },
        },
        {  /* msgs (n_before + n_new) */
            { 0x02, 0x02, 0x02, 0x02, 0x02, 0x02, 0x02, 0x02, 0x02, 0x02, 0x02, 0x02, 0x02, 0x02, 0x02, 0x02, 0x02, 0x02, 0x02, 0x02, 0x02, 0x02, 0x02, 0x02, 0x02, 0x02, 0x02, 0x02, 0x02, 0x02, 0x02, 0x02 },
            { 0x00, 0x00, 0x00, 0x00, 0x00, 0x00, 0x00, 0x00, 0x00, 0x00, 0x00, 0x00, 0x00, 0x00, 0x00, 0x00, 0x00, 0x00, 0x00, 0x00, 0x00, 0x00, 0x00, 0x00, 0x00, 0x00, 0x00, 0x00, 0x00, 0x00, 0x00, 0x00 },
            { 0x00, 0x00, 0x00, 0x00, 0x00, 0x00, 0x00, 0x00, 0x00, 0x00, 0x00, 0x00, 0x00, 0x00, 0x00, 0x00, 0x00, 0x00, 0x00, 0x00, 0x00, 0x00, 0x00, 0x00, 0x00, 0x00, 0x00, 0x00, 0x00, 0x00, 0x00, 0x00 },
            { 0x00, 0x00, 0x00, 0x00, 0x00, 0x00, 0x00, 0x00, 0x00, 0x00, 0x00, 0x00, 0x00, 0x00, 0x00, 0x00, 0x00, 0x00, 0x00, 0x00, 0x00, 0x00, 0x00, 0x00, 0x00, 0x00, 0x00, 0x00, 0x00, 0x00, 0x00, 0x00 },
            { 0x00, 0x00, 0x00, 0x00, 0x00, 0x00, 0x00, 0x00, 0x00, 0x00, 0x00, 0x00, 0x00, 0x00, 0x00, 0x00, 0x00, 0x00, 0x00, 0x00, 0x00, 0x00, 0x00, 0x00, 0x00, 0x00, 0x00, 0x00, 0x00, 0x00, 0x00, 0x00 },
        },
        {  /* new_sigs (n_new) */
            { 0xB0, 0x70, 0xAA, 0xFC, 0xEA, 0x43, 0x9A, 0x4F, 0x6F, 0x1B, 0xBF, 0xC2, 0xEB, 0x66, 0xD2, 0x9D, 0x24, 0xB0, 0xCA, 0xB7, 0x4D, 0x6B, 0x74, 0x5C, 0x3C, 0xFB, 0x00, 0x9C, 0xC8, 0xFE, 0x4A, 0xA8, 0xFF, 0xFF, 0xFF, 0xFF, 0xFF, 0xFF, 0xFF, 0xFF, 0xFF, 0xFF, 0xFF, 0xFF, 0xFF, 0xFF, 0xFF, 0xFE, 0xBA, 0xAE, 0xDC, 0xE6, 0xAF, 0x48, 0xA0, 0x3B, 0xBF, 0xD2, 0x5E, 0x8C, 0xD0, 0x36, 0x41, 0x41 },
            { 0x00, 0x00, 0x00, 0x00, 0x00, 0x00, 0x00, 0x00, 0x00, 0x00, 0x00, 0x00, 0x00, 0x00, 0x00, 0x00, 0x00, 0x00, 0x00, 0x00, 0x00, 0x00, 0x00, 0x00, 0x00, 0x00, 0x00, 0x00, 0x00, 0x00, 0x00, 0x00, 0x00, 0x00, 0x00, 0x00, 0x00, 0x00, 0x00, 0x00, 0x00, 0x00, 0x00, 0x00, 0x00, 0x00, 0x00, 0x00, 0x00, 0x00, 0x00, 0x00, 0x00, 0x00, 0x00, 0x00, 0x00, 0x00, 0x00, 0x00, 0x00, 0x00, 0x00, 0x00 },
            { 0x00, 0x00, 0x00, 0x00, 0x00, 0x00, 0x00, 0x00, 0x00, 0x00, 0x00, 0x00, 0x00, 0x00, 0x00, 0x00, 0x00, 0x00, 0x00, 0x00, 0x00, 0x00, 0x00, 0x00, 0x00, 0x00, 0x00, 0x00, 0x00, 0x00, 0x00, 0x00, 0x00, 0x00, 0x00, 0x00, 0x00, 0x00, 0x00, 0x00, 0x00, 0x00, 0x00, 0x00, 0x00, 0x00, 0x00, 0x00, 0x00, 0x00, 0x00, 0x00, 0x00, 0x00, 0x00, 0x00, 0x00, 0x00, 0x00, 0x00, 0x00, 0x00, 0x00, 0x00 },
            { 0x00, 0x00, 0x00, 0x00, 0x00, 0x00, 0x00, 0x00, 0x00, 0x00, 0x00, 0x00, 0x00, 0x00, 0x00, 0x00, 0x00, 0x00, 0x00, 0x00, 0x00, 0x00, 0x00, 0x00, 0x00, 0x00, 0x00, 0x00, 0x00, 0x00, 0x00, 0x00, 0x00, 0x00, 0x00, 0x00, 0x00, 0x00, 0x00, 0x00, 0x00, 0x00, 0x00, 0x00, 0x00, 0x00, 0x00, 0x00, 0x00, 0x00, 0x00, 0x00, 0x00, 0x00, 0x00, 0x00, 0x00, 0x00, 0x00, 0x00, 0x00, 0x00, 0x00, 0x00 },
            { 0x00, 0x00, 0x00, 0x00, 0x00, 0x00, 0x00, 0x00, 0x00, 0x00, 0x00, 0x00, 0x00, 0x00, 0x00, 0x00, 0x00, 0x00, 0x00, 0x00, 0x00, 0x00, 0x00, 0x00, 0x00, 0x00, 0x00, 0x00, 0x00, 0x00, 0x00, 0x00, 0x00, 0x00, 0x00, 0x00, 0x00, 0x00, 0x00, 0x00, 0x00, 0x00, 0x00, 0x00, 0x00, 0x00, 0x00, 0x00, 0x00, 0x00, 0x00, 0x00, 0x00, 0x00, 0x00, 0x00, 0x00, 0x00, 0x00, 0x00, 0x00, 0x00, 0x00, 0x00 },
        },
        0,  /* expected_result */
        { 0 },  /* expected_aggsig (empty) */
        0,  /* expected_aggsig_len */
        "New signature has s = n"
    }
};

static const struct halfagg_verify_vector halfagg_verify_vectors[] = {
    {  /* BIP vector #0: Empty signature list */
        0,  /* n */
        {  /* aggsig */
            0x00, 0x00, 0x00, 0x00, 0x00, 0x00, 0x00, 0x00, 0x00, 0x00, 0x00, 0x00, 0x00, 0x00, 0x00, 0x00,
            0x00, 0x00, 0x00, 0x00, 0x00, 0x00, 0x00, 0x00, 0x00, 0x00, 0x00, 0x00, 0x00, 0x00, 0x00, 0x00,
        },
        32,  /* aggsig_len */
        {  /* pubkeys */
            { 0x00, 0x00, 0x00, 0x00, 0x00, 0x00, 0x00, 0x00, 0x00, 0x00, 0x00, 0x00, 0x00, 0x00, 0x00, 0x00, 0x00, 0x00, 0x00, 0x00, 0x00, 0x00, 0x00, 0x00, 0x00, 0x00, 0x00, 0x00, 0x00, 0x00, 0x00, 0x00 },
            { 0x00, 0x00, 0x00, 0x00, 0x00, 0x00, 0x00, 0x00, 0x00, 0x00, 0x00, 0x00, 0x00, 0x00, 0x00, 0x00, 0x00, 0x00, 0x00, 0x00, 0x00, 0x00, 0x00, 0x00, 0x00, 0x00, 0x00, 0x00, 0x00, 0x00, 0x00, 0x00 },
            { 0x00, 0x00, 0x00, 0x00, 0x00, 0x00, 0x00, 0x00, 0x00, 0x00, 0x00, 0x00, 0x00, 0x00, 0x00, 0x00, 0x00, 0x00, 0x00, 0x00, 0x00, 0x00, 0x00, 0x00, 0x00, 0x00, 0x00, 0x00, 0x00, 0x00, 0x00, 0x00 },
            { 0x00, 0x00, 0x00, 0x00, 0x00, 0x00, 0x00, 0x00, 0x00, 0x00, 0x00, 0x00, 0x00, 0x00, 0x00, 0x00, 0x00, 0x00, 0x00, 0x00, 0x00, 0x00, 0x00, 0x00, 0x00, 0x00, 0x00, 0x00, 0x00, 0x00, 0x00, 0x00 },
            { 0x00, 0x00, 0x00, 0x00, 0x00, 0x00, 0x00, 0x00, 0x00, 0x00, 0x00, 0x00, 0x00, 0x00, 0x00, 0x00, 0x00, 0x00, 0x00, 0x00, 0x00, 0x00, 0x00, 0x00, 0x00, 0x00, 0x00, 0x00, 0x00, 0x00, 0x00, 0x00 },
        },
        {  /* msgs */
            { 0x00, 0x00, 0x00, 0x00, 0x00, 0x00, 0x00, 0x00, 0x00, 0x00, 0x00, 0x00, 0x00, 0x00, 0x00, 0x00, 0x00, 0x00, 0x00, 0x00, 0x00, 0x00, 0x00, 0x00, 0x00, 0x00, 0x00, 0x00, 0x00, 0x00, 0x00, 0x00 },
            { 0x00, 0x00, 0x00, 0x00, 0x00, 0x00, 0x00, 0x00, 0x00, 0x00, 0x00, 0x00, 0x00, 0x00, 0x00, 0x00, 0x00, 0x00, 0x00, 0x00, 0x00, 0x00, 0x00, 0x00, 0x00, 0x00, 0x00, 0x00, 0x00, 0x00, 0x00, 0x00 },
            { 0x00, 0x00, 0x00, 0x00, 0x00, 0x00, 0x00, 0x00, 0x00, 0x00, 0x00, 0x00, 0x00, 0x00, 0x00, 0x00, 0x00, 0x00, 0x00, 0x00, 0x00, 0x00, 0x00, 0x00, 0x00, 0x00, 0x00, 0x00, 0x00, 0x00, 0x00, 0x00 },
            { 0x00, 0x00, 0x00, 0x00, 0x00, 0x00, 0x00, 0x00, 0x00, 0x00, 0x00, 0x00, 0x00, 0x00, 0x00, 0x00, 0x00, 0x00, 0x00, 0x00, 0x00, 0x00, 0x00, 0x00, 0x00, 0x00, 0x00, 0x00, 0x00, 0x00, 0x00, 0x00 },
            { 0x00, 0x00, 0x00, 0x00, 0x00, 0x00, 0x00, 0x00, 0x00, 0x00, 0x00, 0x00, 0x00, 0x00, 0x00, 0x00, 0x00, 0x00, 0x00, 0x00, 0x00, 0x00, 0x00, 0x00, 0x00, 0x00, 0x00, 0x00, 0x00, 0x00, 0x00, 0x00 },
        },
        1,  /* expected_result */
        "Empty signature list"
    },
    {  /* BIP vector #1: Single signature */
        1,  /* n */
        {  /* aggsig */
            0xB0, 0x70, 0xAA, 0xFC, 0xEA, 0x43, 0x9A, 0x4F, 0x6F, 0x1B, 0xBF, 0xC2, 0xEB, 0x66, 0xD2, 0x9D,
            0x24, 0xB0, 0xCA, 0xB7, 0x4D, 0x6B, 0x74, 0x5C, 0x3C, 0xFB, 0x00, 0x9C, 0xC8, 0xFE, 0x4A, 0xA8,
            0x0E, 0x06, 0x6C, 0x34, 0x81, 0x99, 0x36, 0x54, 0x9F, 0xF4, 0x9B, 0x6F, 0xD4, 0xD4, 0x1E, 0xDF,
            0xC4, 0x01, 0xA3, 0x67, 0xB8, 0x7D, 0xDD, 0x59, 0xFE, 0xE3, 0x81, 0x77, 0x96, 0x1C, 0x22, 0x5F,
        },
        64,  /* aggsig_len */
        {  /* pubkeys */
            { 0x1B, 0x84, 0xC5, 0x56, 0x7B, 0x12, 0x64, 0x40, 0x99, 0x5D, 0x3E, 0xD5, 0xAA, 0xBA, 0x05, 0x65, 0xD7, 0x1E, 0x18, 0x34, 0x60, 0x48, 0x19, 0xFF, 0x9C, 0x17, 0xF5, 0xE9, 0xD5, 0xDD, 0x07, 0x8F },
            { 0x00, 0x00, 0x00, 0x00, 0x00, 0x00, 0x00, 0x00, 0x00, 0x00, 0x00, 0x00, 0x00, 0x00, 0x00, 0x00, 0x00, 0x00, 0x00, 0x00, 0x00, 0x00, 0x00, 0x00, 0x00, 0x00, 0x00, 0x00, 0x00, 0x00, 0x00, 0x00 },
            { 0x00, 0x00, 0x00, 0x00, 0x00, 0x00, 0x00, 0x00, 0x00, 0x00, 0x00, 0x00, 0x00, 0x00, 0x00, 0x00, 0x00, 0x00, 0x00, 0x00, 0x00, 0x00, 0x00, 0x00, 0x00, 0x00, 0x00, 0x00, 0x00, 0x00, 0x00, 0x00 },
            { 0x00, 0x00, 0x00, 0x00, 0x00, 0x00, 0x00, 0x00, 0x00, 0x00, 0x00, 0x00, 0x00, 0x00, 0x00, 0x00, 0x00, 0x00, 0x00, 0x00, 0x00, 0x00, 0x00, 0x00, 0x00, 0x00, 0x00, 0x00, 0x00, 0x00, 0x00, 0x00 },
            { 0x00, 0x00, 0x00, 0x00, 0x00, 0x00, 0x00, 0x00, 0x00, 0x00, 0x00, 0x00, 0x00, 0x00, 0x00, 0x00, 0x00, 0x00, 0x00, 0x00, 0x00, 0x00, 0x00, 0x00, 0x00, 0x00, 0x00, 0x00, 0x00, 0x00, 0x00, 0x00 },
        },
        {  /* msgs */
            { 0x02, 0x02, 0x02, 0x02, 0x02, 0x02, 0x02, 0x02, 0x02, 0x02, 0x02, 0x02, 0x02, 0x02, 0x02, 0x02, 0x02, 0x02, 0x02, 0x02, 0x02, 0x02, 0x02, 0x02, 0x02, 0x02, 0x02, 0x02, 0x02, 0x02, 0x02, 0x02 },
            { 0x00, 0x00, 0x00, 0x00, 0x00, 0x00, 0x00, 0x00, 0x00, 0x00, 0x00, 0x00, 0x00, 0x00, 0x00, 0x00, 0x00, 0x00, 0x00, 0x00, 0x00, 0x00, 0x00, 0x00, 0x00, 0x00, 0x00, 0x00, 0x00, 0x00, 0x00, 0x00 },
            { 0x00, 0x00, 0x00, 0x00, 0x00, 0x00, 0x00, 0x00, 0x00, 0x00, 0x00, 0x00, 0x00, 0x00, 0x00, 0x00, 0x00, 0x00, 0x00, 0x00, 0x00, 0x00, 0x00, 0x00, 0x00, 0x00, 0x00, 0x00, 0x00, 0x00, 0x00, 0x00 },
            { 0x00, 0x00, 0x00, 0x00, 0x00, 0x00, 0x00, 0x00, 0x00, 0x00, 0x00, 0x00, 0x00, 0x00, 0x00, 0x00, 0x00, 0x00, 0x00, 0x00, 0x00, 0x00, 0x00, 0x00, 0x00, 0x00, 0x00, 0x00, 0x00, 0x00, 0x00, 0x00 },
            { 0x00, 0x00, 0x00, 0x00, 0x00, 0x00, 0x00, 0x00, 0x00, 0x00, 0x00, 0x00, 0x00, 0x00, 0x00, 0x00, 0x00, 0x00, 0x00, 0x00, 0x00, 0x00, 0x00, 0x00, 0x00, 0x00, 0x00, 0x00, 0x00, 0x00, 0x00, 0x00 },
        },
        1,  /* expected_result */
        "Single signature"
    },
    {  /* BIP vector #2: Two signatures */
        2,  /* n */
        {  /* aggsig */
            0xB0, 0x70, 0xAA, 0xFC, 0xEA, 0x43, 0x9A, 0x4F, 0x6F, 0x1B, 0xBF, 0xC2, 0xEB, 0x66, 0xD2, 0x9D,
            0x24, 0xB0, 0xCA, 0xB7, 0x4D, 0x6B, 0x74, 0x5C, 0x3C, 0xFB, 0x00, 0x9C, 0xC8, 0xFE, 0x4A, 0xA8,
            0xA3, 0xAF, 0xBD, 0xB4, 0x5A, 0x6A, 0x34, 0xBF, 0x7C, 0x8C, 0x00, 0xF1, 0xB6, 0xD7, 0xE7, 0xD3,
            0x75, 0xB5, 0x45, 0x40, 0xF1, 0x37, 0x16, 0xC8, 0x7B, 0x62, 0xE5, 0x1E, 0x2F, 0x4F, 0x22, 0xFF,
            0xBF, 0x89, 0x13, 0xEC, 0x53, 0x22, 0x6A, 0x34, 0x89, 0x2D, 0x60, 0x25, 0x2A, 0x70, 0x52, 0x61,
            0x4C, 0xA7, 0x9A, 0xE9, 0x39, 0x98, 0x68, 0x28, 0xD8, 0x1D, 0x23, 0x11, 0x95, 0x73, 0x71, 0xAD,
        },
        96,  /* aggsig_len */
        {  /* pubkeys */
            { 0x1B, 0x84, 0xC5, 0x56, 0x7B, 0x12, 0x64, 0x40, 0x99, 0x5D, 0x3E, 0xD5, 0xAA, 0xBA, 0x05, 0x65, 0xD7, 0x1E, 0x18, 0x34, 0x60, 0x48, 0x19, 0xFF, 0x9C, 0x17, 0xF5, 0xE9, 0xD5, 0xDD, 0x07, 0x8F },
            { 0x46, 0x27, 0x79, 0xAD, 0x4A, 0xAD, 0x39, 0x51, 0x46, 0x14, 0x75, 0x1A, 0x71, 0x08, 0x5F, 0x2F, 0x10, 0xE1, 0xC7, 0xA5, 0x93, 0xE4, 0xE0, 0x30, 0xEF, 0xB5, 0xB8, 0x72, 0x1C, 0xE5, 0x5B, 0x0B },
            { 0x00, 0x00, 0x00, 0x00, 0x00, 0x00, 0x00, 0x00, 0x00, 0x00, 0x00, 0x00, 0x00, 0x00, 0x00, 0x00, 0x00, 0x00, 0x00, 0x00, 0x00, 0x00, 0x00, 0x00, 0x00, 0x00, 0x00, 0x00, 0x00, 0x00, 0x00, 0x00 },
            { 0x00, 0x00, 0x00, 0x00, 0x00, 0x00, 0x00, 0x00, 0x00, 0x00, 0x00, 0x00, 0x00, 0x00, 0x00, 0x00, 0x00, 0x00, 0x00, 0x00, 0x00, 0x00, 0x00, 0x00, 0x00, 0x00, 0x00, 0x00, 0x00, 0x00, 0x00, 0x00 },
            { 0x00, 0x00, 0x00, 0x00, 0x00, 0x00, 0x00, 0x00, 0x00, 0x00, 0x00, 0x00, 0x00, 0x00, 0x00, 0x00, 0x00, 0x00, 0x00, 0x00, 0x00, 0x00, 0x00, 0x00, 0x00, 0x00, 0x00, 0x00, 0x00, 0x00, 0x00, 0x00 },
        },
        {  /* msgs */
            { 0x02, 0x02, 0x02, 0x02, 0x02, 0x02, 0x02, 0x02, 0x02, 0x02, 0x02, 0x02, 0x02, 0x02, 0x02, 0x02, 0x02, 0x02, 0x02, 0x02, 0x02, 0x02, 0x02, 0x02, 0x02, 0x02, 0x02, 0x02, 0x02, 0x02, 0x02, 0x02 },
            { 0x05, 0x05, 0x05, 0x05, 0x05, 0x05, 0x05, 0x05, 0x05, 0x05, 0x05, 0x05, 0x05, 0x05, 0x05, 0x05, 0x05, 0x05, 0x05, 0x05, 0x05, 0x05, 0x05, 0x05, 0x05, 0x05, 0x05, 0x05, 0x05, 0x05, 0x05, 0x05 },
            { 0x00, 0x00, 0x00, 0x00, 0x00, 0x00, 0x00, 0x00, 0x00, 0x00, 0x00, 0x00, 0x00, 0x00, 0x00, 0x00, 0x00, 0x00, 0x00, 0x00, 0x00, 0x00, 0x00, 0x00, 0x00, 0x00, 0x00, 0x00, 0x00, 0x00, 0x00, 0x00 },
            { 0x00, 0x00, 0x00, 0x00, 0x00, 0x00, 0x00, 0x00, 0x00, 0x00, 0x00, 0x00, 0x00, 0x00, 0x00, 0x00, 0x00, 0x00, 0x00, 0x00, 0x00, 0x00, 0x00, 0x00, 0x00, 0x00, 0x00, 0x00, 0x00, 0x00, 0x00, 0x00 },
            { 0x00, 0x00, 0x00, 0x00, 0x00, 0x00, 0x00, 0x00, 0x00, 0x00, 0x00, 0x00, 0x00, 0x00, 0x00, 0x00, 0x00, 0x00, 0x00, 0x00, 0x00, 0x00, 0x00, 0x00, 0x00, 0x00, 0x00, 0x00, 0x00, 0x00, 0x00, 0x00 },
        },
        1,  /* expected_result */
        "Two signatures"
    },
    {  /* BIP vector #3: Three signatures */
        3,  /* n */
        {  /* aggsig */
            0xB0, 0x70, 0xAA, 0xFC, 0xEA, 0x43, 0x9A, 0x4F, 0x6F, 0x1B, 0xBF, 0xC2, 0xEB, 0x66, 0xD2, 0x9D,
            0x24, 0xB0, 0xCA, 0xB7, 0x4D, 0x6B, 0x74, 0x5C, 0x3C, 0xFB, 0x00, 0x9C, 0xC8, 0xFE, 0x4A, 0xA8,
            0xC9, 0xD9, 0xB1, 0xCC, 0xE8, 0xC0, 0xA9, 0x9A, 0xA7, 0x9F, 0x56, 0x18, 0x53, 0x58, 0xCD, 0x82,
            0xB7, 0x64, 0x9D, 0x61, 0x32, 0xDA, 0xAC, 0xB3, 0x16, 0x12, 0xC7, 0xC9, 0xB1, 0x4C, 0xE3, 0xA9,
            0xF6, 0x2B, 0x58, 0xB1, 0x90, 0x81, 0x97, 0xB6, 0xD7, 0x32, 0xF0, 0x56, 0x4A, 0xD2, 0xAD, 0x5C,
            0x6E, 0x43, 0x8D, 0x24, 0xC6, 0x5A, 0xF7, 0x58, 0xDA, 0x9A, 0xCC, 0xCC, 0xCF, 0x5B, 0x3F, 0x92,
            0xF6, 0x9F, 0x0D, 0xB5, 0x95, 0x93, 0x4B, 0xE9, 0x77, 0x71, 0xDE, 0xF1, 0x14, 0x96, 0x2A, 0x92,
            0x77, 0x86, 0x1B, 0xFD, 0x58, 0x58, 0xD2, 0xE3, 0x64, 0xDC, 0xCF, 0x30, 0x26, 0x6F, 0x8C, 0xD4,
        },
        128,  /* aggsig_len */
        {  /* pubkeys */
            { 0x1B, 0x84, 0xC5, 0x56, 0x7B, 0x12, 0x64, 0x40, 0x99, 0x5D, 0x3E, 0xD5, 0xAA, 0xBA, 0x05, 0x65, 0xD7, 0x1E, 0x18, 0x34, 0x60, 0x48, 0x19, 0xFF, 0x9C, 0x17, 0xF5, 0xE9, 0xD5, 0xDD, 0x07, 0x8F },
            { 0x4D, 0x4B, 0x6C, 0xD1, 0x36, 0x10, 0x32, 0xCA, 0x9B, 0xD2, 0xAE, 0xB9, 0xD9, 0x00, 0xAA, 0x4D, 0x45, 0xD9, 0xEA, 0xD8, 0x0A, 0xC9, 0x42, 0x33, 0x74, 0xC4, 0x51, 0xA7, 0x25, 0x4D, 0x07, 0x66 },
            { 0x53, 0x1F, 0xE6, 0x06, 0x81, 0x34, 0x50, 0x3D, 0x27, 0x23, 0x13, 0x32, 0x27, 0xC8, 0x67, 0xAC, 0x8F, 0xA6, 0xC8, 0x3C, 0x53, 0x7E, 0x9A, 0x44, 0xC3, 0xC5, 0xBD, 0xBD, 0xCB, 0x1F, 0xE3, 0x37 },
            { 0x00, 0x00, 0x00, 0x00, 0x00, 0x00, 0x00, 0x00, 0x00, 0x00, 0x00, 0x00, 0x00, 0x00, 0x00, 0x00, 0x00, 0x00, 0x00, 0x00, 0x00, 0x00, 0x00, 0x00, 0x00, 0x00, 0x00, 0x00, 0x00, 0x00, 0x00, 0x00 },
            { 0x00, 0x00, 0x00, 0x00, 0x00, 0x00, 0x00, 0x00, 0x00, 0x00, 0x00, 0x00, 0x00, 0x00, 0x00, 0x00, 0x00, 0x00, 0x00, 0x00, 0x00, 0x00, 0x00, 0x00, 0x00, 0x00, 0x00, 0x00, 0x00, 0x00, 0x00, 0x00 },
        },
        {  /* msgs */
            { 0x02, 0x02, 0x02, 0x02, 0x02, 0x02, 0x02, 0x02, 0x02, 0x02, 0x02, 0x02, 0x02, 0x02, 0x02, 0x02, 0x02, 0x02, 0x02, 0x02, 0x02, 0x02, 0x02, 0x02, 0x02, 0x02, 0x02, 0x02, 0x02, 0x02, 0x02, 0x02 },
            { 0x03, 0x03, 0x03, 0x03, 0x03, 0x03, 0x03, 0x03, 0x03, 0x03, 0x03, 0x03, 0x03, 0x03, 0x03, 0x03, 0x03, 0x03, 0x03, 0x03, 0x03, 0x03, 0x03, 0x03, 0x03, 0x03, 0x03, 0x03, 0x03, 0x03, 0x03, 0x03 },
            { 0x04, 0x04, 0x04, 0x04, 0x04, 0x04, 0x04, 0x04, 0x04, 0x04, 0x04, 0x04, 0x04, 0x04, 0x04, 0x04, 0x04, 0x04, 0x04, 0x04, 0x04, 0x04, 0x04, 0x04, 0x04, 0x04, 0x04, 0x04, 0x04, 0x04, 0x04, 0x04 },
            { 0x00, 0x00, 0x00, 0x00, 0x00, 0x00, 0x00, 0x00, 0x00, 0x00, 0x00, 0x00, 0x00, 0x00, 0x00, 0x00, 0x00, 0x00, 0x00, 0x00, 0x00, 0x00, 0x00, 0x00, 0x00, 0x00, 0x00, 0x00, 0x00, 0x00, 0x00, 0x00 },
            { 0x00, 0x00, 0x00, 0x00, 0x00, 0x00, 0x00, 0x00, 0x00, 0x00, 0x00, 0x00, 0x00, 0x00, 0x00, 0x00, 0x00, 0x00, 0x00, 0x00, 0x00, 0x00, 0x00, 0x00, 0x00, 0x00, 0x00, 0x00, 0x00, 0x00, 0x00, 0x00 },
        },
        1,  /* expected_result */
        "Three signatures"
    },
    {  /* BIP vector #4: Five signatures */
        5,  /* n */
        {  /* aggsig */
            0xB0, 0x70, 0xAA, 0xFC, 0xEA, 0x43, 0x9A, 0x4F, 0x6F, 0x1B, 0xBF, 0xC2, 0xEB, 0x66, 0xD2, 0x9D,
            0x24, 0xB0, 0xCA, 0xB7, 0x4D, 0x6B, 0x74, 0x5C, 0x3C, 0xFB, 0x00, 0x9C, 0xC8, 0xFE, 0x4A, 0xA8,
            0xC9, 0xD9, 0xB1, 0xCC, 0xE8, 0xC0, 0xA9, 0x9A, 0xA7, 0x9F, 0x56, 0x18, 0x53, 0x58, 0xCD, 0x82,
            0xB7, 0x64, 0x9D, 0x61, 0x32, 0xDA, 0xAC, 0xB3, 0x16, 0x12, 0xC7, 0xC9, 0xB1, 0x4C, 0xE3, 0xA9,
            0xF6, 0x2B, 0x58, 0xB1, 0x90, 0x81, 0x97, 0xB6, 0xD7, 0x32, 0xF0, 0x56, 0x4A, 0xD2, 0xAD, 0x5C,
            0x6E, 0x43, 0x8D, 0x24, 0xC6, 0x5A, 0xF7, 0x58, 0xDA, 0x9A, 0xCC, 0xCC, 0xCF, 0x5B, 0x3F, 0x92,
            0xA3, 0xAF, 0xBD, 0xB4, 0x5A, 0x6A, 0x34, 0xBF, 0x7C, 0x8C, 0x00, 0xF1, 0xB6, 0xD7, 0xE7, 0xD3,
            0x75, 0xB5, 0x45, 0x40, 0xF1, 0x37, 0x16, 0xC8, 0x7B, 0x62, 0xE5, 0x1E, 0x2F, 0x4F, 0x22, 0xFF,
            0xC1, 0x31, 0x9F, 0x37, 0x43, 0xA9, 0xB8, 0xA5, 0xA3, 0x04, 0x08, 0xFA, 0x90, 0xE9, 0x6B, 0x3A,
            0x8B, 0xB3, 0xFD, 0x4F, 0xF5, 0xB7, 0x90, 0x93, 0x5C, 0x46, 0x5D, 0xDC, 0x68, 0x85, 0x9B, 0x29,
            0x3B, 0xCB, 0x7A, 0x26, 0x4B, 0xF1, 0x87, 0x58, 0xB6, 0x61, 0x72, 0xF5, 0xA5, 0x6A, 0xF9, 0x8A,
            0x0C, 0xED, 0xAF, 0x94, 0x4D, 0x09, 0x4E, 0xE3, 0x96, 0xA9, 0x41, 0xA0, 0x9F, 0x10, 0x01, 0x5A,
        },
        192,  /* aggsig_len */
        {  /* pubkeys */
            { 0x1B, 0x84, 0xC5, 0x56, 0x7B, 0x12, 0x64, 0x40, 0x99, 0x5D, 0x3E, 0xD5, 0xAA, 0xBA, 0x05, 0x65, 0xD7, 0x1E, 0x18, 0x34, 0x60, 0x48, 0x19, 0xFF, 0x9C, 0x17, 0xF5, 0xE9, 0xD5, 0xDD, 0x07, 0x8F },
            { 0x4D, 0x4B, 0x6C, 0xD1, 0x36, 0x10, 0x32, 0xCA, 0x9B, 0xD2, 0xAE, 0xB9, 0xD9, 0x00, 0xAA, 0x4D, 0x45, 0xD9, 0xEA, 0xD8, 0x0A, 0xC9, 0x42, 0x33, 0x74, 0xC4, 0x51, 0xA7, 0x25, 0x4D, 0x07, 0x66 },
            { 0x53, 0x1F, 0xE6, 0x06, 0x81, 0x34, 0x50, 0x3D, 0x27, 0x23, 0x13, 0x32, 0x27, 0xC8, 0x67, 0xAC, 0x8F, 0xA6, 0xC8, 0x3C, 0x53, 0x7E, 0x9A, 0x44, 0xC3, 0xC5, 0xBD, 0xBD, 0xCB, 0x1F, 0xE3, 0x37 },
            { 0x46, 0x27, 0x79, 0xAD, 0x4A, 0xAD, 0x39, 0x51, 0x46, 0x14, 0x75, 0x1A, 0x71, 0x08, 0x5F, 0x2F, 0x10, 0xE1, 0xC7, 0xA5, 0x93, 0xE4, 0xE0, 0x30, 0xEF, 0xB5, 0xB8, 0x72, 0x1C, 0xE5, 0x5B, 0x0B },
            { 0x62, 0xC0, 0xA0, 0x46, 0xDA, 0xCC, 0xE8, 0x6D, 0xDD, 0x03, 0x43, 0xC6, 0xD3, 0xC7, 0xC7, 0x9C, 0x22, 0x08, 0xBA, 0x0D, 0x9C, 0x9C, 0xF2, 0x4A, 0x6D, 0x04, 0x6D, 0x21, 0xD2, 0x1F, 0x90, 0xF7 },
        },
        {  /* msgs */
            { 0x02, 0x02, 0x02, 0x02, 0x02, 0x02, 0x02, 0x02, 0x02, 0x02, 0x02, 0x02, 0x02, 0x02, 0x02, 0x02, 0x02, 0x02, 0x02, 0x02, 0x02, 0x02, 0x02, 0x02, 0x02, 0x02, 0x02, 0x02, 0x02, 0x02, 0x02, 0x02 },
            { 0x03, 0x03, 0x03, 0x03, 0x03, 0x03, 0x03, 0x03, 0x03, 0x03, 0x03, 0x03, 0x03, 0x03, 0x03, 0x03, 0x03, 0x03, 0x03, 0x03, 0x03, 0x03, 0x03, 0x03, 0x03, 0x03, 0x03, 0x03, 0x03, 0x03, 0x03, 0x03 },
            { 0x04, 0x04, 0x04, 0x04, 0x04, 0x04, 0x04, 0x04, 0x04, 0x04, 0x04, 0x04, 0x04, 0x04, 0x04, 0x04, 0x04, 0x04, 0x04, 0x04, 0x04, 0x04, 0x04, 0x04, 0x04, 0x04, 0x04, 0x04, 0x04, 0x04, 0x04, 0x04 },
            { 0x05, 0x05, 0x05, 0x05, 0x05, 0x05, 0x05, 0x05, 0x05, 0x05, 0x05, 0x05, 0x05, 0x05, 0x05, 0x05, 0x05, 0x05, 0x05, 0x05, 0x05, 0x05, 0x05, 0x05, 0x05, 0x05, 0x05, 0x05, 0x05, 0x05, 0x05, 0x05 },
            { 0x06, 0x06, 0x06, 0x06, 0x06, 0x06, 0x06, 0x06, 0x06, 0x06, 0x06, 0x06, 0x06, 0x06, 0x06, 0x06, 0x06, 0x06, 0x06, 0x06, 0x06, 0x06, 0x06, 0x06, 0x06, 0x06, 0x06, 0x06, 0x06, 0x06, 0x06, 0x06 },
        },
        1,  /* expected_result */
        "Five signatures"
    },
    {  /* BIP vector #5: Public key not on curve */
        1,  /* n */
        {  /* aggsig */
            0xB0, 0x70, 0xAA, 0xFC, 0xEA, 0x43, 0x9A, 0x4F, 0x6F, 0x1B, 0xBF, 0xC2, 0xEB, 0x66, 0xD2, 0x9D,
            0x24, 0xB0, 0xCA, 0xB7, 0x4D, 0x6B, 0x74, 0x5C, 0x3C, 0xFB, 0x00, 0x9C, 0xC8, 0xFE, 0x4A, 0xA8,
            0x0E, 0x06, 0x6C, 0x34, 0x81, 0x99, 0x36, 0x54, 0x9F, 0xF4, 0x9B, 0x6F, 0xD4, 0xD4, 0x1E, 0xDF,
            0xC4, 0x01, 0xA3, 0x67, 0xB8, 0x7D, 0xDD, 0x59, 0xFE, 0xE3, 0x81, 0x77, 0x96, 0x1C, 0x22, 0x5F,
        },
        64,  /* aggsig_len */
        {  /* pubkeys */
            { 0x4A, 0x29, 0x8D, 0xAC, 0xAE, 0x57, 0x39, 0x5A, 0x15, 0xD0, 0x79, 0x5D, 0xDB, 0xFD, 0x1D, 0xCB, 0x56, 0x4D, 0xA8, 0x2B, 0x0F, 0x26, 0x9B, 0xC7, 0x0A, 0x74, 0xF8, 0x22, 0x04, 0x29, 0xBA, 0x1D },
            { 0x00, 0x00, 0x00, 0x00, 0x00, 0x00, 0x00, 0x00, 0x00, 0x00, 0x00, 0x00, 0x00, 0x00, 0x00, 0x00, 0x00, 0x00, 0x00, 0x00, 0x00, 0x00, 0x00, 0x00, 0x00, 0x00, 0x00, 0x00, 0x00, 0x00, 0x00, 0x00 },
            { 0x00, 0x00, 0x00, 0x00, 0x00, 0x00, 0x00, 0x00, 0x00, 0x00, 0x00, 0x00, 0x00, 0x00, 0x00, 0x00, 0x00, 0x00, 0x00, 0x00, 0x00, 0x00, 0x00, 0x00, 0x00, 0x00, 0x00, 0x00, 0x00, 0x00, 0x00, 0x00 },
            { 0x00, 0x00, 0x00, 0x00, 0x00, 0x00, 0x00, 0x00, 0x00, 0x00, 0x00, 0x00, 0x00, 0x00, 0x00, 0x00, 0x00, 0x00, 0x00, 0x00, 0x00, 0x00, 0x00, 0x00, 0x00, 0x00, 0x00, 0x00, 0x00, 0x00, 0x00, 0x00 },
            { 0x00, 0x00, 0x00, 0x00, 0x00, 0x00, 0x00, 0x00, 0x00, 0x00, 0x00, 0x00, 0x00, 0x00, 0x00, 0x00, 0x00, 0x00, 0x00, 0x00, 0x00, 0x00, 0x00, 0x00, 0x00, 0x00, 0x00, 0x00, 0x00, 0x00, 0x00, 0x00 },
        },
        {  /* msgs */
            { 0x02, 0x02, 0x02, 0x02, 0x02, 0x02, 0x02, 0x02, 0x02, 0x02, 0x02, 0x02, 0x02, 0x02, 0x02, 0x02, 0x02, 0x02, 0x02, 0x02, 0x02, 0x02, 0x02, 0x02, 0x02, 0x02, 0x02, 0x02, 0x02, 0x02, 0x02, 0x02 },
            { 0x00, 0x00, 0x00, 0x00, 0x00, 0x00, 0x00, 0x00, 0x00, 0x00, 0x00, 0x00, 0x00, 0x00, 0x00, 0x00, 0x00, 0x00, 0x00, 0x00, 0x00, 0x00, 0x00, 0x00, 0x00, 0x00, 0x00, 0x00, 0x00, 0x00, 0x00, 0x00 },
            { 0x00, 0x00, 0x00, 0x00, 0x00, 0x00, 0x00, 0x00, 0x00, 0x00, 0x00, 0x00, 0x00, 0x00, 0x00, 0x00, 0x00, 0x00, 0x00, 0x00, 0x00, 0x00, 0x00, 0x00, 0x00, 0x00, 0x00, 0x00, 0x00, 0x00, 0x00, 0x00 },
            { 0x00, 0x00, 0x00, 0x00, 0x00, 0x00, 0x00, 0x00, 0x00, 0x00, 0x00, 0x00, 0x00, 0x00, 0x00, 0x00, 0x00, 0x00, 0x00, 0x00, 0x00, 0x00, 0x00, 0x00, 0x00, 0x00, 0x00, 0x00, 0x00, 0x00, 0x00, 0x00 },
            { 0x00, 0x00, 0x00, 0x00, 0x00, 0x00, 0x00, 0x00, 0x00, 0x00, 0x00, 0x00, 0x00, 0x00, 0x00, 0x00, 0x00, 0x00, 0x00, 0x00, 0x00, 0x00, 0x00, 0x00, 0x00, 0x00, 0x00, 0x00, 0x00, 0x00, 0x00, 0x00 },
        },
        0,  /* expected_result */
        "Public key not on curve"
    },
    {  /* BIP vector #6: Public key is zero */
        1,  /* n */
        {  /* aggsig */
            0xB0, 0x70, 0xAA, 0xFC, 0xEA, 0x43, 0x9A, 0x4F, 0x6F, 0x1B, 0xBF, 0xC2, 0xEB, 0x66, 0xD2, 0x9D,
            0x24, 0xB0, 0xCA, 0xB7, 0x4D, 0x6B, 0x74, 0x5C, 0x3C, 0xFB, 0x00, 0x9C, 0xC8, 0xFE, 0x4A, 0xA8,
            0x0E, 0x06, 0x6C, 0x34, 0x81, 0x99, 0x36, 0x54, 0x9F, 0xF4, 0x9B, 0x6F, 0xD4, 0xD4, 0x1E, 0xDF,
            0xC4, 0x01, 0xA3, 0x67, 0xB8, 0x7D, 0xDD, 0x59, 0xFE, 0xE3, 0x81, 0x77, 0x96, 0x1C, 0x22, 0x5F,
        },
        64,  /* aggsig_len */
        {  /* pubkeys */
            { 0x00, 0x00, 0x00, 0x00, 0x00, 0x00, 0x00, 0x00, 0x00, 0x00, 0x00, 0x00, 0x00, 0x00, 0x00, 0x00, 0x00, 0x00, 0x00, 0x00, 0x00, 0x00, 0x00, 0x00, 0x00, 0x00, 0x00, 0x00, 0x00, 0x00, 0x00, 0x00 },
            { 0x00, 0x00, 0x00, 0x00, 0x00, 0x00, 0x00, 0x00, 0x00, 0x00, 0x00, 0x00, 0x00, 0x00, 0x00, 0x00, 0x00, 0x00, 0x00, 0x00, 0x00, 0x00, 0x00, 0x00, 0x00, 0x00, 0x00, 0x00, 0x00, 0x00, 0x00, 0x00 },
            { 0x00, 0x00, 0x00, 0x00, 0x00, 0x00, 0x00, 0x00, 0x00, 0x00, 0x00, 0x00, 0x00, 0x00, 0x00, 0x00, 0x00, 0x00, 0x00, 0x00, 0x00, 0x00, 0x00, 0x00, 0x00, 0x00, 0x00, 0x00, 0x00, 0x00, 0x00, 0x00 },
            { 0x00, 0x00, 0x00, 0x00, 0x00, 0x00, 0x00, 0x00, 0x00, 0x00, 0x00, 0x00, 0x00, 0x00, 0x00, 0x00, 0x00, 0x00, 0x00, 0x00, 0x00, 0x00, 0x00, 0x00, 0x00, 0x00, 0x00, 0x00, 0x00, 0x00, 0x00, 0x00 },
            { 0x00, 0x00, 0x00, 0x00, 0x00, 0x00, 0x00, 0x00, 0x00, 0x00, 0x00, 0x00, 0x00, 0x00, 0x00, 0x00, 0x00, 0x00, 0x00, 0x00, 0x00, 0x00, 0x00, 0x00, 0x00, 0x00, 0x00, 0x00, 0x00, 0x00, 0x00, 0x00 },
        },
        {  /* msgs */
            { 0x02, 0x02, 0x02, 0x02, 0x02, 0x02, 0x02, 0x02, 0x02, 0x02, 0x02, 0x02, 0x02, 0x02, 0x02, 0x02, 0x02, 0x02, 0x02, 0x02, 0x02, 0x02, 0x02, 0x02, 0x02, 0x02, 0x02, 0x02, 0x02, 0x02, 0x02, 0x02 },
            { 0x00, 0x00, 0x00, 0x00, 0x00, 0x00, 0x00, 0x00, 0x00, 0x00, 0x00, 0x00, 0x00, 0x00, 0x00, 0x00, 0x00, 0x00, 0x00, 0x00, 0x00, 0x00, 0x00, 0x00, 0x00, 0x00, 0x00, 0x00, 0x00, 0x00, 0x00, 0x00 },
            { 0x00, 0x00, 0x00, 0x00, 0x00, 0x00, 0x00, 0x00, 0x00, 0x00, 0x00, 0x00, 0x00, 0x00, 0x00, 0x00, 0x00, 0x00, 0x00, 0x00, 0x00, 0x00, 0x00, 0x00, 0x00, 0x00, 0x00, 0x00, 0x00, 0x00, 0x00, 0x00 },
            { 0x00, 0x00, 0x00, 0x00, 0x00, 0x00, 0x00, 0x00, 0x00, 0x00, 0x00, 0x00, 0x00, 0x00, 0x00, 0x00, 0x00, 0x00, 0x00, 0x00, 0x00, 0x00, 0x00, 0x00, 0x00, 0x00, 0x00, 0x00, 0x00, 0x00, 0x00, 0x00 },
            { 0x00, 0x00, 0x00, 0x00, 0x00, 0x00, 0x00, 0x00, 0x00, 0x00, 0x00, 0x00, 0x00, 0x00, 0x00, 0x00, 0x00, 0x00, 0x00, 0x00, 0x00, 0x00, 0x00, 0x00, 0x00, 0x00, 0x00, 0x00, 0x00, 0x00, 0x00, 0x00 },
        },
        0,  /* expected_result */
        "Public key is zero"
    },
    {  /* BIP vector #7: Public key >= field size */
        1,  /* n */
        {  /* aggsig */
            0xB0, 0x70, 0xAA, 0xFC, 0xEA, 0x43, 0x9A, 0x4F, 0x6F, 0x1B, 0xBF, 0xC2, 0xEB, 0x66, 0xD2, 0x9D,
            0x24, 0xB0, 0xCA, 0xB7, 0x4D, 0x6B, 0x74, 0x5C, 0x3C, 0xFB, 0x00, 0x9C, 0xC8, 0xFE, 0x4A, 0xA8,
            0x0E, 0x06, 0x6C, 0x34, 0x81, 0x99, 0x36, 0x54, 0x9F, 0xF4, 0x9B, 0x6F, 0xD4, 0xD4, 0x1E, 0xDF,
            0xC4, 0x01, 0xA3, 0x67, 0xB8, 0x7D, 0xDD, 0x59, 0xFE, 0xE3, 0x81, 0x77, 0x96, 0x1C, 0x22, 0x5F,
        },
        64,  /* aggsig_len */
        {  /* pubkeys */
            { 0xFF, 0xFF, 0xFF, 0xFF, 0xFF, 0xFF, 0xFF, 0xFF, 0xFF, 0xFF, 0xFF, 0xFF, 0xFF, 0xFF, 0xFF, 0xFF, 0xFF, 0xFF, 0xFF, 0xFF, 0xFF, 0xFF, 0xFF, 0xFF, 0xFF, 0xFF, 0xFF, 0xFE, 0xFF, 0xFF, 0xFC, 0x2F },
            { 0x00, 0x00, 0x00, 0x00, 0x00, 0x00, 0x00, 0x00, 0x00, 0x00, 0x00, 0x00, 0x00, 0x00, 0x00, 0x00, 0x00, 0x00, 0x00, 0x00, 0x00, 0x00, 0x00, 0x00, 0x00, 0x00, 0x00, 0x00, 0x00, 0x00, 0x00, 0x00 },
            { 0x00, 0x00, 0x00, 0x00, 0x00, 0x00, 0x00, 0x00, 0x00, 0x00, 0x00, 0x00, 0x00, 0x00, 0x00, 0x00, 0x00, 0x00, 0x00, 0x00, 0x00, 0x00, 0x00, 0x00, 0x00, 0x00, 0x00, 0x00, 0x00, 0x00, 0x00, 0x00 },
            { 0x00, 0x00, 0x00, 0x00, 0x00, 0x00, 0x00, 0x00, 0x00, 0x00, 0x00, 0x00, 0x00, 0x00, 0x00, 0x00, 0x00, 0x00, 0x00, 0x00, 0x00, 0x00, 0x00, 0x00, 0x00, 0x00, 0x00, 0x00, 0x00, 0x00, 0x00, 0x00 },
            { 0x00, 0x00, 0x00, 0x00, 0x00, 0x00, 0x00, 0x00, 0x00, 0x00, 0x00, 0x00, 0x00, 0x00, 0x00, 0x00, 0x00, 0x00, 0x00, 0x00, 0x00, 0x00, 0x00, 0x00, 0x00, 0x00, 0x00, 0x00, 0x00, 0x00, 0x00, 0x00 },
        },
        {  /* msgs */
            { 0x02, 0x02, 0x02, 0x02, 0x02, 0x02, 0x02, 0x02, 0x02, 0x02, 0x02, 0x02, 0x02, 0x02, 0x02, 0x02, 0x02, 0x02, 0x02, 0x02, 0x02, 0x02, 0x02, 0x02, 0x02, 0x02, 0x02, 0x02, 0x02, 0x02, 0x02, 0x02 },
            { 0x00, 0x00, 0x00, 0x00, 0x00, 0x00, 0x00, 0x00, 0x00, 0x00, 0x00, 0x00, 0x00, 0x00, 0x00, 0x00, 0x00, 0x00, 0x00, 0x00, 0x00, 0x00, 0x00, 0x00, 0x00, 0x00, 0x00, 0x00, 0x00, 0x00, 0x00, 0x00 },
            { 0x00, 0x00, 0x00, 0x00, 0x00, 0x00, 0x00, 0x00, 0x00, 0x00, 0x00, 0x00, 0x00, 0x00, 0x00, 0x00, 0x00, 0x00, 0x00, 0x00, 0x00, 0x00, 0x00, 0x00, 0x00, 0x00, 0x00, 0x00, 0x00, 0x00, 0x00, 0x00 },
            { 0x00, 0x00, 0x00, 0x00, 0x00, 0x00, 0x00, 0x00, 0x00, 0x00, 0x00, 0x00, 0x00, 0x00, 0x00, 0x00, 0x00, 0x00, 0x00, 0x00, 0x00, 0x00, 0x00, 0x00, 0x00, 0x00, 0x00, 0x00, 0x00, 0x00, 0x00, 0x00 },
            { 0x00, 0x00, 0x00, 0x00, 0x00, 0x00, 0x00, 0x00, 0x00, 0x00, 0x00, 0x00, 0x00, 0x00, 0x00, 0x00, 0x00, 0x00, 0x00, 0x00, 0x00, 0x00, 0x00, 0x00, 0x00, 0x00, 0x00, 0x00, 0x00, 0x00, 0x00, 0x00 },
        },
        0,  /* expected_result */
        "Public key >= field size"
    },
    {  /* BIP vector #8: R value not on curve */
        1,  /* n */
        {  /* aggsig */
            0x4A, 0x29, 0x8D, 0xAC, 0xAE, 0x57, 0x39, 0x5A, 0x15, 0xD0, 0x79, 0x5D, 0xDB, 0xFD, 0x1D, 0xCB,
            0x56, 0x4D, 0xA8, 0x2B, 0x0F, 0x26, 0x9B, 0xC7, 0x0A, 0x74, 0xF8, 0x22, 0x04, 0x29, 0xBA, 0x1D,
            0x0E, 0x06, 0x6C, 0x34, 0x81, 0x99, 0x36, 0x54, 0x9F, 0xF4, 0x9B, 0x6F, 0xD4, 0xD4, 0x1E, 0xDF,
            0xC4, 0x01, 0xA3, 0x67, 0xB8, 0x7D, 0xDD, 0x59, 0xFE, 0xE3, 0x81, 0x77, 0x96, 0x1C, 0x22, 0x5F,
        },
        64,  /* aggsig_len */
        {  /* pubkeys */
            { 0x1B, 0x84, 0xC5, 0x56, 0x7B, 0x12, 0x64, 0x40, 0x99, 0x5D, 0x3E, 0xD5, 0xAA, 0xBA, 0x05, 0x65, 0xD7, 0x1E, 0x18, 0x34, 0x60, 0x48, 0x19, 0xFF, 0x9C, 0x17, 0xF5, 0xE9, 0xD5, 0xDD, 0x07, 0x8F },
            { 0x00, 0x00, 0x00, 0x00, 0x00, 0x00, 0x00, 0x00, 0x00, 0x00, 0x00, 0x00, 0x00, 0x00, 0x00, 0x00, 0x00, 0x00, 0x00, 0x00, 0x00, 0x00, 0x00, 0x00, 0x00, 0x00, 0x00, 0x00, 0x00, 0x00, 0x00, 0x00 },
            { 0x00, 0x00, 0x00, 0x00, 0x00, 0x00, 0x00, 0x00, 0x00, 0x00, 0x00, 0x00, 0x00, 0x00, 0x00, 0x00, 0x00, 0x00, 0x00, 0x00, 0x00, 0x00, 0x00, 0x00, 0x00, 0x00, 0x00, 0x00, 0x00, 0x00, 0x00, 0x00 },
            { 0x00, 0x00, 0x00, 0x00, 0x00, 0x00, 0x00, 0x00, 0x00, 0x00, 0x00, 0x00, 0x00, 0x00, 0x00, 0x00, 0x00, 0x00, 0x00, 0x00, 0x00, 0x00, 0x00, 0x00, 0x00, 0x00, 0x00, 0x00, 0x00, 0x00, 0x00, 0x00 },
            { 0x00, 0x00, 0x00, 0x00, 0x00, 0x00, 0x00, 0x00, 0x00, 0x00, 0x00, 0x00, 0x00, 0x00, 0x00, 0x00, 0x00, 0x00, 0x00, 0x00, 0x00, 0x00, 0x00, 0x00, 0x00, 0x00, 0x00, 0x00, 0x00, 0x00, 0x00, 0x00 },
        },
        {  /* msgs */
            { 0x02, 0x02, 0x02, 0x02, 0x02, 0x02, 0x02, 0x02, 0x02, 0x02, 0x02, 0x02, 0x02, 0x02, 0x02, 0x02, 0x02, 0x02, 0x02, 0x02, 0x02, 0x02, 0x02, 0x02, 0x02, 0x02, 0x02, 0x02, 0x02, 0x02, 0x02, 0x02 },
            { 0x00, 0x00, 0x00, 0x00, 0x00, 0x00, 0x00, 0x00, 0x00, 0x00, 0x00, 0x00, 0x00, 0x00, 0x00, 0x00, 0x00, 0x00, 0x00, 0x00, 0x00, 0x00, 0x00, 0x00, 0x00, 0x00, 0x00, 0x00, 0x00, 0x00, 0x00, 0x00 },
            { 0x00, 0x00, 0x00, 0x00, 0x00, 0x00, 0x00, 0x00, 0x00, 0x00, 0x00, 0x00, 0x00, 0x00, 0x00, 0x00, 0x00, 0x00, 0x00, 0x00, 0x00, 0x00, 0x00, 0x00, 0x00, 0x00, 0x00, 0x00, 0x00, 0x00, 0x00, 0x00 },
            { 0x00, 0x00, 0x00, 0x00, 0x00, 0x00, 0x00, 0x00, 0x00, 0x00, 0x00, 0x00, 0x00, 0x00, 0x00, 0x00, 0x00, 0x00, 0x00, 0x00, 0x00, 0x00, 0x00, 0x00, 0x00, 0x00, 0x00, 0x00, 0x00, 0x00, 0x00, 0x00 },
            { 0x00, 0x00, 0x00, 0x00, 0x00, 0x00, 0x00, 0x00, 0x00, 0x00, 0x00, 0x00, 0x00, 0x00, 0x00, 0x00, 0x00, 0x00, 0x00, 0x00, 0x00, 0x00, 0x00, 0x00, 0x00, 0x00, 0x00, 0x00, 0x00, 0x00, 0x00, 0x00 },
        },
        0,  /* expected_result */
        "R value not on curve"
    },
    {  /* BIP vector #9: R value is zero */
        1,  /* n */
        {  /* aggsig */
            0x00, 0x00, 0x00, 0x00, 0x00, 0x00, 0x00, 0x00, 0x00, 0x00, 0x00, 0x00, 0x00, 0x00, 0x00, 0x00,
            0x00, 0x00, 0x00, 0x00, 0x00, 0x00, 0x00, 0x00, 0x00, 0x00, 0x00, 0x00, 0x00, 0x00, 0x00, 0x00,
            0x0E, 0x06, 0x6C, 0x34, 0x81, 0x99, 0x36, 0x54, 0x9F, 0xF4, 0x9B, 0x6F, 0xD4, 0xD4, 0x1E, 0xDF,
            0xC4, 0x01, 0xA3, 0x67, 0xB8, 0x7D, 0xDD, 0x59, 0xFE, 0xE3, 0x81, 0x77, 0x96, 0x1C, 0x22, 0x5F,
        },
        64,  /* aggsig_len */
        {  /* pubkeys */
            { 0x1B, 0x84, 0xC5, 0x56, 0x7B, 0x12, 0x64, 0x40, 0x99, 0x5D, 0x3E, 0xD5, 0xAA, 0xBA, 0x05, 0x65, 0xD7, 0x1E, 0x18, 0x34, 0x60, 0x48, 0x19, 0xFF, 0x9C, 0x17, 0xF5, 0xE9, 0xD5, 0xDD, 0x07, 0x8F },
            { 0x00, 0x00, 0x00, 0x00, 0x00, 0x00, 0x00, 0x00, 0x00, 0x00, 0x00, 0x00, 0x00, 0x00, 0x00, 0x00, 0x00, 0x00, 0x00, 0x00, 0x00, 0x00, 0x00, 0x00, 0x00, 0x00, 0x00, 0x00, 0x00, 0x00, 0x00, 0x00 },
            { 0x00, 0x00, 0x00, 0x00, 0x00, 0x00, 0x00, 0x00, 0x00, 0x00, 0x00, 0x00, 0x00, 0x00, 0x00, 0x00, 0x00, 0x00, 0x00, 0x00, 0x00, 0x00, 0x00, 0x00, 0x00, 0x00, 0x00, 0x00, 0x00, 0x00, 0x00, 0x00 },
            { 0x00, 0x00, 0x00, 0x00, 0x00, 0x00, 0x00, 0x00, 0x00, 0x00, 0x00, 0x00, 0x00, 0x00, 0x00, 0x00, 0x00, 0x00, 0x00, 0x00, 0x00, 0x00, 0x00, 0x00, 0x00, 0x00, 0x00, 0x00, 0x00, 0x00, 0x00, 0x00 },
            { 0x00, 0x00, 0x00, 0x00, 0x00, 0x00, 0x00, 0x00, 0x00, 0x00, 0x00, 0x00, 0x00, 0x00, 0x00, 0x00, 0x00, 0x00, 0x00, 0x00, 0x00, 0x00, 0x00, 0x00, 0x00, 0x00, 0x00, 0x00, 0x00, 0x00, 0x00, 0x00 },
        },
        {  /* msgs */
            { 0x02, 0x02, 0x02, 0x02, 0x02, 0x02, 0x02, 0x02, 0x02, 0x02, 0x02, 0x02, 0x02, 0x02, 0x02, 0x02, 0x02, 0x02, 0x02, 0x02, 0x02, 0x02, 0x02, 0x02, 0x02, 0x02, 0x02, 0x02, 0x02, 0x02, 0x02, 0x02 },
            { 0x00, 0x00, 0x00, 0x00, 0x00, 0x00, 0x00, 0x00, 0x00, 0x00, 0x00, 0x00, 0x00, 0x00, 0x00, 0x00, 0x00, 0x00, 0x00, 0x00, 0x00, 0x00, 0x00, 0x00, 0x00, 0x00, 0x00, 0x00, 0x00, 0x00, 0x00, 0x00 },
            { 0x00, 0x00, 0x00, 0x00, 0x00, 0x00, 0x00, 0x00, 0x00, 0x00, 0x00, 0x00, 0x00, 0x00, 0x00, 0x00, 0x00, 0x00, 0x00, 0x00, 0x00, 0x00, 0x00, 0x00, 0x00, 0x00, 0x00, 0x00, 0x00, 0x00, 0x00, 0x00 },
            { 0x00, 0x00, 0x00, 0x00, 0x00, 0x00, 0x00, 0x00, 0x00, 0x00, 0x00, 0x00, 0x00, 0x00, 0x00, 0x00, 0x00, 0x00, 0x00, 0x00, 0x00, 0x00, 0x00, 0x00, 0x00, 0x00, 0x00, 0x00, 0x00, 0x00, 0x00, 0x00 },
            { 0x00, 0x00, 0x00, 0x00, 0x00, 0x00, 0x00, 0x00, 0x00, 0x00, 0x00, 0x00, 0x00, 0x00, 0x00, 0x00, 0x00, 0x00, 0x00, 0x00, 0x00, 0x00, 0x00, 0x00, 0x00, 0x00, 0x00, 0x00, 0x00, 0x00, 0x00, 0x00 },
        },
        0,  /* expected_result */
        "R value is zero"
    },
    {  /* BIP vector #10: R value >= field size */
        1,  /* n */
        {  /* aggsig */
            0xFF, 0xFF, 0xFF, 0xFF, 0xFF, 0xFF, 0xFF, 0xFF, 0xFF, 0xFF, 0xFF, 0xFF, 0xFF, 0xFF, 0xFF, 0xFF,
            0xFF, 0xFF, 0xFF, 0xFF, 0xFF, 0xFF, 0xFF, 0xFF, 0xFF, 0xFF, 0xFF, 0xFE, 0xFF, 0xFF, 0xFC, 0x93,
            0x0E, 0x06, 0x6C, 0x34, 0x81, 0x99, 0x36, 0x54, 0x9F, 0xF4, 0x9B, 0x6F, 0xD4, 0xD4, 0x1E, 0xDF,
            0xC4, 0x01, 0xA3, 0x67, 0xB8, 0x7D, 0xDD, 0x59, 0xFE, 0xE3, 0x81, 0x77, 0x96, 0x1C, 0x22, 0x5F,
        },
        64,  /* aggsig_len */
        {  /* pubkeys */
            { 0x1B, 0x84, 0xC5, 0x56, 0x7B, 0x12, 0x64, 0x40, 0x99, 0x5D, 0x3E, 0xD5, 0xAA, 0xBA, 0x05, 0x65, 0xD7, 0x1E, 0x18, 0x34, 0x60, 0x48, 0x19, 0xFF, 0x9C, 0x17, 0xF5, 0xE9, 0xD5, 0xDD, 0x07, 0x8F },
            { 0x00, 0x00, 0x00, 0x00, 0x00, 0x00, 0x00, 0x00, 0x00, 0x00, 0x00, 0x00, 0x00, 0x00, 0x00, 0x00, 0x00, 0x00, 0x00, 0x00, 0x00, 0x00, 0x00, 0x00, 0x00, 0x00, 0x00, 0x00, 0x00, 0x00, 0x00, 0x00 },
            { 0x00, 0x00, 0x00, 0x00, 0x00, 0x00, 0x00, 0x00, 0x00, 0x00, 0x00, 0x00, 0x00, 0x00, 0x00, 0x00, 0x00, 0x00, 0x00, 0x00, 0x00, 0x00, 0x00, 0x00, 0x00, 0x00, 0x00, 0x00, 0x00, 0x00, 0x00, 0x00 },
            { 0x00, 0x00, 0x00, 0x00, 0x00, 0x00, 0x00, 0x00, 0x00, 0x00, 0x00, 0x00, 0x00, 0x00, 0x00, 0x00, 0x00, 0x00, 0x00, 0x00, 0x00, 0x00, 0x00, 0x00, 0x00, 0x00, 0x00, 0x00, 0x00, 0x00, 0x00, 0x00 },
            { 0x00, 0x00, 0x00, 0x00, 0x00, 0x00, 0x00, 0x00, 0x00, 0x00, 0x00, 0x00, 0x00, 0x00, 0x00, 0x00, 0x00, 0x00, 0x00, 0x00, 0x00, 0x00, 0x00, 0x00, 0x00, 0x00, 0x00, 0x00, 0x00, 0x00, 0x00, 0x00 },
        },
        {  /* msgs */
            { 0x02, 0x02, 0x02, 0x02, 0x02, 0x02, 0x02, 0x02, 0x02, 0x02, 0x02, 0x02, 0x02, 0x02, 0x02, 0x02, 0x02, 0x02, 0x02, 0x02, 0x02, 0x02, 0x02, 0x02, 0x02, 0x02, 0x02, 0x02, 0x02, 0x02, 0x02, 0x02 },
            { 0x00, 0x00, 0x00, 0x00, 0x00, 0x00, 0x00, 0x00, 0x00, 0x00, 0x00, 0x00, 0x00, 0x00, 0x00, 0x00, 0x00, 0x00, 0x00, 0x00, 0x00, 0x00, 0x00, 0x00, 0x00, 0x00, 0x00, 0x00, 0x00, 0x00, 0x00, 0x00 },
            { 0x00, 0x00, 0x00, 0x00, 0x00, 0x00, 0x00, 0x00, 0x00, 0x00, 0x00, 0x00, 0x00, 0x00, 0x00, 0x00, 0x00, 0x00, 0x00, 0x00, 0x00, 0x00, 0x00, 0x00, 0x00, 0x00, 0x00, 0x00, 0x00, 0x00, 0x00, 0x00 },
            { 0x00, 0x00, 0x00, 0x00, 0x00, 0x00, 0x00, 0x00, 0x00, 0x00, 0x00, 0x00, 0x00, 0x00, 0x00, 0x00, 0x00, 0x00, 0x00, 0x00, 0x00, 0x00, 0x00, 0x00, 0x00, 0x00, 0x00, 0x00, 0x00, 0x00, 0x00, 0x00 },
            { 0x00, 0x00, 0x00, 0x00, 0x00, 0x00, 0x00, 0x00, 0x00, 0x00, 0x00, 0x00, 0x00, 0x00, 0x00, 0x00, 0x00, 0x00, 0x00, 0x00, 0x00, 0x00, 0x00, 0x00, 0x00, 0x00, 0x00, 0x00, 0x00, 0x00, 0x00, 0x00 },
        },
        0,  /* expected_result */
        "R value >= field size"
    },
    {  /* BIP vector #11: Aggregate s = n */
        1,  /* n */
        {  /* aggsig */
            0xB0, 0x70, 0xAA, 0xFC, 0xEA, 0x43, 0x9A, 0x4F, 0x6F, 0x1B, 0xBF, 0xC2, 0xEB, 0x66, 0xD2, 0x9D,
            0x24, 0xB0, 0xCA, 0xB7, 0x4D, 0x6B, 0x74, 0x5C, 0x3C, 0xFB, 0x00, 0x9C, 0xC8, 0xFE, 0x4A, 0xA8,
            0xFF, 0xFF, 0xFF, 0xFF, 0xFF, 0xFF, 0xFF, 0xFF, 0xFF, 0xFF, 0xFF, 0xFF, 0xFF, 0xFF, 0xFF, 0xFE,
            0xBA, 0xAE, 0xDC, 0xE6, 0xAF, 0x48, 0xA0, 0x3B, 0xBF, 0xD2, 0x5E, 0x8C, 0xD0, 0x36, 0x41, 0x41,
        },
        64,  /* aggsig_len */
        {  /* pubkeys */
            { 0x1B, 0x84, 0xC5, 0x56, 0x7B, 0x12, 0x64, 0x40, 0x99, 0x5D, 0x3E, 0xD5, 0xAA, 0xBA, 0x05, 0x65, 0xD7, 0x1E, 0x18, 0x34, 0x60, 0x48, 0x19, 0xFF, 0x9C, 0x17, 0xF5, 0xE9, 0xD5, 0xDD, 0x07, 0x8F },
            { 0x00, 0x00, 0x00, 0x00, 0x00, 0x00, 0x00, 0x00, 0x00, 0x00, 0x00, 0x00, 0x00, 0x00, 0x00, 0x00, 0x00, 0x00, 0x00, 0x00, 0x00, 0x00, 0x00, 0x00, 0x00, 0x00, 0x00, 0x00, 0x00, 0x00, 0x00, 0x00 },
            { 0x00, 0x00, 0x00, 0x00, 0x00, 0x00, 0x00, 0x00, 0x00, 0x00, 0x00, 0x00, 0x00, 0x00, 0x00, 0x00, 0x00, 0x00, 0x00, 0x00, 0x00, 0x00, 0x00, 0x00, 0x00, 0x00, 0x00, 0x00, 0x00, 0x00, 0x00, 0x00 },
            { 0x00, 0x00, 0x00, 0x00, 0x00, 0x00, 0x00, 0x00, 0x00, 0x00, 0x00, 0x00, 0x00, 0x00, 0x00, 0x00, 0x00, 0x00, 0x00, 0x00, 0x00, 0x00, 0x00, 0x00, 0x00, 0x00, 0x00, 0x00, 0x00, 0x00, 0x00, 0x00 },
            { 0x00, 0x00, 0x00, 0x00, 0x00, 0x00, 0x00, 0x00, 0x00, 0x00, 0x00, 0x00, 0x00, 0x00, 0x00, 0x00, 0x00, 0x00, 0x00, 0x00, 0x00, 0x00, 0x00, 0x00, 0x00, 0x00, 0x00, 0x00, 0x00, 0x00, 0x00, 0x00 },
        },
        {  /* msgs */
            { 0x02, 0x02, 0x02, 0x02, 0x02, 0x02, 0x02, 0x02, 0x02, 0x02, 0x02, 0x02, 0x02, 0x02, 0x02, 0x02, 0x02, 0x02, 0x02, 0x02, 0x02, 0x02, 0x02, 0x02, 0x02, 0x02, 0x02, 0x02, 0x02, 0x02, 0x02, 0x02 },
            { 0x00, 0x00, 0x00, 0x00, 0x00, 0x00, 0x00, 0x00, 0x00, 0x00, 0x00, 0x00, 0x00, 0x00, 0x00, 0x00, 0x00, 0x00, 0x00, 0x00, 0x00, 0x00, 0x00, 0x00, 0x00, 0x00, 0x00, 0x00, 0x00, 0x00, 0x00, 0x00 },
            { 0x00, 0x00, 0x00, 0x00, 0x00, 0x00, 0x00, 0x00, 0x00, 0x00, 0x00, 0x00, 0x00, 0x00, 0x00, 0x00, 0x00, 0x00, 0x00, 0x00, 0x00, 0x00, 0x00, 0x00, 0x00, 0x00, 0x00, 0x00, 0x00, 0x00, 0x00, 0x00 },
            { 0x00, 0x00, 0x00, 0x00, 0x00, 0x00, 0x00, 0x00, 0x00, 0x00, 0x00, 0x00, 0x00, 0x00, 0x00, 0x00, 0x00, 0x00, 0x00, 0x00, 0x00, 0x00, 0x00, 0x00, 0x00, 0x00, 0x00, 0x00, 0x00, 0x00, 0x00, 0x00 },
            { 0x00, 0x00, 0x00, 0x00, 0x00, 0x00, 0x00, 0x00, 0x00, 0x00, 0x00, 0x00, 0x00, 0x00, 0x00, 0x00, 0x00, 0x00, 0x00, 0x00, 0x00, 0x00, 0x00, 0x00, 0x00, 0x00, 0x00, 0x00, 0x00, 0x00, 0x00, 0x00 },
        },
        0,  /* expected_result */
        "Aggregate s = n"
    },
    {  /* BIP vector #12: Aggregate s > n */
        1,  /* n */
        {  /* aggsig */
            0xB0, 0x70, 0xAA, 0xFC, 0xEA, 0x43, 0x9A, 0x4F, 0x6F, 0x1B, 0xBF, 0xC2, 0xEB, 0x66, 0xD2, 0x9D,
            0x24, 0xB0, 0xCA, 0xB7, 0x4D, 0x6B, 0x74, 0x5C, 0x3C, 0xFB, 0x00, 0x9C, 0xC8, 0xFE, 0x4A, 0xA8,
            0xFF, 0xFF, 0xFF, 0xFF, 0xFF, 0xFF, 0xFF, 0xFF, 0xFF, 0xFF, 0xFF, 0xFF, 0xFF, 0xFF, 0xFF, 0xFE,
            0xBA, 0xAE, 0xDC, 0xE6, 0xAF, 0x48, 0xA0, 0x3B, 0xBF, 0xD2, 0x5E, 0x8C, 0xD0, 0x36, 0x45, 0x29,
        },
        64,  /* aggsig_len */
        {  /* pubkeys */
            { 0x1B, 0x84, 0xC5, 0x56, 0x7B, 0x12, 0x64, 0x40, 0x99, 0x5D, 0x3E, 0xD5, 0xAA, 0xBA, 0x05, 0x65, 0xD7, 0x1E, 0x18, 0x34, 0x60, 0x48, 0x19, 0xFF, 0x9C, 0x17, 0xF5, 0xE9, 0xD5, 0xDD, 0x07, 0x8F },
            { 0x00, 0x00, 0x00, 0x00, 0x00, 0x00, 0x00, 0x00, 0x00, 0x00, 0x00, 0x00, 0x00, 0x00, 0x00, 0x00, 0x00, 0x00, 0x00, 0x00, 0x00, 0x00, 0x00, 0x00, 0x00, 0x00, 0x00, 0x00, 0x00, 0x00, 0x00, 0x00 },
            { 0x00, 0x00, 0x00, 0x00, 0x00, 0x00, 0x00, 0x00, 0x00, 0x00, 0x00, 0x00, 0x00, 0x00, 0x00, 0x00, 0x00, 0x00, 0x00, 0x00, 0x00, 0x00, 0x00, 0x00, 0x00, 0x00, 0x00, 0x00, 0x00, 0x00, 0x00, 0x00 },
            { 0x00, 0x00, 0x00, 0x00, 0x00, 0x00, 0x00, 0x00, 0x00, 0x00, 0x00, 0x00, 0x00, 0x00, 0x00, 0x00, 0x00, 0x00, 0x00, 0x00, 0x00, 0x00, 0x00, 0x00, 0x00, 0x00, 0x00, 0x00, 0x00, 0x00, 0x00, 0x00 },
            { 0x00, 0x00, 0x00, 0x00, 0x00, 0x00, 0x00, 0x00, 0x00, 0x00, 0x00, 0x00, 0x00, 0x00, 0x00, 0x00, 0x00, 0x00, 0x00, 0x00, 0x00, 0x00, 0x00, 0x00, 0x00, 0x00, 0x00, 0x00, 0x00, 0x00, 0x00, 0x00 },
        },
        {  /* msgs */
            { 0x02, 0x02, 0x02, 0x02, 0x02, 0x02, 0x02, 0x02, 0x02, 0x02, 0x02, 0x02, 0x02, 0x02, 0x02, 0x02, 0x02, 0x02, 0x02, 0x02, 0x02, 0x02, 0x02, 0x02, 0x02, 0x02, 0x02, 0x02, 0x02, 0x02, 0x02, 0x02 },
            { 0x00, 0x00, 0x00, 0x00, 0x00, 0x00, 0x00, 0x00, 0x00, 0x00, 0x00, 0x00, 0x00, 0x00, 0x00, 0x00, 0x00, 0x00, 0x00, 0x00, 0x00, 0x00, 0x00, 0x00, 0x00, 0x00, 0x00, 0x00, 0x00, 0x00, 0x00, 0x00 },
            { 0x00, 0x00, 0x00, 0x00, 0x00, 0x00, 0x00, 0x00, 0x00, 0x00, 0x00, 0x00, 0x00, 0x00, 0x00, 0x00, 0x00, 0x00, 0x00, 0x00, 0x00, 0x00, 0x00, 0x00, 0x00, 0x00, 0x00, 0x00, 0x00, 0x00, 0x00, 0x00 },
            { 0x00, 0x00, 0x00, 0x00, 0x00, 0x00, 0x00, 0x00, 0x00, 0x00, 0x00, 0x00, 0x00, 0x00, 0x00, 0x00, 0x00, 0x00, 0x00, 0x00, 0x00, 0x00, 0x00, 0x00, 0x00, 0x00, 0x00, 0x00, 0x00, 0x00, 0x00, 0x00 },
            { 0x00, 0x00, 0x00, 0x00, 0x00, 0x00, 0x00, 0x00, 0x00, 0x00, 0x00, 0x00, 0x00, 0x00, 0x00, 0x00, 0x00, 0x00, 0x00, 0x00, 0x00, 0x00, 0x00, 0x00, 0x00, 0x00, 0x00, 0x00, 0x00, 0x00, 0x00, 0x00 },
        },
        0,  /* expected_result */
        "Aggregate s > n"
    },
    {  /* BIP vector #13: Aggregate s = 2^256 - 1 */
        1,  /* n */
        {  /* aggsig */
            0xB0, 0x70, 0xAA, 0xFC, 0xEA, 0x43, 0x9A, 0x4F, 0x6F, 0x1B, 0xBF, 0xC2, 0xEB, 0x66, 0xD2, 0x9D,
            0x24, 0xB0, 0xCA, 0xB7, 0x4D, 0x6B, 0x74, 0x5C, 0x3C, 0xFB, 0x00, 0x9C, 0xC8, 0xFE, 0x4A, 0xA8,
            0xFF, 0xFF, 0xFF, 0xFF, 0xFF, 0xFF, 0xFF, 0xFF, 0xFF, 0xFF, 0xFF, 0xFF, 0xFF, 0xFF, 0xFF, 0xFF,
            0xFF, 0xFF, 0xFF, 0xFF, 0xFF, 0xFF, 0xFF, 0xFF, 0xFF, 0xFF, 0xFF, 0xFF, 0xFF, 0xFF, 0xFF, 0xFF,
        },
        64,  /* aggsig_len */
        {  /* pubkeys */
            { 0x1B, 0x84, 0xC5, 0x56, 0x7B, 0x12, 0x64, 0x40, 0x99, 0x5D, 0x3E, 0xD5, 0xAA, 0xBA, 0x05, 0x65, 0xD7, 0x1E, 0x18, 0x34, 0x60, 0x48, 0x19, 0xFF, 0x9C, 0x17, 0xF5, 0xE9, 0xD5, 0xDD, 0x07, 0x8F },
            { 0x00, 0x00, 0x00, 0x00, 0x00, 0x00, 0x00, 0x00, 0x00, 0x00, 0x00, 0x00, 0x00, 0x00, 0x00, 0x00, 0x00, 0x00, 0x00, 0x00, 0x00, 0x00, 0x00, 0x00, 0x00, 0x00, 0x00, 0x00, 0x00, 0x00, 0x00, 0x00 },
            { 0x00, 0x00, 0x00, 0x00, 0x00, 0x00, 0x00, 0x00, 0x00, 0x00, 0x00, 0x00, 0x00, 0x00, 0x00, 0x00, 0x00, 0x00, 0x00, 0x00, 0x00, 0x00, 0x00, 0x00, 0x00, 0x00, 0x00, 0x00, 0x00, 0x00, 0x00, 0x00 },
            { 0x00, 0x00, 0x00, 0x00, 0x00, 0x00, 0x00, 0x00, 0x00, 0x00, 0x00, 0x00, 0x00, 0x00, 0x00, 0x00, 0x00, 0x00, 0x00, 0x00, 0x00, 0x00, 0x00, 0x00, 0x00, 0x00, 0x00, 0x00, 0x00, 0x00, 0x00, 0x00 },
            { 0x00, 0x00, 0x00, 0x00, 0x00, 0x00, 0x00, 0x00, 0x00, 0x00, 0x00, 0x00, 0x00, 0x00, 0x00, 0x00, 0x00, 0x00, 0x00, 0x00, 0x00, 0x00, 0x00, 0x00, 0x00, 0x00, 0x00, 0x00, 0x00, 0x00, 0x00, 0x00 },
        },
        {  /* msgs */
            { 0x02, 0x02, 0x02, 0x02, 0x02, 0x02, 0x02, 0x02, 0x02, 0x02, 0x02, 0x02, 0x02, 0x02, 0x02, 0x02, 0x02, 0x02, 0x02, 0x02, 0x02, 0x02, 0x02, 0x02, 0x02, 0x02, 0x02, 0x02, 0x02, 0x02, 0x02, 0x02 },
            { 0x00, 0x00, 0x00, 0x00, 0x00, 0x00, 0x00, 0x00, 0x00, 0x00, 0x00, 0x00, 0x00, 0x00, 0x00, 0x00, 0x00, 0x00, 0x00, 0x00, 0x00, 0x00, 0x00, 0x00, 0x00, 0x00, 0x00, 0x00, 0x00, 0x00, 0x00, 0x00 },
            { 0x00, 0x00, 0x00, 0x00, 0x00, 0x00, 0x00, 0x00, 0x00, 0x00, 0x00, 0x00, 0x00, 0x00, 0x00, 0x00, 0x00, 0x00, 0x00, 0x00, 0x00, 0x00, 0x00, 0x00, 0x00, 0x00, 0x00, 0x00, 0x00, 0x00, 0x00, 0x00 },
            { 0x00, 0x00, 0x00, 0x00, 0x00, 0x00, 0x00, 0x00, 0x00, 0x00, 0x00, 0x00, 0x00, 0x00, 0x00, 0x00, 0x00, 0x00, 0x00, 0x00, 0x00, 0x00, 0x00, 0x00, 0x00, 0x00, 0x00, 0x00, 0x00, 0x00, 0x00, 0x00 },
            { 0x00, 0x00, 0x00, 0x00, 0x00, 0x00, 0x00, 0x00, 0x00, 0x00, 0x00, 0x00, 0x00, 0x00, 0x00, 0x00, 0x00, 0x00, 0x00, 0x00, 0x00, 0x00, 0x00, 0x00, 0x00, 0x00, 0x00, 0x00, 0x00, 0x00, 0x00, 0x00 },
        },
        0,  /* expected_result */
        "Aggregate s = 2^256 - 1"
    },
    {  /* BIP vector #14: Wrong message */
        1,  /* n */
        {  /* aggsig */
            0xB0, 0x70, 0xAA, 0xFC, 0xEA, 0x43, 0x9A, 0x4F, 0x6F, 0x1B, 0xBF, 0xC2, 0xEB, 0x66, 0xD2, 0x9D,
            0x24, 0xB0, 0xCA, 0xB7, 0x4D, 0x6B, 0x74, 0x5C, 0x3C, 0xFB, 0x00, 0x9C, 0xC8, 0xFE, 0x4A, 0xA8,
            0x0E, 0x06, 0x6C, 0x34, 0x81, 0x99, 0x36, 0x54, 0x9F, 0xF4, 0x9B, 0x6F, 0xD4, 0xD4, 0x1E, 0xDF,
            0xC4, 0x01, 0xA3, 0x67, 0xB8, 0x7D, 0xDD, 0x59, 0xFE, 0xE3, 0x81, 0x77, 0x96, 0x1C, 0x22, 0x5F,
        },
        64,  /* aggsig_len */
        {  /* pubkeys */
            { 0x1B, 0x84, 0xC5, 0x56, 0x7B, 0x12, 0x64, 0x40, 0x99, 0x5D, 0x3E, 0xD5, 0xAA, 0xBA, 0x05, 0x65, 0xD7, 0x1E, 0x18, 0x34, 0x60, 0x48, 0x19, 0xFF, 0x9C, 0x17, 0xF5, 0xE9, 0xD5, 0xDD, 0x07, 0x8F },
            { 0x00, 0x00, 0x00, 0x00, 0x00, 0x00, 0x00, 0x00, 0x00, 0x00, 0x00, 0x00, 0x00, 0x00, 0x00, 0x00, 0x00, 0x00, 0x00, 0x00, 0x00, 0x00, 0x00, 0x00, 0x00, 0x00, 0x00, 0x00, 0x00, 0x00, 0x00, 0x00 },
            { 0x00, 0x00, 0x00, 0x00, 0x00, 0x00, 0x00, 0x00, 0x00, 0x00, 0x00, 0x00, 0x00, 0x00, 0x00, 0x00, 0x00, 0x00, 0x00, 0x00, 0x00, 0x00, 0x00, 0x00, 0x00, 0x00, 0x00, 0x00, 0x00, 0x00, 0x00, 0x00 },
            { 0x00, 0x00, 0x00, 0x00, 0x00, 0x00, 0x00, 0x00, 0x00, 0x00, 0x00, 0x00, 0x00, 0x00, 0x00, 0x00, 0x00, 0x00, 0x00, 0x00, 0x00, 0x00, 0x00, 0x00, 0x00, 0x00, 0x00, 0x00, 0x00, 0x00, 0x00, 0x00 },
            { 0x00, 0x00, 0x00, 0x00, 0x00, 0x00, 0x00, 0x00, 0x00, 0x00, 0x00, 0x00, 0x00, 0x00, 0x00, 0x00, 0x00, 0x00, 0x00, 0x00, 0x00, 0x00, 0x00, 0x00, 0x00, 0x00, 0x00, 0x00, 0x00, 0x00, 0x00, 0x00 },
        },
        {  /* msgs */
            { 0xFF, 0xFF, 0xFF, 0xFF, 0xFF, 0xFF, 0xFF, 0xFF, 0xFF, 0xFF, 0xFF, 0xFF, 0xFF, 0xFF, 0xFF, 0xFF, 0xFF, 0xFF, 0xFF, 0xFF, 0xFF, 0xFF, 0xFF, 0xFF, 0xFF, 0xFF, 0xFF, 0xFF, 0xFF, 0xFF, 0xFF, 0xFF },
            { 0x00, 0x00, 0x00, 0x00, 0x00, 0x00, 0x00, 0x00, 0x00, 0x00, 0x00, 0x00, 0x00, 0x00, 0x00, 0x00, 0x00, 0x00, 0x00, 0x00, 0x00, 0x00, 0x00, 0x00, 0x00, 0x00, 0x00, 0x00, 0x00, 0x00, 0x00, 0x00 },
            { 0x00, 0x00, 0x00, 0x00, 0x00, 0x00, 0x00, 0x00, 0x00, 0x00, 0x00, 0x00, 0x00, 0x00, 0x00, 0x00, 0x00, 0x00, 0x00, 0x00, 0x00, 0x00, 0x00, 0x00, 0x00, 0x00, 0x00, 0x00, 0x00, 0x00, 0x00, 0x00 },
            { 0x00, 0x00, 0x00, 0x00, 0x00, 0x00, 0x00, 0x00, 0x00, 0x00, 0x00, 0x00, 0x00, 0x00, 0x00, 0x00, 0x00, 0x00, 0x00, 0x00, 0x00, 0x00, 0x00, 0x00, 0x00, 0x00, 0x00, 0x00, 0x00, 0x00, 0x00, 0x00 },
            { 0x00, 0x00, 0x00, 0x00, 0x00, 0x00, 0x00, 0x00, 0x00, 0x00, 0x00, 0x00, 0x00, 0x00, 0x00, 0x00, 0x00, 0x00, 0x00, 0x00, 0x00, 0x00, 0x00, 0x00, 0x00, 0x00, 0x00, 0x00, 0x00, 0x00, 0x00, 0x00 },
        },
        0,  /* expected_result */
        "Wrong message"
    },
    {  /* BIP vector #15: Wrong public key */
        1,  /* n */
        {  /* aggsig */
            0xB0, 0x70, 0xAA, 0xFC, 0xEA, 0x43, 0x9A, 0x4F, 0x6F, 0x1B, 0xBF, 0xC2, 0xEB, 0x66, 0xD2, 0x9D,
            0x24, 0xB0, 0xCA, 0xB7, 0x4D, 0x6B, 0x74, 0x5C, 0x3C, 0xFB, 0x00, 0x9C, 0xC8, 0xFE, 0x4A, 0xA8,
            0x0E, 0x06, 0x6C, 0x34, 0x81, 0x99, 0x36, 0x54, 0x9F, 0xF4, 0x9B, 0x6F, 0xD4, 0xD4, 0x1E, 0xDF,
            0xC4, 0x01, 0xA3, 0x67, 0xB8, 0x7D, 0xDD, 0x59, 0xFE, 0xE3, 0x81, 0x77, 0x96, 0x1C, 0x22, 0x5F,
        },
        64,  /* aggsig_len */
        {  /* pubkeys */
            { 0x4D, 0x4B, 0x6C, 0xD1, 0x36, 0x10, 0x32, 0xCA, 0x9B, 0xD2, 0xAE, 0xB9, 0xD9, 0x00, 0xAA, 0x4D, 0x45, 0xD9, 0xEA, 0xD8, 0x0A, 0xC9, 0x42, 0x33, 0x74, 0xC4, 0x51, 0xA7, 0x25, 0x4D, 0x07, 0x66 },
            { 0x00, 0x00, 0x00, 0x00, 0x00, 0x00, 0x00, 0x00, 0x00, 0x00, 0x00, 0x00, 0x00, 0x00, 0x00, 0x00, 0x00, 0x00, 0x00, 0x00, 0x00, 0x00, 0x00, 0x00, 0x00, 0x00, 0x00, 0x00, 0x00, 0x00, 0x00, 0x00 },
            { 0x00, 0x00, 0x00, 0x00, 0x00, 0x00, 0x00, 0x00, 0x00, 0x00, 0x00, 0x00, 0x00, 0x00, 0x00, 0x00, 0x00, 0x00, 0x00, 0x00, 0x00, 0x00, 0x00, 0x00, 0x00, 0x00, 0x00, 0x00, 0x00, 0x00, 0x00, 0x00 },
            { 0x00, 0x00, 0x00, 0x00, 0x00, 0x00, 0x00, 0x00, 0x00, 0x00, 0x00, 0x00, 0x00, 0x00, 0x00, 0x00, 0x00, 0x00, 0x00, 0x00, 0x00, 0x00, 0x00, 0x00, 0x00, 0x00, 0x00, 0x00, 0x00, 0x00, 0x00, 0x00 },
            { 0x00, 0x00, 0x00, 0x00, 0x00, 0x00, 0x00, 0x00, 0x00, 0x00, 0x00, 0x00, 0x00, 0x00, 0x00, 0x00, 0x00, 0x00, 0x00, 0x00, 0x00, 0x00, 0x00, 0x00, 0x00, 0x00, 0x00, 0x00, 0x00, 0x00, 0x00, 0x00 },
        },
        {  /* msgs */
            { 0x02, 0x02, 0x02, 0x02, 0x02, 0x02, 0x02, 0x02, 0x02, 0x02, 0x02, 0x02, 0x02, 0x02, 0x02, 0x02, 0x02, 0x02, 0x02, 0x02, 0x02, 0x02, 0x02, 0x02, 0x02, 0x02, 0x02, 0x02, 0x02, 0x02, 0x02, 0x02 },
            { 0x00, 0x00, 0x00, 0x00, 0x00, 0x00, 0x00, 0x00, 0x00, 0x00, 0x00, 0x00, 0x00, 0x00, 0x00, 0x00, 0x00, 0x00, 0x00, 0x00, 0x00, 0x00, 0x00, 0x00, 0x00, 0x00, 0x00, 0x00, 0x00, 0x00, 0x00, 0x00 },
            { 0x00, 0x00, 0x00, 0x00, 0x00, 0x00, 0x00, 0x00, 0x00, 0x00, 0x00, 0x00, 0x00, 0x00, 0x00, 0x00, 0x00, 0x00, 0x00, 0x00, 0x00, 0x00, 0x00, 0x00, 0x00, 0x00, 0x00, 0x00, 0x00, 0x00, 0x00, 0x00 },
            { 0x00, 0x00, 0x00, 0x00, 0x00, 0x00, 0x00, 0x00, 0x00, 0x00, 0x00, 0x00, 0x00, 0x00, 0x00, 0x00, 0x00, 0x00, 0x00, 0x00, 0x00, 0x00, 0x00, 0x00, 0x00, 0x00, 0x00, 0x00, 0x00, 0x00, 0x00, 0x00 },
            { 0x00, 0x00, 0x00, 0x00, 0x00, 0x00, 0x00, 0x00, 0x00, 0x00, 0x00, 0x00, 0x00, 0x00, 0x00, 0x00, 0x00, 0x00, 0x00, 0x00, 0x00, 0x00, 0x00, 0x00, 0x00, 0x00, 0x00, 0x00, 0x00, 0x00, 0x00, 0x00 },
        },
        0,  /* expected_result */
        "Wrong public key"
    },
    {  /* BIP vector #16: Tampered signature (bit flip) */
        1,  /* n */
        {  /* aggsig */
            0xB0, 0x70, 0xAA, 0xFC, 0xEA, 0x43, 0x9A, 0x4F, 0x6F, 0x1B, 0xBF, 0xC2, 0xEB, 0x66, 0xD2, 0x9D,
            0x24, 0xB0, 0xCA, 0xB7, 0x4D, 0x6B, 0x74, 0x5C, 0x3C, 0xFB, 0x00, 0x9C, 0xC8, 0xFE, 0x4A, 0xA8,
            0x0E, 0x06, 0x6C, 0x34, 0x81, 0x99, 0x36, 0x54, 0x9F, 0xF4, 0x9B, 0x6F, 0xD4, 0xD4, 0x1E, 0xDF,
            0xC4, 0x01, 0xA3, 0x67, 0xB8, 0x7D, 0xDD, 0x59, 0xFE, 0xE3, 0x81, 0x77, 0x96, 0x1C, 0x22, 0x60,
        },
        64,  /* aggsig_len */
        {  /* pubkeys */
            { 0x1B, 0x84, 0xC5, 0x56, 0x7B, 0x12, 0x64, 0x40, 0x99, 0x5D, 0x3E, 0xD5, 0xAA, 0xBA, 0x05, 0x65, 0xD7, 0x1E, 0x18, 0x34, 0x60, 0x48, 0x19, 0xFF, 0x9C, 0x17, 0xF5, 0xE9, 0xD5, 0xDD, 0x07, 0x8F },
            { 0x00, 0x00, 0x00, 0x00, 0x00, 0x00, 0x00, 0x00, 0x00, 0x00, 0x00, 0x00, 0x00, 0x00, 0x00, 0x00, 0x00, 0x00, 0x00, 0x00, 0x00, 0x00, 0x00, 0x00, 0x00, 0x00, 0x00, 0x00, 0x00, 0x00, 0x00, 0x00 },
            { 0x00, 0x00, 0x00, 0x00, 0x00, 0x00, 0x00, 0x00, 0x00, 0x00, 0x00, 0x00, 0x00, 0x00, 0x00, 0x00, 0x00, 0x00, 0x00, 0x00, 0x00, 0x00, 0x00, 0x00, 0x00, 0x00, 0x00, 0x00, 0x00, 0x00, 0x00, 0x00 },
            { 0x00, 0x00, 0x00, 0x00, 0x00, 0x00, 0x00, 0x00, 0x00, 0x00, 0x00, 0x00, 0x00, 0x00, 0x00, 0x00, 0x00, 0x00, 0x00, 0x00, 0x00, 0x00, 0x00, 0x00, 0x00, 0x00, 0x00, 0x00, 0x00, 0x00, 0x00, 0x00 },
            { 0x00, 0x00, 0x00, 0x00, 0x00, 0x00, 0x00, 0x00, 0x00, 0x00, 0x00, 0x00, 0x00, 0x00, 0x00, 0x00, 0x00, 0x00, 0x00, 0x00, 0x00, 0x00, 0x00, 0x00, 0x00, 0x00, 0x00, 0x00, 0x00, 0x00, 0x00, 0x00 },
        },
        {  /* msgs */
            { 0x02, 0x02, 0x02, 0x02, 0x02, 0x02, 0x02, 0x02, 0x02, 0x02, 0x02, 0x02, 0x02, 0x02, 0x02, 0x02, 0x02, 0x02, 0x02, 0x02, 0x02, 0x02, 0x02, 0x02, 0x02, 0x02, 0x02, 0x02, 0x02, 0x02, 0x02, 0x02 },
            { 0x00, 0x00, 0x00, 0x00, 0x00, 0x00, 0x00, 0x00, 0x00, 0x00, 0x00, 0x00, 0x00, 0x00, 0x00, 0x00, 0x00, 0x00, 0x00, 0x00, 0x00, 0x00, 0x00, 0x00, 0x00, 0x00, 0x00, 0x00, 0x00, 0x00, 0x00, 0x00 },
            { 0x00, 0x00, 0x00, 0x00, 0x00, 0x00, 0x00, 0x00, 0x00, 0x00, 0x00, 0x00, 0x00, 0x00, 0x00, 0x00, 0x00, 0x00, 0x00, 0x00, 0x00, 0x00, 0x00, 0x00, 0x00, 0x00, 0x00, 0x00, 0x00, 0x00, 0x00, 0x00 },
            { 0x00, 0x00, 0x00, 0x00, 0x00, 0x00, 0x00, 0x00, 0x00, 0x00, 0x00, 0x00, 0x00, 0x00, 0x00, 0x00, 0x00, 0x00, 0x00, 0x00, 0x00, 0x00, 0x00, 0x00, 0x00, 0x00, 0x00, 0x00, 0x00, 0x00, 0x00, 0x00 },
            { 0x00, 0x00, 0x00, 0x00, 0x00, 0x00, 0x00, 0x00, 0x00, 0x00, 0x00, 0x00, 0x00, 0x00, 0x00, 0x00, 0x00, 0x00, 0x00, 0x00, 0x00, 0x00, 0x00, 0x00, 0x00, 0x00, 0x00, 0x00, 0x00, 0x00, 0x00, 0x00 },
        },
        0,  /* expected_result */
        "Tampered signature (bit flip)"
    },
    {  /* BIP vector #17: Swapped order */
        2,  /* n */
        {  /* aggsig */
            0xB0, 0x70, 0xAA, 0xFC, 0xEA, 0x43, 0x9A, 0x4F, 0x6F, 0x1B, 0xBF, 0xC2, 0xEB, 0x66, 0xD2, 0x9D,
            0x24, 0xB0, 0xCA, 0xB7, 0x4D, 0x6B, 0x74, 0x5C, 0x3C, 0xFB, 0x00, 0x9C, 0xC8, 0xFE, 0x4A, 0xA8,
            0xC9, 0xD9, 0xB1, 0xCC, 0xE8, 0xC0, 0xA9, 0x9A, 0xA7, 0x9F, 0x56, 0x18, 0x53, 0x58, 0xCD, 0x82,
            0xB7, 0x64, 0x9D, 0x61, 0x32, 0xDA, 0xAC, 0xB3, 0x16, 0x12, 0xC7, 0xC9, 0xB1, 0x4C, 0xE3, 0xA9,
            0xDF, 0x1D, 0x0E, 0xE0, 0x3A, 0x7E, 0x5D, 0x27, 0x4A, 0x85, 0x7B, 0xF0, 0x80, 0xC8, 0xBD, 0x3B,
            0x52, 0x44, 0xBC, 0x1A, 0x9D, 0x31, 0xF6, 0x60, 0xB8, 0xE2, 0x2F, 0x30, 0x92, 0x60, 0xFF, 0x26,
        },
        96,  /* aggsig_len */
        {  /* pubkeys */
            { 0x4D, 0x4B, 0x6C, 0xD1, 0x36, 0x10, 0x32, 0xCA, 0x9B, 0xD2, 0xAE, 0xB9, 0xD9, 0x00, 0xAA, 0x4D, 0x45, 0xD9, 0xEA, 0xD8, 0x0A, 0xC9, 0x42, 0x33, 0x74, 0xC4, 0x51, 0xA7, 0x25, 0x4D, 0x07, 0x66 },
            { 0x1B, 0x84, 0xC5, 0x56, 0x7B, 0x12, 0x64, 0x40, 0x99, 0x5D, 0x3E, 0xD5, 0xAA, 0xBA, 0x05, 0x65, 0xD7, 0x1E, 0x18, 0x34, 0x60, 0x48, 0x19, 0xFF, 0x9C, 0x17, 0xF5, 0xE9, 0xD5, 0xDD, 0x07, 0x8F },
            { 0x00, 0x00, 0x00, 0x00, 0x00, 0x00, 0x00, 0x00, 0x00, 0x00, 0x00, 0x00, 0x00, 0x00, 0x00, 0x00, 0x00, 0x00, 0x00, 0x00, 0x00, 0x00, 0x00, 0x00, 0x00, 0x00, 0x00, 0x00, 0x00, 0x00, 0x00, 0x00 },
            { 0x00, 0x00, 0x00, 0x00, 0x00, 0x00, 0x00, 0x00, 0x00, 0x00, 0x00, 0x00, 0x00, 0x00, 0x00, 0x00, 0x00, 0x00, 0x00, 0x00, 0x00, 0x00, 0x00, 0x00, 0x00, 0x00, 0x00, 0x00, 0x00, 0x00, 0x00, 0x00 },
            { 0x00, 0x00, 0x00, 0x00, 0x00, 0x00, 0x00, 0x00, 0x00, 0x00, 0x00, 0x00, 0x00, 0x00, 0x00, 0x00, 0x00, 0x00, 0x00, 0x00, 0x00, 0x00, 0x00, 0x00, 0x00, 0x00, 0x00, 0x00, 0x00, 0x00, 0x00, 0x00 },
        },
        {  /* msgs */
            { 0x03, 0x03, 0x03, 0x03, 0x03, 0x03, 0x03, 0x03, 0x03, 0x03, 0x03, 0x03, 0x03, 0x03, 0x03, 0x03, 0x03, 0x03, 0x03, 0x03, 0x03, 0x03, 0x03, 0x03, 0x03, 0x03, 0x03, 0x03, 0x03, 0x03, 0x03, 0x03 },
            { 0x02, 0x02, 0x02, 0x02, 0x02, 0x02, 0x02, 0x02, 0x02, 0x02, 0x02, 0x02, 0x02, 0x02, 0x02, 0x02, 0x02, 0x02, 0x02, 0x02, 0x02, 0x02, 0x02, 0x02, 0x02, 0x02, 0x02, 0x02, 0x02, 0x02, 0x02, 0x02 },
            { 0x00, 0x00, 0x00, 0x00, 0x00, 0x00, 0x00, 0x00, 0x00, 0x00, 0x00, 0x00, 0x00, 0x00, 0x00, 0x00, 0x00, 0x00, 0x00, 0x00, 0x00, 0x00, 0x00, 0x00, 0x00, 0x00, 0x00, 0x00, 0x00, 0x00, 0x00, 0x00 },
            { 0x00, 0x00, 0x00, 0x00, 0x00, 0x00, 0x00, 0x00, 0x00, 0x00, 0x00, 0x00, 0x00, 0x00, 0x00, 0x00, 0x00, 0x00, 0x00, 0x00, 0x00, 0x00, 0x00, 0x00, 0x00, 0x00, 0x00, 0x00, 0x00, 0x00, 0x00, 0x00 },
            { 0x00, 0x00, 0x00, 0x00, 0x00, 0x00, 0x00, 0x00, 0x00, 0x00, 0x00, 0x00, 0x00, 0x00, 0x00, 0x00, 0x00, 0x00, 0x00, 0x00, 0x00, 0x00, 0x00, 0x00, 0x00, 0x00, 0x00, 0x00, 0x00, 0x00, 0x00, 0x00 },
        },
        0,  /* expected_result */
        "Swapped order"
    },
    {  /* BIP vector #18: s = n-1 (valid range, wrong sig) */
        1,  /* n */
        {  /* aggsig */
            0xB0, 0x70, 0xAA, 0xFC, 0xEA, 0x43, 0x9A, 0x4F, 0x6F, 0x1B, 0xBF, 0xC2, 0xEB, 0x66, 0xD2, 0x9D,
            0x24, 0xB0, 0xCA, 0xB7, 0x4D, 0x6B, 0x74, 0x5C, 0x3C, 0xFB, 0x00, 0x9C, 0xC8, 0xFE, 0x4A, 0xA8,
            0xFF, 0xFF, 0xFF, 0xFF, 0xFF, 0xFF, 0xFF, 0xFF, 0xFF, 0xFF, 0xFF, 0xFF, 0xFF, 0xFF, 0xFF, 0xFE,
            0xBA, 0xAE, 0xDC, 0xE6, 0xAF, 0x48, 0xA0, 0x3B, 0xBF, 0xD2, 0x5E, 0x8C, 0xD0, 0x36, 0x41, 0x40,
        },
        64,  /* aggsig_len */
        {  /* pubkeys */
            { 0x1B, 0x84, 0xC5, 0x56, 0x7B, 0x12, 0x64, 0x40, 0x99, 0x5D, 0x3E, 0xD5, 0xAA, 0xBA, 0x05, 0x65, 0xD7, 0x1E, 0x18, 0x34, 0x60, 0x48, 0x19, 0xFF, 0x9C, 0x17, 0xF5, 0xE9, 0xD5, 0xDD, 0x07, 0x8F },
            { 0x00, 0x00, 0x00, 0x00, 0x00, 0x00, 0x00, 0x00, 0x00, 0x00, 0x00, 0x00, 0x00, 0x00, 0x00, 0x00, 0x00, 0x00, 0x00, 0x00, 0x00, 0x00, 0x00, 0x00, 0x00, 0x00, 0x00, 0x00, 0x00, 0x00, 0x00, 0x00 },
            { 0x00, 0x00, 0x00, 0x00, 0x00, 0x00, 0x00, 0x00, 0x00, 0x00, 0x00, 0x00, 0x00, 0x00, 0x00, 0x00, 0x00, 0x00, 0x00, 0x00, 0x00, 0x00, 0x00, 0x00, 0x00, 0x00, 0x00, 0x00, 0x00, 0x00, 0x00, 0x00 },
            { 0x00, 0x00, 0x00, 0x00, 0x00, 0x00, 0x00, 0x00, 0x00, 0x00, 0x00, 0x00, 0x00, 0x00, 0x00, 0x00, 0x00, 0x00, 0x00, 0x00, 0x00, 0x00, 0x00, 0x00, 0x00, 0x00, 0x00, 0x00, 0x00, 0x00, 0x00, 0x00 },
            { 0x00, 0x00, 0x00, 0x00, 0x00, 0x00, 0x00, 0x00, 0x00, 0x00, 0x00, 0x00, 0x00, 0x00, 0x00, 0x00, 0x00, 0x00, 0x00, 0x00, 0x00, 0x00, 0x00, 0x00, 0x00, 0x00, 0x00, 0x00, 0x00, 0x00, 0x00, 0x00 },
        },
        {  /* msgs */
            { 0x02, 0x02, 0x02, 0x02, 0x02, 0x02, 0x02, 0x02, 0x02, 0x02, 0x02, 0x02, 0x02, 0x02, 0x02, 0x02, 0x02, 0x02, 0x02, 0x02, 0x02, 0x02, 0x02, 0x02, 0x02, 0x02, 0x02, 0x02, 0x02, 0x02, 0x02, 0x02 },
            { 0x00, 0x00, 0x00, 0x00, 0x00, 0x00, 0x00, 0x00, 0x00, 0x00, 0x00, 0x00, 0x00, 0x00, 0x00, 0x00, 0x00, 0x00, 0x00, 0x00, 0x00, 0x00, 0x00, 0x00, 0x00, 0x00, 0x00, 0x00, 0x00, 0x00, 0x00, 0x00 },
            { 0x00, 0x00, 0x00, 0x00, 0x00, 0x00, 0x00, 0x00, 0x00, 0x00, 0x00, 0x00, 0x00, 0x00, 0x00, 0x00, 0x00, 0x00, 0x00, 0x00, 0x00, 0x00, 0x00, 0x00, 0x00, 0x00, 0x00, 0x00, 0x00, 0x00, 0x00, 0x00 },
            { 0x00, 0x00, 0x00, 0x00, 0x00, 0x00, 0x00, 0x00, 0x00, 0x00, 0x00, 0x00, 0x00, 0x00, 0x00, 0x00, 0x00, 0x00, 0x00, 0x00, 0x00, 0x00, 0x00, 0x00, 0x00, 0x00, 0x00, 0x00, 0x00, 0x00, 0x00, 0x00 },
            { 0x00, 0x00, 0x00, 0x00, 0x00, 0x00, 0x00, 0x00, 0x00, 0x00, 0x00, 0x00, 0x00, 0x00, 0x00, 0x00, 0x00, 0x00, 0x00, 0x00, 0x00, 0x00, 0x00, 0x00, 0x00, 0x00, 0x00, 0x00, 0x00, 0x00, 0x00, 0x00 },
        },
        0,  /* expected_result */
        "s = n-1 (valid range, wrong sig)"
    },
    {  /* BIP vector #19: s = 0 (valid range, wrong sig) */
        1,  /* n */
        {  /* aggsig */
            0xB0, 0x70, 0xAA, 0xFC, 0xEA, 0x43, 0x9A, 0x4F, 0x6F, 0x1B, 0xBF, 0xC2, 0xEB, 0x66, 0xD2, 0x9D,
            0x24, 0xB0, 0xCA, 0xB7, 0x4D, 0x6B, 0x74, 0x5C, 0x3C, 0xFB, 0x00, 0x9C, 0xC8, 0xFE, 0x4A, 0xA8,
            0x00, 0x00, 0x00, 0x00, 0x00, 0x00, 0x00, 0x00, 0x00, 0x00, 0x00, 0x00, 0x00, 0x00, 0x00, 0x00,
            0x00, 0x00, 0x00, 0x00, 0x00, 0x00, 0x00, 0x00, 0x00, 0x00, 0x00, 0x00, 0x00, 0x00, 0x00, 0x00,
        },
        64,  /* aggsig_len */
        {  /* pubkeys */
            { 0x1B, 0x84, 0xC5, 0x56, 0x7B, 0x12, 0x64, 0x40, 0x99, 0x5D, 0x3E, 0xD5, 0xAA, 0xBA, 0x05, 0x65, 0xD7, 0x1E, 0x18, 0x34, 0x60, 0x48, 0x19, 0xFF, 0x9C, 0x17, 0xF5, 0xE9, 0xD5, 0xDD, 0x07, 0x8F },
            { 0x00, 0x00, 0x00, 0x00, 0x00, 0x00, 0x00, 0x00, 0x00, 0x00, 0x00, 0x00, 0x00, 0x00, 0x00, 0x00, 0x00, 0x00, 0x00, 0x00, 0x00, 0x00, 0x00, 0x00, 0x00, 0x00, 0x00, 0x00, 0x00, 0x00, 0x00, 0x00 },
            { 0x00, 0x00, 0x00, 0x00, 0x00, 0x00, 0x00, 0x00, 0x00, 0x00, 0x00, 0x00, 0x00, 0x00, 0x00, 0x00, 0x00, 0x00, 0x00, 0x00, 0x00, 0x00, 0x00, 0x00, 0x00, 0x00, 0x00, 0x00, 0x00, 0x00, 0x00, 0x00 },
            { 0x00, 0x00, 0x00, 0x00, 0x00, 0x00, 0x00, 0x00, 0x00, 0x00, 0x00, 0x00, 0x00, 0x00, 0x00, 0x00, 0x00, 0x00, 0x00, 0x00, 0x00, 0x00, 0x00, 0x00, 0x00, 0x00, 0x00, 0x00, 0x00, 0x00, 0x00, 0x00 },
            { 0x00, 0x00, 0x00, 0x00, 0x00, 0x00, 0x00, 0x00, 0x00, 0x00, 0x00, 0x00, 0x00, 0x00, 0x00, 0x00, 0x00, 0x00, 0x00, 0x00, 0x00, 0x00, 0x00, 0x00, 0x00, 0x00, 0x00, 0x00, 0x00, 0x00, 0x00, 0x00 },
        },
        {  /* msgs */
            { 0x02, 0x02, 0x02, 0x02, 0x02, 0x02, 0x02, 0x02, 0x02, 0x02, 0x02, 0x02, 0x02, 0x02, 0x02, 0x02, 0x02, 0x02, 0x02, 0x02, 0x02, 0x02, 0x02, 0x02, 0x02, 0x02, 0x02, 0x02, 0x02, 0x02, 0x02, 0x02 },
            { 0x00, 0x00, 0x00, 0x00, 0x00, 0x00, 0x00, 0x00, 0x00, 0x00, 0x00, 0x00, 0x00, 0x00, 0x00, 0x00, 0x00, 0x00, 0x00, 0x00, 0x00, 0x00, 0x00, 0x00, 0x00, 0x00, 0x00, 0x00, 0x00, 0x00, 0x00, 0x00 },
            { 0x00, 0x00, 0x00, 0x00, 0x00, 0x00, 0x00, 0x00, 0x00, 0x00, 0x00, 0x00, 0x00, 0x00, 0x00, 0x00, 0x00, 0x00, 0x00, 0x00, 0x00, 0x00, 0x00, 0x00, 0x00, 0x00, 0x00, 0x00, 0x00, 0x00, 0x00, 0x00 },
            { 0x00, 0x00, 0x00, 0x00, 0x00, 0x00, 0x00, 0x00, 0x00, 0x00, 0x00, 0x00, 0x00, 0x00, 0x00, 0x00, 0x00, 0x00, 0x00, 0x00, 0x00, 0x00, 0x00, 0x00, 0x00, 0x00, 0x00, 0x00, 0x00, 0x00, 0x00, 0x00 },
            { 0x00, 0x00, 0x00, 0x00, 0x00, 0x00, 0x00, 0x00, 0x00, 0x00, 0x00, 0x00, 0x00, 0x00, 0x00, 0x00, 0x00, 0x00, 0x00, 0x00, 0x00, 0x00, 0x00, 0x00, 0x00, 0x00, 0x00, 0x00, 0x00, 0x00, 0x00, 0x00 },
        },
        0,  /* expected_result */
        "s = 0 (valid range, wrong sig)"
    },
    {  /* BIP vector #20: Aggregate signature too short */
        1,  /* n */
        {  /* aggsig */
            0xB0, 0x70, 0xAA, 0xFC, 0xEA, 0x43, 0x9A, 0x4F, 0x6F, 0x1B, 0xBF, 0xC2, 0xEB, 0x66, 0xD2, 0x9D,
            0x24, 0xB0, 0xCA, 0xB7, 0x4D, 0x6B, 0x74, 0x5C, 0x3C, 0xFB, 0x00, 0x9C, 0xC8, 0xFE, 0x4A,
        },
        31,  /* aggsig_len */
        {  /* pubkeys */
            { 0x1B, 0x84, 0xC5, 0x56, 0x7B, 0x12, 0x64, 0x40, 0x99, 0x5D, 0x3E, 0xD5, 0xAA, 0xBA, 0x05, 0x65, 0xD7, 0x1E, 0x18, 0x34, 0x60, 0x48, 0x19, 0xFF, 0x9C, 0x17, 0xF5, 0xE9, 0xD5, 0xDD, 0x07, 0x8F },
            { 0x00, 0x00, 0x00, 0x00, 0x00, 0x00, 0x00, 0x00, 0x00, 0x00, 0x00, 0x00, 0x00, 0x00, 0x00, 0x00, 0x00, 0x00, 0x00, 0x00, 0x00, 0x00, 0x00, 0x00, 0x00, 0x00, 0x00, 0x00, 0x00, 0x00, 0x00, 0x00 },
            { 0x00, 0x00, 0x00, 0x00, 0x00, 0x00, 0x00, 0x00, 0x00, 0x00, 0x00, 0x00, 0x00, 0x00, 0x00, 0x00, 0x00, 0x00, 0x00, 0x00, 0x00, 0x00, 0x00, 0x00, 0x00, 0x00, 0x00, 0x00, 0x00, 0x00, 0x00, 0x00 },
            { 0x00, 0x00, 0x00, 0x00, 0x00, 0x00, 0x00, 0x00, 0x00, 0x00, 0x00, 0x00, 0x00, 0x00, 0x00, 0x00, 0x00, 0x00, 0x00, 0x00, 0x00, 0x00, 0x00, 0x00, 0x00, 0x00, 0x00, 0x00, 0x00, 0x00, 0x00, 0x00 },
            { 0x00, 0x00, 0x00, 0x00, 0x00, 0x00, 0x00, 0x00, 0x00, 0x00, 0x00, 0x00, 0x00, 0x00, 0x00, 0x00, 0x00, 0x00, 0x00, 0x00, 0x00, 0x00, 0x00, 0x00, 0x00, 0x00, 0x00, 0x00, 0x00, 0x00, 0x00, 0x00 },
        },
        {  /* msgs */
            { 0x02, 0x02, 0x02, 0x02, 0x02, 0x02, 0x02, 0x02, 0x02, 0x02, 0x02, 0x02, 0x02, 0x02, 0x02, 0x02, 0x02, 0x02, 0x02, 0x02, 0x02, 0x02, 0x02, 0x02, 0x02, 0x02, 0x02, 0x02, 0x02, 0x02, 0x02, 0x02 },
            { 0x00, 0x00, 0x00, 0x00, 0x00, 0x00, 0x00, 0x00, 0x00, 0x00, 0x00, 0x00, 0x00, 0x00, 0x00, 0x00, 0x00, 0x00, 0x00, 0x00, 0x00, 0x00, 0x00, 0x00, 0x00, 0x00, 0x00, 0x00, 0x00, 0x00, 0x00, 0x00 },
            { 0x00, 0x00, 0x00, 0x00, 0x00, 0x00, 0x00, 0x00, 0x00, 0x00, 0x00, 0x00, 0x00, 0x00, 0x00, 0x00, 0x00, 0x00, 0x00, 0x00, 0x00, 0x00, 0x00, 0x00, 0x00, 0x00, 0x00, 0x00, 0x00, 0x00, 0x00, 0x00 },
            { 0x00, 0x00, 0x00, 0x00, 0x00, 0x00, 0x00, 0x00, 0x00, 0x00, 0x00, 0x00, 0x00, 0x00, 0x00, 0x00, 0x00, 0x00, 0x00, 0x00, 0x00, 0x00, 0x00, 0x00, 0x00, 0x00, 0x00, 0x00, 0x00, 0x00, 0x00, 0x00 },
            { 0x00, 0x00, 0x00, 0x00, 0x00, 0x00, 0x00, 0x00, 0x00, 0x00, 0x00, 0x00, 0x00, 0x00, 0x00, 0x00, 0x00, 0x00, 0x00, 0x00, 0x00, 0x00, 0x00, 0x00, 0x00, 0x00, 0x00, 0x00, 0x00, 0x00, 0x00, 0x00 },
        },
        0,  /* expected_result */
        "Aggregate signature too short"
    },
    {  /* BIP vector #21: Aggregate signature too long */
        1,  /* n */
        {  /* aggsig */
            0xB0, 0x70, 0xAA, 0xFC, 0xEA, 0x43, 0x9A, 0x4F, 0x6F, 0x1B, 0xBF, 0xC2, 0xEB, 0x66, 0xD2, 0x9D,
            0x24, 0xB0, 0xCA, 0xB7, 0x4D, 0x6B, 0x74, 0x5C, 0x3C, 0xFB, 0x00, 0x9C, 0xC8, 0xFE, 0x4A, 0xA8,
            0x0E, 0x06, 0x6C, 0x34, 0x81, 0x99, 0x36, 0x54, 0x9F, 0xF4, 0x9B, 0x6F, 0xD4, 0xD4, 0x1E, 0xDF,
            0xC4, 0x01, 0xA3, 0x67, 0xB8, 0x7D, 0xDD, 0x59, 0xFE, 0xE3, 0x81, 0x77, 0x96, 0x1C, 0x22, 0x5F,
            0x00, 0x00, 0x00, 0x00, 0x00, 0x00, 0x00, 0x00, 0x00, 0x00, 0x00, 0x00, 0x00, 0x00, 0x00, 0x00,
            0x00, 0x00, 0x00, 0x00, 0x00, 0x00, 0x00, 0x00, 0x00, 0x00, 0x00, 0x00, 0x00, 0x00, 0x00, 0x00,
        },
        96,  /* aggsig_len */
        {  /* pubkeys */
            { 0x1B, 0x84, 0xC5, 0x56, 0x7B, 0x12, 0x64, 0x40, 0x99, 0x5D, 0x3E, 0xD5, 0xAA, 0xBA, 0x05, 0x65, 0xD7, 0x1E, 0x18, 0x34, 0x60, 0x48, 0x19, 0xFF, 0x9C, 0x17, 0xF5, 0xE9, 0xD5, 0xDD, 0x07, 0x8F },
            { 0x00, 0x00, 0x00, 0x00, 0x00, 0x00, 0x00, 0x00, 0x00, 0x00, 0x00, 0x00, 0x00, 0x00, 0x00, 0x00, 0x00, 0x00, 0x00, 0x00, 0x00, 0x00, 0x00, 0x00, 0x00, 0x00, 0x00, 0x00, 0x00, 0x00, 0x00, 0x00 },
            { 0x00, 0x00, 0x00, 0x00, 0x00, 0x00, 0x00, 0x00, 0x00, 0x00, 0x00, 0x00, 0x00, 0x00, 0x00, 0x00, 0x00, 0x00, 0x00, 0x00, 0x00, 0x00, 0x00, 0x00, 0x00, 0x00, 0x00, 0x00, 0x00, 0x00, 0x00, 0x00 },
            { 0x00, 0x00, 0x00, 0x00, 0x00, 0x00, 0x00, 0x00, 0x00, 0x00, 0x00, 0x00, 0x00, 0x00, 0x00, 0x00, 0x00, 0x00, 0x00, 0x00, 0x00, 0x00, 0x00, 0x00, 0x00, 0x00, 0x00, 0x00, 0x00, 0x00, 0x00, 0x00 },
            { 0x00, 0x00, 0x00, 0x00, 0x00, 0x00, 0x00, 0x00, 0x00, 0x00, 0x00, 0x00, 0x00, 0x00, 0x00, 0x00, 0x00, 0x00, 0x00, 0x00, 0x00, 0x00, 0x00, 0x00, 0x00, 0x00, 0x00, 0x00, 0x00, 0x00, 0x00, 0x00 },
        },
        {  /* msgs */
            { 0x02, 0x02, 0x02, 0x02, 0x02, 0x02, 0x02, 0x02, 0x02, 0x02, 0x02, 0x02, 0x02, 0x02, 0x02, 0x02, 0x02, 0x02, 0x02, 0x02, 0x02, 0x02, 0x02, 0x02, 0x02, 0x02, 0x02, 0x02, 0x02, 0x02, 0x02, 0x02 },
            { 0x00, 0x00, 0x00, 0x00, 0x00, 0x00, 0x00, 0x00, 0x00, 0x00, 0x00, 0x00, 0x00, 0x00, 0x00, 0x00, 0x00, 0x00, 0x00, 0x00, 0x00, 0x00, 0x00, 0x00, 0x00, 0x00, 0x00, 0x00, 0x00, 0x00, 0x00, 0x00 },
            { 0x00, 0x00, 0x00, 0x00, 0x00, 0x00, 0x00, 0x00, 0x00, 0x00, 0x00, 0x00, 0x00, 0x00, 0x00, 0x00, 0x00, 0x00, 0x00, 0x00, 0x00, 0x00, 0x00, 0x00, 0x00, 0x00, 0x00, 0x00, 0x00, 0x00, 0x00, 0x00 },
            { 0x00, 0x00, 0x00, 0x00, 0x00, 0x00, 0x00, 0x00, 0x00, 0x00, 0x00, 0x00, 0x00, 0x00, 0x00, 0x00, 0x00, 0x00, 0x00, 0x00, 0x00, 0x00, 0x00, 0x00, 0x00, 0x00, 0x00, 0x00, 0x00, 0x00, 0x00, 0x00 },
            { 0x00, 0x00, 0x00, 0x00, 0x00, 0x00, 0x00, 0x00, 0x00, 0x00, 0x00, 0x00, 0x00, 0x00, 0x00, 0x00, 0x00, 0x00, 0x00, 0x00, 0x00, 0x00, 0x00, 0x00, 0x00, 0x00, 0x00, 0x00, 0x00, 0x00, 0x00, 0x00 },
        },
        0,  /* expected_result */
        "Aggregate signature too long"
    }
};

#endif /* SECP256K1_MODULE_SCHNORRSIG_HALFAGG_VECTORS_H */
