// Copyright (c) The Bitcoin Core developers
// Distributed under the MIT software license, see the accompanying
// file COPYING or https://opensource.org/license/mit.

#ifndef BITCOIN_CHAINPARAMSSEEDS_H
#define BITCOIN_CHAINPARAMSSEEDS_H
/**
 * List of fixed seed nodes for the bitcoin network
 * AUTOGENERATED by contrib/seeds/generate-seeds.py
 *
 * Each line contains a BIP155 serialized (networkID, addr, port) tuple.
 */
inline constexpr uint8_t chainparams_seed_main[]{
    0x06,0x10,0xfc,0x10,0xef,0xa7,0x0c,0xa6,0x15,0x48,0x0f,0x8c,0x6b,0xb9,0x1c,0xc4,0x63,0xae,0x20,0x8d,
    0x06,0x10,0xfc,0x17,0x43,0x69,0x54,0x14,0x4b,0x1f,0x56,0x89,0xd3,0xed,0x40,0x39,0x33,0x5c,0x20,0x8d,
    0x06,0x10,0xfc,0x1f,0x22,0xc3,0x95,0xdc,0xa3,0xaf,0x4a,0x93,0x82,0x51,0xbe,0xb9,0x18,0x58,0x20,0x8d,
    0x06,0x10,0xfc,0x38,0xa5,0x97,0x4c,0x0f,0x00,0xae,0xc3,0x97,0x14,0xd2,0xca,0x27,0x81,0xa6,0x20,0x8d,
    0x06,0x10,0xfc,0x76,0xaa,0x12,0x93,0xb1,0xc4,0xff,0x7b,0x4b,0x58,0xb5,0x02,0x7f,0xa3,0x7d,0x20,0x8d,
    0x06,0x10,0xfc,0x95,0x6e,0xdb,0xaf,0x65,0x9e,0xa3,0xcd,0x27,0x21,0xef,0xf5,0xe2,0x29,0xc6,0x20,0x8d,
    0x06,0x10,0xfc,0xa0,0x01,0x51,0x79,0xac,0x89,0x92,0xb5,0x1e,0xbd,0xc4,0x6e,0xd9,0x41,0xbe,0x20,0x8d,
    0x06,0x10,0xfc,0xb0,0xea,0xb1,0xc2,0x67,0x42,0xc5,0xd7,0xef,0xe4,0xec,0x70,0x7d,0x6d,0x55,0x20,0x8d,
    0x06,0x10,0xfc,0xcb,0x02,0x48,0x11,0xa6,0x10,0x42,0x0b,0xca,0x12,0x18,0xf7,0xce,0x7d,0x3d,0x20,0x8d,
    0x05,0x20,0xd6,0xa1,0x36,0x92,0xd6,0x8d,0xd0,0xdf,0x47,0xff,0x8f,0x0f,0xc8,0x4e,0x6e,0x93,0xd7,0xd8,0xa9,0x8e,0x5a,0x5e,0x1a,0x10,0x77,0xe5,0xb7,0xba,0xa2,0x37,0xe7,0xa5,0x00,0x00,
    0x05,0x20,0xd6,0xab,0x4f,0xa5,0x58,0x8e,0x60,0x46,0x96,0xde,0x90,0xbe,0xc9,0x1c,0xf4,0x14,0x6b,0x42,0x18,0x11,0x4e,0x26,0x85,0x30,0x30,0x88,0x12,0x71,0x8f,0xdd,0x29,0x82,0x00,0x00,
    0x05,0x20,0xd6,0xce,0x8c,0xde,0x56,0x4a,0x7c,0xc5,0x6c,0x7b,0xd4,0xdb,0x90,0xaa,0x34,0x30,0xd6,0x7b,0xac,0xf3,0x41,0xed,0x41,0x2c,0xbf,0x5f,0x1e,0x40,0x41,0xd5,0x94,0x66,0x00,0x00,
    0x05,0x20,0xd7,0x03,0xff,0x22,0xef,0xde,0xb8,0x12,0xfd,0xa4,0xa9,0x11,0x8b,0xcc,0x38,0x4c,0x7e,0x39,0x95,0x1a,0x4c,0x16,0x21,0x8a,0x33,0x10,0xa9,0xad,0xc7,0xf7,0xed,0x5f,0x00,0x00,
    0x05,0x20,0xd7,0x32,0x63,0x6b,0x9e,0x9b,0xa1,0x5d,0x9f,0xfc,0x36,0x27,0xe7,0x17,0x68,0xf4,0x88,0x62,0xd6,0xb0,0x21,0x7b,0x30,0x91,0xe9,0x1e,0x64,0x49,0x95,0x95,0xa3,0x91,0x00,0x00,
    0x05,0x20,0xd7,0xcc,0xb4,0xd5,0xb0,0x30,0x9c,0x5c,0x73,0xe2,0xa5,0xc2,0x05,0x83,0xac,0x47,0x54,0xa8,0xf8,0xb2,0xf7,0xa6,0xa8,0x2d,0x9d,0x90,0xe2,0xaf,0x5f,0x60,0x01,0x6c,0x00,0x00,
    0x05,0x20,0xd1,0x66,0xe6,0x67,0xd0,0x7a,0x94,0x3e,0xd1,0x17,0x34,0x46,0xa4,0x93,0x82,0x65,0x77,0xd5,0xd2,0x8f,0xe2,0x87,0x20,0xca,0xe3,0x6e,0x77,0x64,0x47,0x90,0xdd,0x3c,0x00,0x00,
    0x05,0x20,0xd1,0x85,0xb3,0x2c,0x4c,0xcb,0x84,0xbe,0x70,0x9f,0xd7,0xe4,0xb7,0x54,0x1a,0x2d,0x7f,0x6b,0x8d,0x38,0x1e,0x05,0xea,0x3b,0x12,0x94,0x6c,0x6c,0x45,0x01,0x34,0x0e,0x00,0x00,
    0x05,0x20,0xd1,0x85,0x9c,0x07,0x7f,0x46,0xcb,0xa6,0x78,0x2e,0x5b,0xbb,0xcf,0x7a,0x40,0x8d,0x3e,0xae,0xc3,0x40,0x1e,0x18,0x41,0x53,0x6a,0xb2,0xba,0x92,0x7f,0x4d,0x00,0xf7,0x00,0x00,
    0x05,0x20,0xd2,0xa8,0x2f,0x74,0x08,0x52,0x04,0x21,0xa1,0x0e,0x57,0xa2,0xf0,0xd7,0x54,0xf8,0x07,0xe0,0xab,0xbf,0xd5,0x18,0xe0,0xe2,0x66,0x13,0xa0,0x74,0x4f,0x26,0xa2,0xd9,0x00,0x00,
    0x05,0x20,0xd2,0xc6,0xb9,0x4a,0x1b,0xa6,0x33,0xe4,0x7d,0x49,0xbe,0xa1,0x72,0xcd,0xa4,0xd0,0x51,0x76,0xa0,0xc1,0x04,0x13,0xf9,0x7e,0x82,0x4b,0xbb,0x78,0x79,0xb1,0xda,0x49,0x00,0x00,
    0x05,0x20,0xd2,0xdb,0x8f,0xe6,0xde,0x21,0xc7,0x19,0xa6,0xc0,0x0a,0xda,0xdc,0xf5,0x84,0x84,0x7f,0xe1,0xe1,0x93,0x73,0x05,0x57,0xd3,0xd8,0x7b,0x4c,0x80,0x11,0xdf,0x01,0x50,0x00,0x00,
    0x05,0x20,0xd3,0x4f,0xb2,0xe6,0x6c,0xf7,0x45,0x58,0xd0,0x81,0xf9,0x67,0x64,0xf1,0xb9,0x30,0x5d,0x87,0xa8,0x5b,0x4f,0xf8,0x2d,0x3c,0x8b,0x16,0x45,0xcf,0x73,0xb9,0x25,0xc1,0x00,0x00,
    0x05,0x20,0xd3,0x62,0xf4,0x88,0x06,0xf1,0x53,0x65,0x4a,0xa3,0x51,0x1d,0xac,0x71,0x8e,0x6c,0x02,0x5f,0xda,0x5e,0x2e,0xf7,0xa1,0x5d,0xa1,0xe4,0xce,0x2c,0x70,0xdf,0x01,0x1e,0x00,0x00,
    0x05,0x20,0xd3,0xd1,0xe4,0x15,0x9f,0x6a,0x30,0x0a,0x4d,0x26,0xfd,0xef,0x1b,0x2f,0x95,0xed,0xaf,0xcb,0x5a,0xe5,0x51,0x9f,0x9d,0x87,0x50,0xe4,0x07,0x2a,0x58,0x83,0x77,0xcd,0x00,0x00,
    0x05,0x20,0xd3,0xd9,0xdc,0x7d,0xa0,0xf8,0xbf,0x5a,0xc7,0x1e,0xd8,0xe6,0x18,0xa4,0x0a,0x41,0x83,0x6c,0x1f,0x76,0x5f,0x86,0x2c,0x71,0x0e,0xe4,0x46,0x91,0x51,0x76,0x8b,0xe4,0x00,0x00,
    0x05,0x20,0xd4,0x61,0xbc,0x78,0x18,0x6e,0xcc,0xc6,0x7d,0xfd,0x64,0xcb,0xcc,0xc0,0x70,0x11,0x1c,0x54,0xa9,0xf4,0xa4,0x25,0x58,0xe6,0x63,0xc7,0xe8,0x28,0xf3,0x21,0x01,0x0f,0x00,0x00,
    0x05,0x20,0xd5,0x10,0x6a,0x4f,0x58,0xe9,0x7a,0x0d,0x53,0x3d,0xfe,0x5a,0x37,0xd0,0xa1,0xb8,0x63,0x1f,0x0a,0x35,0x01,0xc4,0x86,0x26,0xcd,0x95,0xf1,0x93,0x8a,0x13,0x77,0xd2,0x00,0x00,
    0x05,0x20,0xd5,0x74,0x9a,0x0c,0xf0,0xb8,0xb8,0x4a,0x71,0x44,0xf0,0xd8,0x06,0xdd,0xd3,0x22,0xf4,0x73,0x23,0x9c,0xc9,0xab,0x3b,0xe6,0x14,0x08,0xf1,0xaf,0x70,0xdc,0x6b,0x7a,0x00,0x00,
    0x05,0x20,0xd5,0xd6,0x34,0xbc,0xfc,0x92,0x64,0xe4,0x59,0x92,0x35,0x98,0xb8,0x95,0x96,0x15,0x75,0xe1,0xe3,0x83,0x35,0x42,0xfc,0xc2,0x0b,0xcf,0xb5,0xb6,0xe2,0x96,0xbd,0x6f,0x00,0x00,
    0x05,0x20,0xde,0xe6,0x08,0x5a,0xa7,0x94,0x83,0x5f,0x5b,0x5a,0x89,0x21,0x3b,0x95,0x9f,0x45,0xe6,0xfe,0xb7,0x14,0x8f,0x15,0x75,0x60,0x7a,0x35,0x13,0xed,0x38,0x4c,0x35,0xea,0x00,0x00,
    0x05,0x20,0xdf,0x8d,0x8e,0x34,0x5a,0xfd,0x13,0x1d,0x31,0xef,0x2c,0x0b,0x68,0x1b,0x37,0x98,0xe2,0xf3,0xca,0xd7,0xb2,0x92,0x2f,0x24,0xcd,0xf3,0x45,0xae,0xc2,0x6a,0x4a,0xe8,0x00,0x00,
    0x05,0x20,0xd8,0x33,0x8c,0x2b,0x57,0xb7,0xe1,0x00,0x31,0x9b,0xb8,0x9a,0x67,0x3f,0x20,0x9c,0x06,0xe1,0xbe,0x47,0x89,0x79,0xd7,0xc0,0x9a,0xcd,0x34,0x2c,0x91,0x0b,0x7e,0x81,0x00,0x00,
    0x05,0x20,0xd8,0x9d,0x55,0x2c,0xcb,0xca,0xdc,0x3d,0x4a,0xec,0x4c,0xf1,0x0d,0xc5,0x79,0x80,0xfb,0xf5,0x08,0xa9,0x8a,0x04,0x9d,0x7f,0x18,0x25,0xcd,0xb8,0x8b,0x47,0x8b,0xa0,0x00,0x00,
    0x05,0x20,0xd9,0xf5,0x3e,0x17,0xac,0x9c,0x51,0xa2,0x38,0x16,0x12,0x16,0x32,0x38,0xab,0x85,0x54,0x82,0x7e,0x6f,0x11,0x31,0xe5,0x6c,0xe4,0x70,0xe9,0xaa,0x8c,0x3e,0xc8,0xbb,0x00,0x00,
    0x05,0x20,0xd9,0xf2,0x84,0x0e,0x2f,0xcc,0x2a,0xd9,0x71,0x36,0x2c,0x0f,0x90,0xfd,0xb8,0x1d,0xb8,0xc9,0xb5,0xaa,0x05,0x9e,0x48,0x96,0xad,0x04,0x69,0xbc,0xbe,0x8f,0xd2,0x0f,0x00,0x00,
    0x05,0x20,0xda,0xf9,0xfc,0x3b,0x9f,0x0b,0x10,0x01,0x8c,0x03,0x69,0xfc,0xb6,0xf9,0xaf,0xfe,0x4d,0x2c,0x8b,0xf9,0xe1,0xe4,0x2d,0x02,0x15,0xa0,0x40,0x03,0x56,0x89,0xf5,0xc8,0x00,0x00,
    0x05,0x20,0xdb,0xac,0xa7,0xaf,0xb3,0xc9,0xf0,0x8e,0x6c,0xe7,0x73,0x83,0x68,0x43,0x60,0x86,0x75,0xae,0x04,0x24,0xc3,0xe0,0xf7,0x39,0xff,0x5b,0x12,0x71,0x4a,0x0e,0x5c,0x3d,0x00,0x00,
    0x05,0x20,0xdb,0xfa,0xfa,0x0d,0x7e,0xfe,0xc2,0x65,0xff,0xb2,0x2f,0xe9,0xdc,0x1a,0x17,0x01,0x02,0x2e,0x7b,0xf2,0xa8,0xdb,0xe1,0x10,0xb1,0x3b,0xdb,0x03,0x7a,0x48,0x60,0x68,0x00,0x00,
    0x05,0x20,0xdc,0x4d,0x65,0x6b,0x36,0x1b,0xb7,0xcd,0xe7,0xa6,0x4d,0xf2,0x31,0xd5,0x06,0xd2,0x2b,0x1d,0x1e,0x6d,0x15,0x59,0x0b,0xb2,0xaa,0xaa,0xe6,0x0d,0x7c,0x44,0x8b,0x84,0x00,0x00,
    0x05,0x20,0xdc,0x71,0x7a,0xbe,0x71,0x9e,0x53,0x43,0x69,0x52,0x57,0xc6,0x1b,0x21,0xbc,0x97,0xbe,0xbd,0xd0,0x4c,0x48,0xe0,0xae,0x92,0x63,0xd3,0xf5,0xb6,0x4c,0x3f,0x9c,0xa5,0x00,0x00,
    0x05,0x20,0xdc,0xc3,0x85,0x72,0xc9,0x30,0x34,0x19,0x01,0x58,0x34,0xd4,0x95,0x76,0x78,0x04,0x50,0x26,0x88,0xcd,0xa2,0x87,0xbb,0xa2,0xb9,0x2b,0xb6,0x5a,0x3c,0x9c,0xae,0x42,0x00,0x00,
    0x05,0x20,0xdc,0xed,0xdd,0x72,0x6a,0x08,0x4d,0x8b,0x2b,0x82,0x70,0x7e,0x2f,0xc8,0x91,0xb7,0x0e,0x8a,0xf3,0xba,0xa9,0x28,0x68,0x22,0x95,0xe6,0x59,0x4d,0x07,0x3b,0x60,0xc4,0x00,0x00,
    0x05,0x20,0xe6,0xa7,0xb1,0x92,0xd0,0xbe,0x2e,0x4d,0xe1,0xe5,0x4f,0x9d,0x71,0xdb,0x97,0x53,0xad,0x45,0xd0,0x25,0x6b,0x62,0x92,0x57,0x58,0x71,0x56,0x65,0xdc,0x85,0x68,0xc8,0x00,0x00,
    0x05,0x20,0xe7,0x29,0xba,0xc6,0x4f,0x30,0xbf,0xf8,0x70,0xa3,0xd4,0xb0,0x42,0x2c,0x41,0x5f,0xb3,0x85,0xae,0xa3,0x08,0xb1,0xf3,0x67,0x84,0x5a,0xaa,0xd1,0x53,0xe9,0xa9,0x52,0x00,0x00,
    0x05,0x20,0xe7,0x8a,0xbf,0x02,0xfd,0x53,0xb3,0x31,0x9a,0x92,0x6f,0xbf,0xf7,0x58,0x18,0x03,0x36,0xd8,0x27,0x27,0x55,0xbd,0xad,0x01,0x4f,0x44,0x7d,0x25,0xa1,0xef,0x60,0x35,0x00,0x00,
    0x05,0x20,0xe7,0x96,0x39,0x99,0xb7,0xe6,0x40,0x18,0x78,0x78,0x7a,0xc0,0x00,0x8a,0xce,0x30,0xc5,0x00,0x79,0x51,0x0b,0x4f,0x34,0xda,0x6f,0x3e,0x4d,0xfe,0x51,0x65,0x05,0xa4,0x00,0x00,
    0x05,0x20,0xe7,0xa0,0xc7,0x31,0x5a,0x4a,0xc7,0x2d,0xcf,0xe9,0x73,0x2c,0x7a,0x7d,0xe4,0xee,0x97,0x3a,0xa4,0x49,0x71,0x1c,0x96,0x00,0xca,0x48,0x0d,0xf7,0x0b,0xc4,0x0b,0x67,0x00,0x00,
    0x05,0x20,0xe7,0xa9,0x63,0x98,0xcb,0x56,0xed,0x60,0x82,0xb5,0xb5,0xd4,0x7b,0x55,0x76,0x23,0xa8,0xec,0x49,0xb8,0x2b,0x5e,0xd4,0x4a,0x54,0x09,0xb2,0x0d,0x8b,0x0f,0xb2,0xed,0x00,0x00,
    0x05,0x20,0xe7,0xf2,0xcc,0xef,0xbb,0xb3,0x31,0xbb,0xa4,0xc7,0xb8,0x65,0xc9,0x78,0x77,0x4f,0xb8,0x67,0x00,0xe0,0x8d,0x04,0x7c,0xe4,0x03,0x08,0x77,0x40,0xc1,0xd0,0xf8,0x17,0x00,0x00,
    0x05,0x20,0xe0,0x38,0x8d,0xdc,0xeb,0x12,0x10,0xe8,0x26,0xeb,0xd9,0xe6,0x32,0x5c,0x09,0x33,0x1a,0x67,0xbb,0xab,0x10,0x90,0x43,0x30,0x56,0xc1,0x90,0x2d,0xaf,0xf0,0xad,0x63,0x00,0x00,
    0x05,0x20,0xe0,0xb4,0xf0,0xd1,0xbd,0xf6,0x06,0xe9,0x6a,0x4b,0x10,0x42,0x9e,0xe9,0x56,0xae,0x37,0x85,0x3e,0xe0,0x8b,0x57,0x9f,0x57,0x18,0xd1,0xf3,0x8f,0x71,0x8c,0x48,0xcb,0x00,0x00,
    0x05,0x20,0xe0,0xd6,0x1b,0xd0,0x31,0x15,0xbc,0xcd,0x5e,0x2d,0x5c,0xd0,0x88,0x74,0xc0,0xfe,0x3f,0x27,0x66,0x84,0xbe,0xb3,0xe5,0x73,0x57,0x57,0x87,0xc8,0x45,0xa5,0x1a,0xd5,0x00,0x00,
    0x05,0x20,0xe1,0x2e,0x67,0x2f,0x36,0x37,0xe0,0xf5,0x72,0xde,0x6d,0x95,0x2b,0x43,0xca,0xd5,0x40,0xfc,0xc5,0x56,0x07,0x87,0x8f,0x29,0x17,0xd0,0x90,0xbc,0x35,0xc3,0x5e,0x0c,0x00,0x00,
    0x05,0x20,0xe2,0x1b,0xc2,0xba,0x04,0xba,0x23,0x14,0x10,0x17,0x5f,0x15,0xa8,0x55,0xc0,0x9f,0x5b,0x29,0x96,0x05,0xa2,0x72,0x56,0x3b,0x32,0x6c,0x81,0x58,0xe5,0x83,0x15,0x70,0x00,0x00,
    0x05,0x20,0xe2,0x28,0xec,0xba,0xe1,0xbb,0xff,0x81,0x3e,0x9a,0x8a,0x1c,0x1f,0xec,0x80,0x35,0x6f,0xf3,0x12,0xaf,0x6b,0x11,0x2a,0xf7,0xc1,0x81,0xb4,0x92,0x09,0x3a,0x74,0xda,0x00,0x00,
    0x05,0x20,0xe2,0xac,0xe8,0x06,0xdc,0x18,0xb1,0xed,0x0f,0x4a,0xcc,0xb8,0x3e,0xc1,0x32,0x97,0x4a,0xbd,0x11,0x18,0xa5,0xec,0x9b,0xc0,0x20,0x27,0x93,0x49,0x66,0x4a,0xe0,0xc3,0x00,0x00,
    0x05,0x20,0xe3,0x17,0x04,0x88,0x59,0xf8,0xe8,0x69,0xa2,0x63,0x24,0x01,0x02,0x37,0x06,0xdd,0x31,0x29,0xff,0x90,0x69,0x29,0xd7,0x4e,0xc9,0xcd,0x38,0x1f,0x2a,0xd7,0x65,0x96,0x00,0x00,
    0x05,0x20,0xe4,0x1c,0xf5,0x98,0xae,0xd9,0xfb,0x42,0x2f,0xda,0x10,0xe2,0x5d,0x95,0x7d,0xf0,0x54,0x62,0xf1,0xad,0xba,0x30,0xba,0x4f,0x60,0x9e,0x7a,0x3d,0x9d,0x49,0x30,0x36,0x00,0x00,
    0x05,0x20,0xe4,0x8a,0x66,0xeb,0x42,0xe1,0xfb,0xaa,0x6e,0xdc,0x8d,0xda,0x60,0x5b,0xaa,0xa6,0xd4,0xab,0xb8,0x18,0x9a,0x62,0x07,0x53,0x39,0x21,0x53,0xd6,0x58,0x0f,0xf4,0xbd,0x00,0x00,
    0x05,0x20,0xe4,0x90,0x24,0x8d,0x51,0xf1,0xd4,0x74,0xb5,0x6d,0xea,0xa4,0x81,0x41,0xac,0xc9,0x86,0x5c,0x33,0x3e,0x96,0xee,0xb6,0x74,0xd8,0x90,0x75,0x74,0x82,0x67,0x6e,0xec,0x00,0x00,
    0x05,0x20,0xe4,0xfa,0x11,0x56,0x45,0x16,0x48,0x07,0x58,0x87,0x8f,0xe6,0xdc,0x84,0x5e,0xab,0xa1,0x8f,0x26,0xa2,0x50,0x39,0xad,0xc9,0x33,0x82,0x41,0x35,0x1c,0xa2,0xa0,0xeb,0x00,0x00,
    0x05,0x20,0xe4,0xc2,0xa8,0xe6,0x9d,0x2f,0x0b,0x17,0x80,0xc8,0xa1,0x93,0x8d,0x91,0x10,0xcf,0x0a,0xfc,0xdc,0x42,0x1c,0x6b,0xfe,0xf1,0x1e,0x77,0x38,0xa2,0x21,0x2f,0xc3,0xa1,0x00,0x00,
    0x05,0x20,0xe5,0x1b,0x73,0x66,0xc4,0xd6,0x57,0x12,0x99,0x15,0x92,0xff,0xa0,0xf3,0x3d,0x39,0x3c,0x90,0x58,0x83,0xcd,0x04,0x4a,0x6e,0x92,0xaa,0xdf,0xf0,0x89,0xc9,0xd8,0xbf,0x00,0x00,
    0x05,0x20,0xe5,0xdc,0xdb,0x30,0x10,0xbd,0x31,0x83,0x94,0x82,0x20,0xf2,0x32,0x32,0x04,0x4b,0xd8,0xb6,0xc7,0x76,0x5d,0xd5,0x6f,0xe1,0xf4,0x1e,0x52,0xd3,0x9d,0x6c,0x4e,0x55,0x00,0x00,
    0x05,0x20,0xe6,0x5f,0x75,0x38,0x07,0xea,0x9d,0x1a,0x62,0xa0,0x61,0x4a,0xbf,0x4b,0x7c,0x58,0x8b,0xc1,0x2e,0xd6,0x12,0xd5,0xe1,0x7e,0xa3,0x92,0x90,0xea,0x3c,0x68,0x14,0xf7,0x00,0x00,
    0x05,0x20,0xee,0xa1,0xf1,0xa2,0x1b,0x83,0x81,0x65,0x8b,0x3b,0x28,0xd6,0xed,0xd8,0x3c,0xf6,0x02,0xa2,0x86,0xd5,0x7c,0x40,0x23,0xda,0xbb,0x83,0xff,0x7a,0x51,0x23,0x15,0x31,0x00,0x00,
    0x05,0x20,0xef,0x27,0x51,0x8e,0xfd,0x51,0x40,0xda,0x8d,0xf0,0x53,0xbd,0x9e,0x29,0x28,0x2a,0x8c,0xb1,0x5e,0xc3,0x2a,0x91,0x37,0x7d,0x2f,0xfa,0x64,0x87,0x1b,0x4c,0xe5,0x99,0x00,0x00,
    0x05,0x20,0xef,0xa5,0x4b,0x5d,0xee,0xba,0xb6,0x55,0xd4,0xa5,0xe5,0x50,0xe5,0xe0,0xb3,0x9f,0xfa,0x24,0x23,0x4f,0x2e,0x55,0x4e,0x29,0xf5,0xea,0x17,0xf8,0x38,0xbb,0x61,0x60,0x00,0x00,
    0x05,0x20,0xe8,0x6a,0xc8,0x51,0x8e,0x00,0xea,0x67,0x3a,0x2f,0x3e,0x77,0x41,0xef,0xf4,0x3d,0x6f,0xe2,0x97,0x5c,0x20,0xb1,0xa4,0xbf,0xe2,0x7a,0x38,0xa6,0x53,0x68,0x54,0x14,0x00,0x00,
    0x05,0x20,0xe8,0x6e,0x8f,0x97,0x58,0x57,0x7f,0xa9,0x4c,0x68,0x62,0x13,0x73,0x83,0x16,0x2f,0x90,0x50,0x09,0x83,0x1b,0x22,0x95,0x52,0xd7,0x1b,0x88,0x7b,0xe4,0x65,0x68,0x28,0x00,0x00,
    0x05,0x20,0xe8,0xa4,0x8b,0x15,0xce,0xa7,0x99,0xa4,0xfc,0x9e,0x8f,0x4e,0x83,0x29,0x89,0xc2,0xd4,0x77,0x65,0x7e,0x66,0xdc,0xdc,0x7d,0xe5,0x47,0x4d,0x5e,0xb9,0x76,0xa1,0x7a,0x00,0x00,
    0x05,0x20,0xe9,0x27,0x68,0x23,0xa2,0x64,0xfb,0x5f,0xc5,0xf4,0x29,0xd5,0x9f,0x6c,0xb9,0x67,0x4a,0x5d,0xb5,0x11,0xe6,0x98,0x3d,0x39,0x5c,0x48,0x3d,0xb4,0xf6,0x62,0x5e,0x33,0x00,0x00,
    0x05,0x20,0xe9,0xbe,0x30,0xe6,0xa1,0x04,0x21,0x5c,0xde,0x13,0xfc,0xd2,0xa1,0x17,0xe7,0x4d,0xa8,0x6c,0x0d,0x92,0x5f,0x39,0x0a,0x1f,0xf9,0x49,0x4c,0x17,0xd3,0xd9,0xa6,0x7a,0x00,0x00,
    0x05,0x20,0xe9,0xf8,0x75,0x05,0x84,0x26,0x8c,0xd4,0xde,0xbc,0x03,0x04,0x61,0x2e,0xad,0x95,0x6c,0x60,0x75,0x28,0x72,0xb5,0xde,0x32,0x2e,0xb7,0x77,0xe1,0x08,0xdf,0x8b,0x16,0x00,0x00,
    0x05,0x20,0xe9,0xc7,0x21,0x7c,0xbe,0x98,0xeb,0x1e,0xda,0xee,0xf9,0x5e,0x62,0x73,0xd2,0x81,0xd7,0xa5,0x98,0x5a,0x8e,0xdb,0xb0,0x34,0xb6,0x25,0x57,0xf5,0xbb,0x8d,0xbc,0x66,0x00,0x00,
    0x05,0x20,0xe9,0xea,0xba,0x02,0x67,0x28,0xe4,0x1b,0x11,0x20,0x42,0x1b,0xfd,0xcc,0x3a,0x79,0x35,0x92,0x91,0xed,0x6b,0x5a,0xc8,0xcd,0x9a,0xa8,0x59,0x8e,0x90,0x0f,0xf7,0xa6,0x00,0x00,
    0x05,0x20,0xeb,0x30,0x43,0x79,0x78,0x1d,0x69,0x3c,0x93,0x90,0x18,0xc4,0x83,0x7d,0xd4,0xcd,0x85,0xa0,0x88,0x15,0x82,0xc0,0x41,0xd8,0xf0,0xfc,0x90,0x22,0xfb,0x25,0x47,0x2f,0x00,0x00,
    0x05,0x20,0xeb,0xe6,0xa9,0xc5,0x80,0xa2,0xc5,0xac,0xa7,0x23,0xc4,0xc8,0xfb,0xf9,0x18,0xac,0x9d,0xd2,0xb1,0xcf,0xfb,0xf8,0xf4,0x4c,0x16,0xab,0x3c,0xa2,0xcc,0x0e,0xd9,0x18,0x00,0x00,
    0x05,0x20,0xec,0xce,0xac,0x0e,0xf4,0x45,0x11,0x0b,0xa0,0xd8,0x61,0x3d,0x43,0x81,0x90,0x22,0xcd,0x3b,0xc3,0x7d,0x7c,0x8f,0x28,0xb0,0x2b,0xb3,0xa7,0xa4,0xc9,0x03,0xee,0xeb,0x00,0x00,
    0x05,0x20,0xed,0x22,0x95,0xb4,0x85,0x43,0xe4,0x6e,0x95,0xcf,0x58,0xfe,0xbf,0x8b,0x0b,0xc1,0x14,0xfd,0xda,0x3e,0x2b,0xa9,0xfe,0x28,0xcb,0xdf,0xb1,0x5b,0x61,0x1b,0x39,0xaf,0x00,0x00,
    0x05,0x20,0xed,0x60,0xea,0x47,0x39,0xeb,0x9d,0xd5,0x2a,0x2a,0xe1,0xc1,0xb4,0x72,0x46,0x9b,0x0a,0x7b,0x4c,0x81,0x0f,0x86,0x1d,0x07,0xf2,0x7b,0xb2,0x0d,0xaf,0x4d,0x99,0x2e,0x00,0x00,
    0x05,0x20,0xee,0x1c,0x5b,0x81,0x78,0x3b,0x4c,0x18,0x0e,0x05,0x82,0x4d,0x48,0xa5,0x5a,0x25,0x0c,0x45,0xa5,0x64,0x5f,0xc8,0x41,0x8b,0xba,0x64,0x66,0x24,0xbb,0xc4,0xbe,0x46,0x00,0x00,
    0x05,0x20,0xf6,0x8a,0xc9,0x93,0x2e,0x77,0x15,0x73,0x56,0xf5,0x86,0xd3,0xa6,0xf5,0x73,0xb7,0xf9,0x4a,0xd2,0xc6,0xbd,0x3a,0xcd,0x72,0x0d,0xc3,0x8f,0xbb,0xf5,0xa9,0x8b,0x00,0x00,0x00,
    0x05,0x20,0xf6,0xf6,0x88,0xec,0xe2,0x0e,0xca,0x58,0xa9,0x1b,0xe6,0x16,0xd4,0xbc,0xfb,0x0e,0x24,0x06,0x0c,0x7e,0x46,0xc5,0x62,0xd3,0x7c,0xa2,0x58,0x87,0xfb,0xe8,0x4e,0xc5,0x00,0x00,
    0x05,0x20,0xf0,0x4c,0x6b,0xd6,0xa5,0x68,0x92,0x05,0x2b,0x13,0x03,0xd0,0xaf,0xb8,0xa1,0xa9,0x49,0x83,0x0b,0xe0,0xf9,0xa6,0xfb,0x66,0x39,0x03,0x1f,0x61,0xca,0x91,0x25,0xbf,0x00,0x00,
    0x05,0x20,0xf0,0x71,0x44,0x43,0xd0,0xc4,0x81,0xbf,0x28,0x72,0x6c,0xc1,0x41,0xfd,0x50,0xae,0x35,0x3f,0x1a,0xb6,0xda,0x85,0x28,0x75,0xca,0x0c,0x0b,0x5f,0x52,0xad,0x6d,0xc0,0x00,0x00,
    0x05,0x20,0xf0,0x83,0xd0,0x85,0xed,0x93,0x63,0xca,0x5d,0x6a,0xb4,0xc8,0xab,0x84,0xdd,0x84,0x6c,0xfa,0x8e,0x05,0x79,0x9a,0x25,0xf3,0xd7,0x68,0xcd,0xb6,0xbf,0x98,0x2a,0x26,0x00,0x00,
    0x05,0x20,0xf1,0xff,0xdf,0xe0,0xc6,0xaf,0x25,0x84,0x58,0x04,0x4b,0x43,0xe1,0x24,0xe9,0xf3,0x75,0xdc,0x6f,0x54,0x42,0x1d,0xab,0x34,0x89,0x78,0x24,0x31,0xb8,0xc2,0x50,0x1a,0x00,0x00,
    0x05,0x20,0xf2,0x00,0xca,0xfc,0x0f,0xac,0xd9,0xd2,0x8b,0x30,0x36,0x15,0xda,0xfb,0xc8,0xba,0xa1,0x9e,0x41,0xb9,0x75,0x97,0xc1,0x71,0xdf,0xcb,0xc1,0x9a,0xdb,0x16,0xe0,0xd5,0x00,0x00,
    0x05,0x20,0xf2,0x8d,0xc9,0x36,0x45,0x0c,0x53,0x92,0x42,0x37,0x62,0xf3,0x15,0xa4,0xc0,0xed,0xe1,0xbb,0x39,0x83,0x6e,0xe9,0x7e,0x57,0x53,0xd0,0x5d,0x2c,0xd2,0x6b,0x65,0xba,0x00,0x00,
    0x05,0x20,0xf3,0xa7,0xc7,0x2a,0xca,0xea,0x54,0xf4,0x13,0x99,0x56,0x10,0x91,0xe3,0x8b,0xc5,0x3e,0x05,0x19,0xf2,0x68,0x96,0xee,0xc8,0x2a,0x24,0x16,0x5a,0x20,0xe2,0x19,0xd3,0x00,0x00,
    0x05,0x20,0xf4,0x28,0xe7,0xd2,0x7d,0xdd,0x78,0xa9,0x6e,0xc3,0x4e,0x6d,0xab,0xf6,0x5e,0x38,0xb7,0xab,0xa5,0xd7,0x4d,0xe5,0xb1,0x37,0xc2,0x65,0xf4,0xe4,0x5e,0x20,0x13,0x1f,0x00,0x00,
    0x05,0x20,0xf5,0xa7,0x22,0x0d,0xcd,0x98,0x3b,0x87,0x24,0x38,0xff,0xc1,0x32,0x41,0x5a,0x73,0xc1,0x95,0x0e,0x99,0xf8,0x69,0x1f,0xad,0xce,0xf8,0xe5,0xb8,0xea,0x9e,0xbd,0x41,0x00,0x00,
    0x05,0x20,0xf5,0xad,0x72,0x6b,0xbf,0xc1,0xf5,0x53,0x3c,0xd0,0x80,0x1a,0xd7,0xfd,0xf7,0xe1,0x49,0xd9,0x28,0x53,0x54,0x9f,0x49,0x73,0x36,0xab,0xdf,0xd0,0x29,0x95,0xd9,0xe2,0x00,0x00,
    0x05,0x20,0xf6,0x0c,0xfd,0xe8,0x85,0x82,0x6a,0xf2,0x15,0xff,0x6f,0x70,0x8c,0xe4,0x35,0x5d,0x53,0x74,0x85,0x99,0x00,0x18,0x0c,0xe4,0x9a,0xa8,0xf5,0x4f,0xb0,0x43,0x36,0xa2,0x00,0x00,
    0x05,0x20,0xf6,0x0d,0x55,0x91,0xb4,0x2e,0x16,0xad,0x02,0x8e,0x9c,0x1d,0xc1,0x4d,0xb9,0xaa,0x30,0x94,0xab,0x82,0xd5,0x4d,0xd9,0x1d,0x9e,0x6a,0xff,0xc6,0x57,0x24,0x5a,0xda,0x00,0x00,
    0x05,0x20,0xf6,0x0f,0x01,0x89,0x16,0x83,0x0e,0x9e,0x80,0x33,0x69,0xed,0x7e,0x79,0x77,0x9a,0xae,0xf6,0x7b,0xe4,0x73,0xb5,0x1d,0x5b,0xb9,0xa1,0x9c,0x42,0xb3,0xdf,0x07,0x09,0x00,0x00,
    0x05,0x20,0xf6,0x63,0xc3,0xa1,0x13,0x0b,0xe4,0xb1,0x78,0x46,0x22,0x0a,0x88,0xc1,0x4b,0xa7,0xe8,0x78,0xf9,0xac,0xa9,0x56,0x96,0xf8,0x09,0xbc,0x84,0xb9,0xdb,0x21,0x3a,0x8c,0x00,0x00,
    0x05,0x20,0xfe,0xda,0x8d,0x30,0xdc,0x00,0x63,0xff,0xbe,0xb6,0x4e,0xdc,0x0e,0xc2,0xb8,0x35,0xa4,0x54,0xc0,0x52,0xb5,0x4e,0x15,0x2d,0x7d,0x76,0xce,0xca,0x54,0x8b,0x3a,0x6c,0x00,0x00,
    0x05,0x20,0xff,0x2b,0xe7,0xe5,0xf1,0x52,0x6f,0xf1,0xbf,0xb4,0x46,0x69,0xd6,0x63,0x10,0x0b,0x00,0x5e,0x3b,0x8a,0x87,0x13,0xbc,0xa3,0x8e,0x21,0xb1,0x61,0xa5,0x9c,0x87,0x9c,0x00,0x00,
    0x05,0x20,0xff,0x2f,0x83,0x6b,0x0b,0x5f,0x7e,0xfd,0xde,0xf0,0xed,0x15,0x02,0xb7,0xb2,0xf1,0xa2,0xea,0xd1,0xb4,0x2f,0xa8,0x30,0xd7,0x0f,0xae,0x5f,0x9b,0xb6,0xc4,0x97,0x52,0x00,0x00,
    0x05,0x20,0xff,0x69,0xba,0x85,0xa3,0x43,0x2a,0x05,0x3f,0x82,0xb5,0xcd,0x23,0x57,0x6c,0x0f,0x73,0x15,0x76,0x47,0xe0,0x6b,0xf4,0xba,0x7a,0xe2,0x52,0xfd,0x1a,0xe8,0x51,0x1f,0x00,0x00,
    0x05,0x20,0xf8,0x02,0xc7,0x1c,0x5f,0xc1,0xdc,0x57,0x94,0xe4,0x8d,0xd2,0x39,0x86,0x89,0x33,0x88,0xaa,0xee,0x3f,0xa4,0xa2,0xad,0x07,0x5e,0xb2,0x26,0x1c,0xbf,0x35,0x61,0x31,0x00,0x00,
    0x05,0x20,0xf8,0x0a,0x97,0xef,0xcd,0x7d,0xfa,0x7e,0x95,0x11,0x2c,0x01,0x0d,0xfa,0x04,0xaf,0x1a,0x6b,0x6a,0xa4,0xce,0x8a,0x58,0x35,0x0e,0x3d,0x0d,0xc7,0x6a,0xd4,0x8a,0x30,0x00,0x00,
    0x05,0x20,0xf8,0xac,0xc6,0xe1,0x83,0x63,0x86,0x6a,0xfd,0x62,0xb0,0x06,0x29,0x24,0x1e,0x47,0x2d,0x5a,0x85,0xb8,0x75,0x29,0xf5,0xf7,0x11,0x86,0x3d,0x6e,0xd6,0xb3,0x16,0x59,0x00,0x00,
    0x05,0x20,0xfa,0xa3,0xc2,0x47,0xff,0xab,0xa1,0x47,0xf4,0xb6,0xa6,0x87,0x05,0x2b,0x58,0xf0,0x3b,0x2a,0xb3,0x42,0x37,0x5c,0x7e,0x89,0x5e,0xd7,0xa4,0xa0,0xf2,0x18,0xf2,0x44,0x00,0x00,
    0x05,0x20,0xfa,0xd8,0x8f,0xcf,0x1d,0xec,0xb0,0x58,0x6e,0x4e,0xa1,0xa6,0xe1,0xdc,0xf3,0x6e,0x4b,0x05,0x6e,0x0a,0x05,0x12,0x46,0xef,0xb6,0xd7,0x5f,0xbc,0xad,0x2b,0xc3,0xbd,0x00,0x00,
    0x05,0x20,0xfb,0x45,0x3c,0x53,0xaf,0xf5,0x35,0xaf,0x43,0x3e,0x5d,0xce,0x6b,0x76,0x9a,0xc1,0xc7,0xff,0xf1,0xb1,0x5b,0xd7,0xae,0xd1,0x95,0xfe,0x77,0x75,0x8a,0x8f,0xa4,0x30,0x00,0x00,
    0x05,0x20,0xfb,0x68,0x0e,0x29,0x50,0xcb,0x3c,0x84,0x54,0x12,0x2a,0x50,0x0b,0x2c,0x50,0x92,0x83,0x43,0xd8,0x6e,0xd2,0x5a,0x50,0x48,0x9c,0xa6,0xa1,0xd6,0x5e,0xe3,0x1e,0xc9,0x00,0x00,
    0x05,0x20,0xfb,0xfd,0x30,0x70,0x7e,0x88,0x7c,0x7d,0xc2,0x9e,0x86,0x09,0x8f,0x55,0x03,0x0a,0x5e,0xe0,0x23,0x14,0x3e,0xd8,0x8e,0x57,0x6f,0xba,0xe7,0x23,0x48,0x8f,0x57,0xbf,0x00,0x00,
    0x05,0x20,0xfc,0x43,0x09,0xcf,0x99,0x05,0x09,0x60,0xb9,0xa1,0x15,0x40,0x84,0x30,0xab,0xad,0xd2,0xa4,0x3c,0x3d,0x9f,0xcd,0x49,0x61,0xff,0x61,0x47,0x05,0x91,0xed,0x50,0x47,0x00,0x00,
    0x05,0x20,0xfc,0x60,0x60,0x1e,0x01,0x0b,0x73,0x42,0x2f,0xc0,0x40,0x6e,0x9a,0x1d,0x05,0xfd,0x03,0x28,0x30,0x01,0x32,0xb7,0x14,0x81,0x3f,0x32,0x58,0x4d,0x74,0x48,0x93,0x30,0x00,0x00,
    0x05,0x20,0xfc,0xc5,0x66,0x47,0xfe,0x9b,0xcc,0x88,0x15,0x3d,0x37,0x5c,0xcb,0x91,0xf8,0x4e,0xf2,0x74,0xee,0xe3,0x91,0x3f,0x2e,0xc7,0xb8,0xd8,0x76,0x13,0x96,0x9c,0x4d,0x0e,0x00,0x00,
    0x05,0x20,0xfc,0xed,0xaa,0xbe,0x99,0x45,0xc0,0x9b,0x2f,0x24,0x28,0x6f,0x53,0x24,0x01,0xef,0xf7,0x77,0xfc,0xa7,0x0d,0x0b,0x6e,0xba,0x38,0xf9,0x01,0x8f,0x3a,0x9e,0xcc,0x36,0x00,0x00,
    0x05,0x20,0xfd,0x59,0xf0,0x96,0xfd,0x45,0xa1,0xb1,0x94,0xd4,0xfc,0x23,0x41,0x95,0xc4,0xc0,0x64,0x61,0x46,0x7b,0x69,0x6b,0x63,0x76,0x6b,0x09,0x3f,0x96,0xd3,0x82,0xb5,0x62,0x00,0x00,
    0x05,0x20,0xfd,0x9c,0x56,0xe1,0xb8,0x2d,0x4a,0xf0,0x6a,0xba,0x9e,0xa1,0x67,0xeb,0xf4,0xc6,0x34,0xb2,0x62,0x41,0x22,0xf6,0x96,0x40,0xf5,0x46,0x98,0xca,0xe2,0x55,0x7d,0x06,0x00,0x00,
    0x05,0x20,0x06,0xd6,0x92,0xb6,0x13,0x53,0x47,0xb3,0x25,0x7f,0x95,0xff,0xaa,0x0e,0x13,0x1c,0x77,0x5d,0x74,0x72,0x09,0xec,0x11,0x8c,0x7b,0x53,0x2d,0xfc,0x59,0x7f,0xa2,0x8f,0x00,0x00,
    0x05,0x20,0x07,0x83,0xf2,0x49,0x75,0x3c,0xf4,0x91,0xc7,0xf7,0x64,0xae,0xa3,0x88,0xf8,0xb1,0x5d,0x80,0xbb,0x0b,0xd5,0x6a,0xd4,0x3c,0x1c,0xaa,0xa8,0xc2,0xc2,0x80,0xa1,0x48,0x00,0x00,
    0x05,0x20,0x07,0x99,0xe5,0x36,0x90,0x10,0x7a,0xae,0xa8,0xc3,0xc3,0x87,0x0e,0x69,0xb6,0x58,0x0f,0xfa,0x90,0x04,0xcd,0x79,0xc5,0x0b,0x00,0x19,0xdd,0x8a,0xc5,0xd4,0xb5,0x1f,0x00,0x00,
    0x05,0x20,0x01,0x36,0x87,0xaa,0x16,0xca,0xe0,0x42,0x75,0xef,0xb8,0xb1,0xc6,0xd2,0x5d,0x13,0xc7,0x8a,0x34,0xb2,0x08,0xd7,0x4e,0x23,0x7b,0x01,0xc0,0x95,0x47,0x29,0x0e,0x39,0x00,0x00,
    0x05,0x20,0x01,0x54,0xda,0x44,0x16,0xf0,0x55,0x06,0x01,0xf6,0x6d,0xea,0x35,0xdc,0x0f,0x36,0x48,0xa7,0xbc,0x18,0x7b,0x52,0xa9,0x53,0xde,0x6a,0xa4,0x02,0x6b,0x85,0xa1,0x4b,0x00,0x00,
    0x05,0x20,0x01,0x69,0x3b,0x13,0xed,0xd8,0x3e,0xa8,0x9b,0x8f,0x68,0x84,0xe0,0x84,0x2c,0x8d,0x26,0xe2,0x33,0x3a,0x47,0x7a,0x3e,0x0c,0x34,0xc9,0x4d,0xc0,0x42,0x90,0x06,0x9d,0x00,0x00,
    0x05,0x20,0x01,0x73,0x9b,0x5c,0xde,0xe9,0x56,0x6d,0x77,0x01,0x25,0xf3,0x6c,0x48,0x9f,0xef,0x4d,0x4f,0x66,0xef,0x2c,0x31,0xb8,0x43,0x5f,0xbc,0xf7,0x55,0x4a,0x49,0x8d,0x59,0x00,0x00,
    0x05,0x20,0x02,0x7a,0x03,0x23,0xf7,0xd8,0x0d,0x91,0x34,0xe8,0x6f,0x16,0x6b,0xf9,0x76,0x91,0x79,0xf4,0x7f,0x79,0x8e,0x54,0xa2,0x72,0x16,0x84,0x3c,0xf8,0x3c,0xb7,0x8f,0xa4,0x00,0x00,
    0x05,0x20,0x02,0x86,0x06,0x42,0xd3,0x25,0x29,0x6f,0x4d,0x14,0x79,0x02,0xcd,0x8d,0x1d,0x21,0xdd,0x39,0xaf,0x3b,0x94,0x72,0x2e,0x8d,0x89,0x87,0x12,0xf3,0xe2,0xbf,0x94,0x4c,0x00,0x00,
    0x05,0x20,0x02,0xdb,0x7d,0x2d,0xb3,0xb9,0x5a,0x39,0xe6,0xc1,0xfd,0x76,0x82,0x35,0xb1,0xd3,0x83,0xed,0x48,0x5c,0x4a,0x2e,0xba,0x6f,0x1a,0xa2,0x31,0x15,0x79,0x29,0x2e,0x3c,0x00,0x00,
    0x05,0x20,0x03,0xe9,0xd9,0x87,0x30,0x9e,0x78,0x79,0x3e,0x66,0x1d,0x0e,0xc9,0x5c,0xff,0x89,0x1a,0x4b,0xcb,0xf5,0x5d,0x85,0xa0,0x74,0xa2,0xba,0x59,0x67,0x1e,0x45,0x6d,0xe4,0x00,0x00,
    0x05,0x20,0x04,0xd4,0xda,0x21,0x6e,0xdb,0xb4,0x04,0x08,0xe5,0x89,0x09,0x87,0x8b,0x15,0xdd,0x75,0x68,0x6e,0x96,0x73,0x64,0xfd,0x52,0xb2,0x6b,0x19,0x4a,0x91,0x6a,0x6d,0x7c,0x00,0x00,
    0x05,0x20,0x04,0xd8,0x01,0xa4,0xd9,0xff,0x3a,0xf3,0x19,0x10,0x3e,0xe1,0xcc,0xe9,0xb0,0x3b,0x8a,0x0a,0xde,0xf5,0x71,0x0e,0x0f,0x6c,0x95,0xe0,0xf0,0xcd,0x36,0xdc,0x21,0x35,0x00,0x00,
    0x05,0x20,0x05,0x3d,0x36,0xf1,0x19,0xeb,0xd8,0xf6,0x45,0x6b,0x9a,0xb0,0x47,0x07,0x36,0x5e,0x4c,0x55,0xf3,0x3b,0x9d,0x9d,0xc5,0x51,0x38,0x90,0x97,0x00,0x8b,0xa5,0x5b,0x17,0x00,0x00,
    0x05,0x20,0x05,0x0b,0x81,0xdd,0x68,0x13,0xc7,0x42,0x12,0x0e,0xa1,0xda,0xf1,0xb9,0xb2,0x4a,0x82,0x27,0xc6,0xbf,0x08,0xa9,0x7a,0x2e,0xfd,0x5e,0x5d,0x6f,0xf8,0xd1,0x13,0x9c,0x00,0x00,
    0x05,0x20,0x05,0xe7,0xc4,0x6e,0x88,0xa0,0x3d,0xdd,0xae,0xac,0xc4,0x3b,0x30,0x4a,0x21,0xc8,0xf5,0x77,0x2a,0x4b,0x62,0x89,0xb1,0xa4,0xc3,0xf4,0x7e,0xb5,0xb5,0x62,0x9a,0xbe,0x00,0x00,
    0x05,0x20,0x06,0x1b,0xf8,0xed,0x23,0x42,0x4e,0x25,0xfa,0x7e,0x31,0x2e,0xc8,0x73,0xa3,0xb6,0xa6,0x07,0xe9,0x7e,0xfc,0x5b,0xfb,0x99,0xc8,0x90,0x08,0xd5,0x11,0x7f,0xe5,0x8e,0x00,0x00,
    0x05,0x20,0x06,0x50,0xd2,0x2d,0xad,0xbe,0xcd,0x66,0x87,0xaf,0x36,0x2f,0x7a,0xd0,0x15,0x87,0x88,0x0a,0xff,0x10,0xb0,0x89,0x0e,0xd1,0x8d,0x36,0x1b,0x69,0x2c,0xfc,0x63,0x5d,0x00,0x00,
    0x05,0x20,0x0f,0x11,0x7a,0xc4,0x33,0x1b,0x37,0xc6,0xae,0x04,0x5e,0x24,0x2d,0xad,0x85,0x02,0x7c,0x2d,0x04,0x5d,0xcf,0x94,0x80,0xf7,0xe7,0xf0,0xbf,0xc5,0x16,0xdb,0xcd,0x61,0x00,0x00,
    0x05,0x20,0x0f,0x86,0xfd,0xed,0x40,0x08,0x1f,0xa8,0x35,0xf8,0x77,0x18,0x60,0xa5,0x13,0xe4,0x33,0x27,0xd1,0x3d,0x2e,0x95,0x51,0x0a,0x9c,0x2c,0xff,0x1e,0x4e,0x85,0xd6,0x9a,0x00,0x00,
    0x05,0x20,0x08,0x59,0x7c,0x02,0xb1,0x1e,0x71,0x5f,0xa4,0xe9,0x9c,0xf2,0x71,0xec,0xe6,0x3b,0xd2,0xe3,0x6e,0xf9,0x1b,0x15,0x17,0xf1,0x59,0x74,0xec,0x7d,0xc2,0x62,0x98,0x00,0x00,0x00,
    0x05,0x20,0x08,0xf4,0xee,0x7d,0xd9,0x48,0xd5,0xf9,0xe4,0x44,0x61,0xed,0x6c,0x6f,0xa2,0x53,0x43,0xfc,0xcc,0x13,0x29,0x98,0x8c,0xa2,0x92,0x0b,0x14,0xb4,0xe6,0x80,0x02,0xf3,0x00,0x00,
    0x05,0x20,0x09,0x1f,0xcb,0x48,0x33,0x4f,0xa7,0x2e,0x7c,0x66,0x3e,0xfd,0xf8,0x96,0x28,0xaf,0x96,0x40,0xf9,0x2f,0xc1,0x84,0x99,0x4e,0x0f,0xe0,0x56,0xd4,0x1e,0xc2,0xb6,0x82,0x00,0x00,
    0x05,0x20,0x09,0x5e,0x43,0x76,0x0f,0x50,0x49,0x1e,0x0f,0x3d,0x5c,0xe6,0x30,0xe2,0x6e,0xff,0x9b,0x23,0x15,0xae,0xda,0x88,0xec,0xd8,0xcc,0xf4,0xdd,0x90,0x65,0x53,0x04,0x5d,0x00,0x00,
    0x05,0x20,0x09,0xb1,0x52,0x3e,0xde,0xf2,0xa0,0x55,0x16,0xef,0x7c,0xa8,0x99,0x4c,0x3b,0xd9,0x02,0x83,0x51,0xd3,0xfb,0x88,0xf4,0x44,0xf1,0xee,0x9e,0xb8,0x6a,0x66,0xc5,0xd4,0x00,0x00,
    0x05,0x20,0x0a,0x45,0x44,0x61,0x71,0x8f,0x29,0x35,0x87,0xfa,0x58,0x2d,0x8c,0x0d,0x1d,0x32,0xe7,0xdf,0x0a,0xdd,0x37,0x40,0x2d,0x8a,0x90,0xe0,0x1e,0x79,0x70,0x75,0xb8,0x44,0x00,0x00,
    0x05,0x20,0x0a,0x5b,0x6f,0x0a,0xa9,0x35,0xd2,0x08,0xef,0x10,0xa0,0xfb,0xa7,0x02,0xc4,0xde,0x19,0xa7,0x56,0x78,0x2e,0xe1,0xcd,0xaa,0xaf,0xa3,0xcc,0x67,0x9a,0xa8,0x28,0x4f,0x00,0x00,
    0x05,0x20,0x0a,0x65,0xc9,0x5c,0x90,0xf8,0x5e,0xae,0xb4,0x46,0xea,0x7b,0x35,0x2c,0x5f,0xec,0x58,0x5d,0x16,0x1a,0xe0,0x87,0x9b,0x9b,0x5f,0x75,0xee,0xff,0x47,0x6a,0x74,0x01,0x00,0x00,
    0x05,0x20,0x0a,0x8f,0x06,0x7d,0xc8,0x4c,0xbd,0x07,0xc3,0x8b,0x38,0x27,0xe1,0xbe,0x55,0x44,0xad,0xf9,0xb7,0xa0,0x73,0xab,0xd2,0x84,0x1f,0x5d,0x8f,0x6a,0x5c,0xeb,0x5b,0x76,0x00,0x00,
    0x05,0x20,0x0a,0xca,0xbf,0x23,0xf4,0x9a,0xab,0x78,0xa8,0xfd,0x49,0x2f,0xb1,0x65,0xe7,0xa2,0xff,0x36,0xb1,0xd0,0x79,0x09,0xd3,0x78,0x1b,0x28,0xde,0x60,0xc1,0xdc,0x4a,0xa2,0x00,0x00,
    0x05,0x20,0x0b,0x21,0x55,0x8f,0x8a,0x6b,0xec,0xf1,0x09,0xdf,0x60,0xa6,0x63,0xbe,0x2b,0x8b,0x64,0xc6,0x6a,0x55,0x5e,0xe6,0x33,0xec,0x1c,0x81,0xee,0xd4,0x07,0x8d,0x10,0xa7,0x00,0x00,
    0x05,0x20,0x0c,0x50,0xbc,0xb9,0xe4,0x31,0xbc,0xe2,0x38,0xf5,0x1c,0x62,0x0f,0xb5,0x2e,0x14,0x57,0x52,0x55,0xd8,0x44,0xe2,0xc4,0x1d,0xb7,0x12,0x74,0x1e,0x2e,0xf3,0xd0,0x90,0x00,0x00,
    0x05,0x20,0x0c,0x57,0x4c,0x6a,0x6a,0xce,0x85,0x09,0x87,0x88,0xd2,0xba,0xd6,0x15,0x48,0x90,0x93,0xe1,0xf0,0x65,0x66,0xa2,0x5e,0x4a,0xe1,0x2d,0x50,0x25,0xb3,0xd0,0xf1,0xed,0x00,0x00,
    0x05,0x20,0x0d,0x6a,0x99,0xd1,0xfc,0xc7,0x73,0x37,0x53,0x24,0x3c,0x18,0x8c,0xd6,0xe8,0x92,0xa2,0xa7,0xa1,0x2e,0x85,0x5b,0x0d,0x4a,0xdf,0xfb,0x8c,0xe1,0xe0,0x89,0xc0,0xc0,0x00,0x00,
    0x05,0x20,0x0d,0x6f,0x17,0xc6,0x42,0xc3,0x3a,0xe1,0x85,0x08,0x64,0x83,0x99,0x7f,0x9f,0xdf,0x9a,0x4b,0x98,0xdd,0xf8,0xe3,0xa5,0x12,0x00,0x65,0x23,0xcb,0xe4,0x60,0x02,0x43,0x00,0x00,
    0x05,0x20,0x0e,0x76,0x8b,0x01,0x8e,0x94,0xd4,0x18,0x50,0xa3,0x7e,0xb8,0x81,0xd1,0xa4,0x6d,0xbe,0x11,0x8b,0xea,0xa3,0x4e,0x44,0xdf,0xa6,0x17,0x30,0x64,0xbb,0xed,0xe0,0xd1,0x00,0x00,
    0x05,0x20,0x17,0x58,0x4f,0xc0,0x70,0x5b,0xd9,0x17,0x92,0x39,0x18,0x29,0x5b,0x09,0xa6,0x2c,0xdf,0xae,0x04,0x70,0xf0,0x91,0xa4,0x7d,0x1c,0x31,0x4d,0xdb,0xa5,0xc4,0x84,0x16,0x00,0x00,
    0x05,0x20,0x10,0x4f,0xc9,0xa7,0x52,0x22,0x3b,0x30,0x63,0xec,0x1a,0x3f,0x3a,0xef,0xaa,0xc5,0x13,0x2c,0x9c,0x94,0x43,0x18,0x01,0x75,0x22,0x2d,0xd7,0x19,0x6e,0x15,0xcd,0x03,0x00,0x00,
    0x05,0x20,0x10,0x4e,0xea,0xf6,0x07,0x6c,0x83,0x49,0x86,0x81,0xeb,0x4b,0xc2,0x2a,0xbc,0x70,0x57,0xde,0x6a,0x2b,0x88,0x08,0xc3,0x83,0x0f,0x9d,0xcc,0xf5,0x19,0x53,0x13,0x72,0x00,0x00,
    0x05,0x20,0x11,0x17,0x09,0x9c,0x9e,0xcc,0x6e,0x07,0xc4,0xe7,0x15,0xe0,0x6d,0xd0,0x96,0x7b,0xed,0x74,0x49,0x2e,0x58,0x3e,0x37,0xb5,0x16,0xac,0xa6,0xf9,0x53,0x71,0xed,0xc8,0x00,0x00,
    0x05,0x20,0x12,0x2d,0x54,0x32,0x72,0xfe,0x72,0xec,0x45,0x4d,0x3a,0xdd,0x66,0x64,0xfb,0xeb,0x33,0x7e,0x09,0x74,0x87,0xe9,0x81,0x5b,0x65,0x28,0x84,0xaa,0x3a,0xbc,0x9a,0x53,0x00,0x00,
    0x05,0x20,0x12,0x5e,0xc6,0xb4,0xf6,0xeb,0x22,0xb7,0x6f,0x9d,0x0e,0x07,0x47,0xeb,0xd3,0x46,0xa7,0xb6,0xe0,0x4d,0x84,0x13,0x69,0x60,0xe9,0xc5,0x9e,0xcb,0x49,0xd5,0x21,0xb1,0x00,0x00,
    0x05,0x20,0x13,0x87,0x21,0x8f,0x34,0x93,0x11,0x0a,0xec,0x22,0xc8,0x1c,0xd0,0xfd,0x4d,0x84,0x2f,0xc7,0x49,0xc9,0x74,0x9e,0x36,0xe3,0x2b,0x35,0xed,0x69,0x3b,0xa7,0x0d,0x9c,0x00,0x00,
    0x05,0x20,0x14,0x7c,0x47,0x9c,0x3b,0xfc,0x33,0x98,0x70,0xa7,0x1c,0x6f,0x78,0x3f,0xb8,0x7e,0x05,0x95,0x15,0xd4,0x27,0x52,0xea,0xab,0x9f,0x79,0xe4,0x08,0x86,0x0e,0x31,0x04,0x00,0x00,
    0x05,0x20,0x14,0x9e,0xeb,0xe8,0x10,0x2e,0x77,0xf0,0x5d,0xc3,0x3e,0x54,0x88,0x35,0x20,0xb8,0x53,0xcd,0xbd,0x2d,0x40,0x72,0xda,0x9f,0x6c,0x87,0xef,0x4a,0xa0,0x8a,0xee,0x50,0x00,0x00,
    0x05,0x20,0x16,0x1b,0xc9,0xc7,0xc8,0xa7,0x26,0xdb,0xaa,0x5e,0x66,0x25,0x2c,0xc8,0x02,0x98,0x13,0xaa,0xe8,0x15,0x79,0x7c,0x6d,0x31,0x22,0xbe,0xdd,0x29,0xfe,0x3a,0x1d,0x5e,0x00,0x00,
    0x05,0x20,0x1f,0x12,0x55,0xd1,0x46,0x83,0x6e,0x72,0xbd,0x54,0x71,0xfd,0x20,0x06,0xf6,0x45,0xcc,0xd0,0x03,0x91,0x93,0x59,0x0a,0xd7,0xe7,0xbe,0x7e,0xa3,0x0b,0xe4,0x92,0x15,0x00,0x00,
    0x05,0x20,0x1f,0x2f,0xc6,0xf5,0xa6,0xf4,0x94,0x2b,0x2f,0xe6,0xa6,0x60,0xb9,0xfa,0xd5,0xda,0xae,0xea,0xa8,0xb7,0x3f,0x77,0xde,0x83,0x95,0x86,0xc7,0x02,0x44,0x6f,0x9d,0xef,0x00,0x00,
    0x05,0x20,0x1f,0xa6,0x3e,0xcb,0x65,0x19,0xf7,0x4c,0x13,0x47,0x64,0x0e,0x8e,0xa2,0xbf,0x0d,0xc2,0x82,0x87,0x4d,0xda,0xa8,0x42,0x6c,0x35,0xd5,0x85,0x60,0x73,0xff,0x23,0xdc,0x00,0x00,
    0x05,0x20,0x18,0x03,0xbb,0x6a,0xdd,0xb5,0xf0,0xc2,0xe4,0x93,0x71,0x12,0x5f,0x7f,0x77,0x1f,0x52,0x35,0x7f,0x63,0xea,0xe5,0xb2,0xdf,0xb2,0x01,0x9b,0xe7,0xa3,0xde,0x86,0x98,0x00,0x00,
    0x05,0x20,0x18,0x80,0x99,0x98,0x62,0xc6,0xe0,0xd0,0xd8,0xf1,0xfc,0xec,0x0d,0x19,0xdd,0xd4,0x0b,0x43,0x5d,0xcb,0x88,0x3a,0x9d,0x05,0xe6,0x5f,0xc9,0x2f,0x28,0x85,0x4f,0xef,0x00,0x00,
    0x05,0x20,0x18,0x96,0x84,0xfe,0x23,0x5b,0x2e,0x25,0xc8,0x12,0xc0,0x8c,0x99,0xd8,0x59,0x52,0xa4,0xc4,0xe1,0x59,0x14,0x0b,0xdc,0xf3,0x15,0xc1,0xdc,0x54,0x08,0xf0,0xc1,0xfa,0x00,0x00,
    0x05,0x20,0x19,0x86,0x9b,0x00,0xae,0xd9,0x5c,0x7f,0xe4,0x4f,0x2d,0x99,0x34,0xa9,0x77,0x64,0xea,0x15,0xf6,0x5f,0xf1,0xc0,0xc7,0xac,0x3d,0x59,0xb4,0x39,0x59,0x9b,0x5c,0x8f,0x00,0x00,
    0x05,0x20,0x1a,0x15,0x14,0xd8,0x0d,0x4a,0xbb,0x84,0xe8,0xff,0xf2,0x2f,0x79,0x31,0x6a,0xf0,0xf1,0xfe,0x8e,0x25,0x09,0x0d,0x8e,0x01,0xf6,0x0c,0x70,0x46,0xe7,0x0b,0x0b,0x35,0x00,0x00,
    0x05,0x20,0x1a,0x65,0xe5,0xd5,0xcb,0x2c,0xc9,0x9d,0x7f,0x77,0x9a,0xee,0x52,0x8b,0x52,0xbe,0x67,0x52,0xa1,0x65,0xd8,0xae,0x48,0x81,0xd2,0x0d,0x34,0x0c,0xd2,0x45,0xe7,0xb3,0x00,0x00,
    0x05,0x20,0x1a,0xcc,0x97,0xef,0x0c,0xd0,0x08,0x40,0x33,0xbe,0x59,0xc7,0x9e,0xaf,0xde,0xe5,0xff,0x63,0xdc,0x26,0x40,0xb6,0x87,0x92,0xfb,0x37,0x97,0x29,0x48,0xa4,0x4a,0xda,0x00,0x00,
    0x05,0x20,0x1d,0x6b,0x86,0xd3,0x4e,0xa6,0x62,0x04,0x8e,0xde,0xec,0x13,0x6f,0x9b,0x20,0x24,0x51,0xf7,0xd6,0xa2,0xe1,0xf1,0xfb,0x22,0x11,0xa7,0x55,0x13,0x4f,0xc6,0x0d,0x5d,0x00,0x00,
    0x05,0x20,0x1d,0x92,0x71,0x21,0xf3,0xd4,0x28,0x24,0xc1,0x10,0x76,0x59,0x9e,0x4c,0x4c,0xcf,0xf9,0x76,0xca,0x2a,0xff,0x6d,0xbc,0xb4,0xc5,0x68,0x06,0x35,0x80,0x0e,0x95,0x40,0x00,0x00,
    0x05,0x20,0x20,0x4b,0xaa,0xe2,0xf7,0xba,0xd9,0x17,0x38,0x36,0xdf,0xdb,0xd1,0x57,0xf3,0x3f,0x61,0xfc,0x75,0x93,0xdb,0xde,0xd8,0x8b,0xfd,0xa1,0x99,0x8b,0x46,0xba,0xe6,0xad,0x00,0x00,
    0x05,0x20,0x20,0xf7,0xbd,0x0c,0x8e,0x3b,0x99,0xec,0x03,0x5f,0x47,0x5d,0xdb,0x65,0xcb,0x62,0xe0,0x5c,0xd9,0x0b,0xe3,0xcc,0xf1,0xf5,0x2f,0x78,0x83,0x4f,0x0b,0xe2,0xa5,0x97,0x00,0x00,
    0x05,0x20,0x20,0xdf,0x75,0x88,0x75,0xcf,0x35,0xb1,0x57,0xda,0x21,0xdc,0xf3,0xb5,0xcc,0x8c,0xcc,0x1e,0x97,0x2e,0x15,0x2e,0xdf,0x9f,0x84,0x00,0xa6,0x7a,0x35,0xb3,0x06,0x36,0x00,0x00,
    0x05,0x20,0x22,0xfd,0x62,0x47,0x41,0x0d,0xb4,0x1e,0x16,0x30,0xbf,0x0d,0xea,0xed,0x67,0x53,0xdb,0x43,0xf8,0x20,0x4d,0xa4,0xb9,0x2a,0x52,0x68,0x4b,0xff,0xc9,0x17,0xe3,0xec,0x00,0x00,
    0x05,0x20,0x24,0x65,0x85,0x88,0x3b,0xee,0xed,0x06,0xd1,0x28,0x1e,0xb7,0x6b,0xb1,0x8d,0xf9,0x55,0x67,0xd0,0x02,0x36,0x0d,0x8b,0x6c,0x1f,0xe3,0xb6,0x27,0x36,0x76,0xfb,0x36,0x00,0x00,
    0x05,0x20,0x24,0xc8,0x75,0x4b,0xb7,0xc1,0xf7,0xa6,0xe1,0x2b,0x1b,0xf0,0x41,0x29,0x5b,0x6d,0x9e,0x06,0xa2,0xb0,0x3c,0x72,0x79,0x3a,0x20,0x15,0xa0,0x9b,0xcd,0x5d,0x03,0xcd,0x00,0x00,
    0x05,0x20,0x25,0x1b,0x7a,0xdb,0xe8,0xf7,0x72,0x30,0x82,0x7d,0x82,0x2c,0xde,0xa7,0x99,0xe2,0xf8,0xce,0x62,0x8f,0x9f,0x22,0xcb,0x85,0x3e,0xd8,0x74,0xc8,0x86,0xe5,0x3f,0xb0,0x00,0x00,
    0x05,0x20,0x25,0x66,0x5c,0xd6,0x94,0x08,0xac,0xdc,0x25,0x24,0x58,0xf2,0xd6,0xff,0x7c,0xc7,0xa5,0x54,0x90,0x4e,0xcf,0x23,0xaa,0x8e,0x66,0xab,0x8a,0x54,0xb8,0xbc,0xd9,0xcf,0x00,0x00,
    0x05,0x20,0x26,0x30,0x2c,0x48,0x91,0xc1,0xa1,0xcf,0x5a,0x6b,0xf9,0x71,0x6e,0xbf,0xe9,0xac,0xc4,0x8b,0x59,0x30,0x1e,0x27,0xd3,0x52,0xd2,0x9a,0xf9,0x23,0x93,0xbc,0x41,0xa7,0x00,0x00,
    0x05,0x20,0x2e,0xb8,0xc6,0xde,0xb2,0x7e,0x1d,0xc4,0x55,0x6c,0xc6,0x1e,0x62,0xe2,0x73,0x5c,0x40,0x75,0x21,0x72,0x30,0x60,0xc4,0xf5,0x08,0x8b,0x0f,0x19,0xd8,0xb9,0x6f,0x30,0x00,0x00,
    0x05,0x20,0x2e,0xde,0x59,0xb0,0x5a,0xd1,0xa5,0xbf,0x0f,0x11,0xd7,0x96,0x08,0x41,0xb7,0x13,0x05,0x6e,0x1b,0xdb,0x00,0xe0,0x3e,0x9a,0xeb,0xfd,0xf2,0xc1,0xaf,0xee,0x88,0x87,0x00,0x00,
    0x05,0x20,0x2f,0xc3,0x5e,0x9e,0x92,0xf4,0xa7,0xe3,0x52,0x36,0xab,0xe4,0xb7,0x9e,0x07,0x8e,0xbb,0x57,0x57,0x06,0xb9,0xa1,0x64,0x6f,0xf1,0xa0,0xf2,0x53,0x11,0xe6,0x33,0x63,0x00,0x00,
    0x05,0x20,0x2f,0xe0,0xeb,0xf4,0xa4,0x52,0x1b,0xef,0xb2,0x00,0xb0,0xf7,0xf4,0x14,0x6e,0xfa,0x3d,0xb0,0xbc,0x49,0x81,0x61,0x1e,0xa0,0xa7,0x7f,0xd8,0x35,0x00,0xcb,0x06,0xd4,0x00,0x00,
    0x05,0x20,0x28,0x05,0x4f,0x5b,0xe9,0xfb,0x84,0xbe,0xc7,0xa3,0xa7,0x25,0x19,0xeb,0x51,0x5c,0x29,0x6a,0x8f,0x04,0x95,0x63,0xad,0xfa,0xdf,0xe3,0xa4,0x6d,0xb1,0xdb,0x9f,0xf4,0x00,0x00,
    0x05,0x20,0x29,0xa0,0x50,0x8e,0x7f,0x69,0xc0,0xd1,0x42,0x91,0x7e,0xaa,0xdb,0xbe,0xe1,0xe3,0xb1,0xc2,0x86,0x89,0x6d,0x28,0x8b,0xf5,0x64,0x48,0x57,0x19,0xc4,0x6c,0xfd,0x6b,0x00,0x00,
    0x05,0x20,0x2a,0x1d,0x1a,0xde,0x94,0xf6,0x98,0x94,0x1c,0xef,0x1b,0xbb,0x0b,0xbe,0x20,0x09,0xe3,0xff,0x3c,0x2c,0x56,0x76,0x2d,0xb2,0x9e,0x7c,0x83,0x20,0xd9,0x58,0x48,0x28,0x00,0x00,
    0x05,0x20,0x2a,0x27,0x2d,0x8c,0xa8,0xd8,0xbc,0x44,0xa2,0x14,0x2a,0xcb,0x69,0xfb,0x06,0x39,0x42,0x14,0x4a,0x2b,0x6f,0xb5,0x34,0xa0,0x11,0x84,0xee,0x61,0xea,0x3d,0x83,0x52,0x00,0x00,
    0x05,0x20,0x2a,0xb5,0xe5,0x94,0x2e,0xd1,0xde,0x53,0xb3,0x2a,0x6e,0xcc,0xcf,0x2a,0xe9,0x90,0xf5,0x61,0x4b,0x37,0xf0,0x22,0x1c,0xd7,0x79,0xd1,0x7e,0x2e,0x1e,0x5c,0x6a,0x88,0x00,0x00,
    0x05,0x20,0x2a,0xe8,0x81,0x5f,0xbe,0xc7,0x54,0xea,0xa8,0x47,0xcf,0x56,0xd2,0x1c,0xdc,0x68,0x7e,0x00,0x79,0xc6,0xdf,0xf4,0x19,0x8d,0x72,0xe2,0xd3,0xa0,0x6d,0xf2,0x21,0xcc,0x00,0x00,
    0x05,0x20,0x2b,0x48,0x56,0x24,0x1d,0xf1,0xa1,0x0b,0x39,0x91,0x3c,0xeb,0xab,0x67,0x70,0x10,0x9c,0x06,0x1a,0x7a,0x37,0x81,0xe1,0xd9,0xbe,0xd9,0x5a,0x80,0x8e,0xe0,0x13,0x43,0x00,0x00,
    0x05,0x20,0x2c,0x5c,0x8c,0x4d,0x96,0x61,0x7a,0xcf,0xd5,0xfb,0x38,0x04,0x78,0xe1,0x1f,0x6b,0x70,0x41,0x83,0x02,0x22,0x2d,0x1c,0x78,0x46,0xcb,0x63,0x10,0x9f,0xcb,0x98,0xa1,0x00,0x00,
    0x05,0x20,0x2c,0xf1,0x7f,0x53,0xc3,0x5c,0xfc,0xa8,0x1d,0x16,0x22,0x8d,0xf2,0x7b,0xc5,0x56,0x08,0x77,0x90,0xb5,0x50,0xd8,0x77,0x2e,0x42,0xb0,0xa1,0x35,0x47,0x9a,0x68,0x27,0x00,0x00,
    0x05,0x20,0x2d,0x07,0x1b,0x4b,0xba,0xdd,0xcb,0x75,0xf9,0x8b,0x6c,0x85,0xba,0x5f,0xb8,0x98,0xe0,0x60,0x65,0xa2,0xfa,0x64,0xeb,0x1d,0xc0,0x79,0x2e,0x44,0x59,0x48,0xd1,0xe9,0x00,0x00,
    0x05,0x20,0x2d,0x48,0x93,0xcf,0xcb,0xb5,0xed,0xff,0x70,0x80,0xe2,0xd7,0x81,0xb7,0xd8,0xf4,0x72,0x09,0x87,0xe0,0xb1,0xbe,0x8a,0x11,0x10,0x28,0x37,0x96,0x7d,0x94,0x96,0xd7,0x00,0x00,
    0x05,0x20,0x2d,0x4c,0x4f,0xcb,0xcc,0xd4,0x08,0x28,0xc2,0x81,0x47,0xd5,0xa1,0x59,0xe3,0xf1,0x48,0x08,0x54,0xa5,0x66,0x41,0x44,0xe9,0xdd,0x2c,0xa9,0xf7,0xa5,0x75,0x91,0xa4,0x00,0x00,
    0x05,0x20,0x2d,0x50,0x89,0x4a,0x3e,0x6e,0x50,0x23,0x66,0xc6,0x01,0xfb,0x2a,0x66,0x89,0xe9,0x1a,0x0a,0x0f,0x82,0x79,0xce,0x27,0x29,0xb3,0xd1,0x7e,0xa2,0xc7,0x0b,0x55,0x9b,0x00,0x00,
    0x05,0x20,0x2e,0x69,0xae,0x83,0xf9,0xf3,0x11,0x02,0xfb,0xb8,0x38,0xa5,0x74,0x48,0x0e,0xb4,0xa6,0xf3,0x4d,0xc5,0x83,0xf4,0xca,0xdb,0xb8,0xa0,0xce,0xe8,0xd7,0x49,0xe9,0x89,0x00,0x00,
    0x05,0x20,0x37,0x3c,0x5e,0x5c,0x4a,0xd8,0xbd,0x25,0x15,0xeb,0xf9,0xea,0x72,0x06,0x91,0x28,0x60,0x61,0x3c,0xd7,0xfd,0x4a,0x6a,0xf2,0x5a,0xaa,0x8e,0xc1,0xb5,0x40,0xe9,0x4a,0x00,0x00,
    0x05,0x20,0x37,0x3e,0x7a,0x26,0x15,0x58,0x40,0x08,0x5f,0x72,0x3f,0x7f,0x76,0x88,0xbd,0x53,0xd6,0x4a,0x50,0x01,0x79,0x81,0x87,0x56,0xbe,0x99,0x62,0xc2,0x0a,0x85,0xc4,0x76,0x00,0x00,
    0x05,0x20,0x31,0x39,0x0a,0xfc,0x5d,0x56,0x75,0xf0,0xa3,0x93,0x74,0x26,0x96,0x9d,0x45,0x55,0xdc,0xa6,0xa9,0x70,0xc4,0x90,0x78,0xf5,0x30,0x2b,0xf1,0x1b,0x3d,0x72,0x32,0x75,0x00,0x00,
    0x05,0x20,0x31,0x25,0xd5,0xe1,0xea,0xae,0xdf,0x49,0x85,0x03,0xe6,0x48,0xdf,0x36,0xdc,0x60,0xac,0x28,0xd7,0xfe,0x22,0x27,0x9a,0xc3,0xfa,0x85,0xe7,0xf7,0x3b,0x00,0x54,0x15,0x00,0x00,
    0x05,0x20,0x31,0x2a,0x7c,0x15,0x86,0x70,0x86,0x41,0xa0,0xae,0x7e,0x89,0xe1,0x1e,0x5b,0xb9,0x24,0x1d,0x8e,0x85,0x4b,0xed,0x69,0x43,0x07,0x49,0xfe,0xc2,0xfa,0x17,0xd6,0x93,0x00,0x00,
    0x05,0x20,0x31,0x4b,0xc3,0x1f,0x75,0x6d,0xf5,0x26,0xc3,0x13,0xd2,0xc7,0x5b,0x2c,0x7a,0xaa,0x07,0x64,0xeb,0x72,0x0e,0x00,0xda,0x67,0x1a,0xb4,0x5b,0x18,0x31,0x5e,0x6b,0xf0,0x00,0x00,
    0x05,0x20,0x31,0x4a,0x15,0x99,0x16,0x2a,0xff,0x74,0x53,0x87,0x84,0x2a,0xdf,0x9a,0x2d,0x60,0x48,0xba,0x0b,0x75,0x28,0x56,0xe9,0xbd,0xa0,0x70,0x94,0x7a,0x02,0x63,0x14,0xbc,0x00,0x00,
    0x05,0x20,0x31,0x6d,0x2e,0x43,0xce,0xc1,0x1e,0xc2,0x37,0xec,0xb5,0x29,0xab,0x56,0x93,0xe7,0x6a,0xed,0xb9,0x0b,0x98,0x28,0xbb,0xee,0xac,0x29,0x50,0xd3,0xa5,0x9e,0x99,0x43,0x00,0x00,
    0x05,0x20,0x31,0x70,0xb5,0x8c,0xb4,0xfe,0xae,0x9e,0xf4,0x30,0x9a,0x77,0xb0,0x9b,0xc3,0xae,0x41,0x9f,0xd5,0xf6,0x39,0xe8,0x4a,0xdf,0x7d,0xf1,0x9c,0x81,0x39,0x22,0x4d,0x85,0x00,0x00,
    0x05,0x20,0x31,0x88,0xc1,0xb2,0x17,0x42,0xfb,0x89,0xa1,0x3f,0xd6,0xcc,0x38,0x0c,0x33,0xec,0x48,0x54,0x7b,0x16,0xb3,0x91,0x9e,0x6c,0x3a,0x90,0xfb,0xc9,0xa1,0x4c,0xb1,0xf5,0x00,0x00,
    0x05,0x20,0x31,0xfc,0x9e,0x80,0xf2,0x8c,0x9b,0x13,0x28,0xc2,0x7f,0x20,0xf1,0x21,0x8f,0xf5,0xb2,0x91,0x86,0x4d,0xa1,0x82,0xde,0x0b,0xe7,0x73,0xaf,0x78,0x64,0xb4,0x59,0x2b,0x00,0x00,
    0x05,0x20,0x32,0x5d,0x94,0x7b,0x45,0x34,0x1a,0x61,0x32,0x64,0x48,0xa3,0xfb,0xd4,0xf3,0xf9,0x44,0x4e,0x2e,0x23,0x56,0x1f,0x0a,0x9a,0x88,0x8b,0x38,0x95,0x8b,0xe6,0xb8,0x17,0x00,0x00,
    0x05,0x20,0x32,0xae,0x92,0x79,0xab,0x08,0x49,0x06,0x6d,0xdb,0x1b,0xf9,0x91,0xf0,0xea,0x39,0xcf,0x63,0x41,0xdb,0x77,0x1b,0xfc,0xf7,0xed,0x27,0x89,0x05,0x67,0x18,0xdf,0x1c,0x00,0x00,
    0x05,0x20,0x33,0x04,0xa5,0x7d,0x37,0xd1,0x27,0xf0,0x42,0xb9,0x35,0xae,0xb0,0x4d,0x75,0x48,0x2e,0xdf,0xe7,0x2c,0x8b,0x3e,0xd5,0xf7,0x36,0xdb,0x08,0xd9,0xea,0xd0,0xee,0x6e,0x00,0x00,
    0x05,0x20,0x35,0x3b,0x7c,0xc2,0x41,0x47,0x7e,0x7f,0xce,0xff,0x74,0x7a,0xa2,0xba,0xe0,0x43,0xcf,0xf4,0x77,0x34,0xe8,0x00,0xe7,0x83,0x1d,0x8d,0xda,0x02,0x44,0xff,0xe6,0x5a,0x00,0x00,
    0x05,0x20,0x3f,0xb9,0x5e,0x0e,0xe3,0xf2,0x71,0xde,0x8d,0x28,0x6b,0xf6,0xec,0x2b,0x14,0x0d,0xa5,0x73,0x99,0x76,0xfa,0xd9,0xfc,0x4c,0x44,0x65,0x8d,0x4a,0x0d,0x41,0x0d,0xf0,0x00,0x00,
    0x05,0x20,0x3f,0xbf,0x4d,0x5c,0x12,0xaf,0x51,0x80,0x85,0x5e,0x24,0x7b,0x1b,0x2c,0xf9,0xb4,0xa6,0x1b,0xef,0x79,0x1c,0x26,0xce,0x74,0x34,0x69,0xd0,0x9f,0x1e,0x8f,0xc4,0xbf,0x00,0x00,
    0x05,0x20,0x38,0x3c,0x1f,0x2a,0x66,0x0f,0x0d,0x0e,0x6f,0xc0,0x71,0xe1,0xb7,0xae,0xd6,0xc5,0xf2,0xfc,0x43,0x78,0x8d,0xf2,0x9a,0x83,0xc8,0xa2,0xf2,0x3c,0x90,0xee,0x9d,0x73,0x00,0x00,
    0x05,0x20,0x38,0xf5,0xaa,0x33,0xd5,0x30,0x29,0xb0,0x2d,0x22,0xef,0x90,0x76,0xb4,0xdd,0x8e,0x7a,0xa9,0xbc,0xc3,0x9b,0xdb,0xc5,0xaa,0x4e,0x8d,0xe8,0xe5,0xdf,0xd9,0x29,0xa4,0x00,0x00,
    0x05,0x20,0x3a,0x56,0x4c,0x78,0x27,0x2e,0x94,0x81,0xb6,0x2e,0xe6,0x26,0xbd,0xba,0xc7,0xfa,0xa7,0xfa,0xc6,0x64,0x7e,0x95,0x24,0xfb,0x39,0x7e,0x61,0x9b,0xdf,0x0c,0x76,0xbc,0x00,0x00,
    0x05,0x20,0x3b,0x59,0x10,0x07,0x28,0x72,0x2d,0x74,0xfb,0x88,0x3e,0xb7,0xf8,0xdc,0xba,0xc8,0x47,0x39,0x95,0xa3,0x41,0x1e,0xff,0xd5,0x0a,0x9e,0x92,0xa7,0x7d,0xd5,0xac,0x55,0x00,0x00,
    0x05,0x20,0x3b,0x97,0x9d,0x3c,0xad,0x08,0xcf,0xed,0x17,0x5d,0xa2,0x59,0x2b,0x29,0x18,0x51,0xe6,0xdf,0x1a,0x34,0x35,0x2a,0x38,0x50,0x59,0x2f,0x5d,0x31,0x9b,0xd2,0xf4,0x9d,0x00,0x00,
    0x05,0x20,0x3c,0xf9,0xf0,0xea,0xf9,0x93,0x9a,0x63,0x6b,0x85,0x03,0x20,0xa8,0x31,0x71,0x0b,0x2c,0xe0,0x29,0x52,0xf1,0x6f,0x21,0xd9,0xdf,0x01,0xbd,0xd3,0x59,0x1f,0xab,0xb3,0x00,0x00,
    0x05,0x20,0x3c,0xfd,0x4a,0xf7,0x51,0x13,0x72,0x19,0x88,0x36,0x80,0x6a,0xaa,0x93,0x80,0x25,0xa3,0xf9,0x49,0xa3,0x0e,0x68,0xb2,0xad,0x09,0x61,0x53,0xe6,0xb9,0xb5,0x67,0x97,0x00,0x00,
    0x05,0x20,0x3d,0xc4,0x54,0xc1,0x50,0x58,0xc2,0x5f,0x66,0xa3,0x1b,0xa1,0x2e,0xd2,0x65,0xb9,0x58,0x38,0xe3,0x35,0x69,0x42,0xe9,0xa7,0xa9,0x93,0x9b,0xde,0x7a,0xac,0x3f,0x67,0x00,0x00,
    0x05,0x20,0x3d,0xd4,0x1b,0x9c,0xa7,0xc5,0x47,0x00,0xcd,0x32,0xef,0x25,0x24,0x87,0xd1,0xc0,0xf2,0xa5,0x3d,0x44,0xc9,0x26,0x27,0x5e,0x50,0x26,0x58,0xcf,0x33,0xdc,0x4c,0x20,0x00,0x00,
    0x05,0x20,0x46,0x80,0x3c,0x40,0x77,0x5f,0x70,0x03,0x64,0x8b,0xcb,0x50,0x05,0x3c,0xd4,0xaf,0xbc,0x02,0x38,0xe5,0x20,0x2d,0xe5,0xb0,0x31,0xad,0x41,0xf9,0x92,0xcb,0x45,0x7e,0x00,0x00,
    0x05,0x20,0x46,0xf4,0xaf,0xc4,0x39,0xe8,0x54,0x22,0x16,0xac,0x6f,0x92,0x0e,0x58,0x18,0xc7,0xa9,0xc5,0xf9,0xbd,0xcc,0x2b,0xb0,0xa0,0xcc,0x0e,0xf1,0x50,0xf3,0xd0,0x9c,0x39,0x00,0x00,
    0x05,0x20,0x47,0x75,0x43,0x1f,0xc1,0x85,0x37,0xf0,0x75,0x6c,0x67,0x20,0xde,0xe5,0x0f,0x71,0xd1,0x20,0x5e,0x37,0x7a,0x64,0x63,0x90,0x35,0x63,0x85,0x1b,0xcd,0xb8,0x0a,0xd6,0x00,0x00,
    0x05,0x20,0x41,0x99,0x0b,0x05,0xdd,0x48,0xb3,0x6c,0x6f,0xde,0x05,0x31,0xcf,0xd1,0xa2,0x5f,0x72,0xde,0x88,0xbb,0xe6,0xc2,0x03,0x6c,0x96,0x97,0x8d,0x91,0xb3,0x61,0x37,0xb3,0x00,0x00,
    0x05,0x20,0x41,0xa4,0x68,0xf3,0xc4,0xb9,0x56,0xb1,0xf1,0xed,0x7e,0x1e,0x23,0x8c,0xc5,0xb2,0xad,0x36,0xff,0x9f,0xed,0xb3,0xc6,0xd8,0xff,0xc7,0xd5,0x97,0x6c,0x1c,0xf4,0x52,0x00,0x00,
    0x05,0x20,0x41,0xd9,0xe8,0x50,0xf7,0x6b,0x54,0x96,0x0a,0xd1,0x90,0x55,0xbb,0x5f,0x31,0x5a,0xba,0x90,0x1c,0x9e,0x2c,0x70,0x23,0x8d,0x2a,0xc5,0x61,0x97,0xed,0xc4,0x88,0xd2,0x00,0x00,
    0x05,0x20,0x42,0x63,0x58,0xb0,0x8f,0xa1,0x20,0xf9,0x7f,0xf3,0xa0,0x0d,0x61,0x06,0xb9,0xdc,0x99,0xca,0xd8,0x20,0xd6,0xe4,0x0c,0x18,0xbe,0x4e,0xbc,0x0d,0xa5,0x64,0xe2,0xa1,0x00,0x00,
    0x05,0x20,0x42,0xba,0x84,0x36,0xb7,0x67,0x43,0x10,0xd4,0x09,0x7f,0x50,0x3c,0x1a,0x96,0xc8,0xe1,0x5e,0x5b,0x3a,0x74,0x72,0x73,0x0b,0x59,0x2e,0x58,0x99,0x94,0x76,0x1e,0x48,0x00,0x00,
    0x05,0x20,0x43,0x54,0x26,0x34,0x5d,0xc4,0x38,0x52,0xe8,0x79,0x54,0x78,0xdd,0xee,0x3c,0x92,0x44,0x66,0x38,0xa3,0x47,0xfe,0xe2,0x32,0x88,0x7c,0x9d,0x5d,0xdf,0xde,0xa7,0x98,0x00,0x00,
    0x05,0x20,0x43,0xf9,0xd8,0xa3,0xf0,0x2c,0x6e,0x09,0x4c,0x5d,0x6f,0x30,0xb1,0xae,0x02,0x49,0x60,0xc4,0x7a,0x7c,0x8e,0xe9,0x07,0xed,0x59,0xd6,0xc2,0x61,0xfa,0x4a,0xc0,0x2d,0x00,0x00,
    0x05,0x20,0x44,0x71,0x69,0xea,0xe8,0x62,0xa4,0x7c,0x69,0x46,0xe8,0xfa,0x21,0x3b,0xcc,0x60,0xb7,0x17,0x1f,0x76,0x8b,0xec,0xaf,0xaa,0x81,0x87,0x90,0x11,0xec,0x78,0xd2,0x9d,0x00,0x00,
    0x05,0x20,0x44,0xab,0x51,0x2b,0x9d,0xa3,0xf3,0xe5,0x14,0x60,0x54,0x33,0x8f,0x4f,0xa4,0x06,0x25,0x8a,0x81,0xc6,0x57,0x08,0xc3,0x53,0x34,0xab,0xbd,0xc2,0xbe,0xd4,0x64,0x19,0x00,0x00,
    0x05,0x20,0x44,0xc6,0xc3,0xc0,0x6e,0xd0,0xb1,0xe8,0x9c,0x10,0x21,0xf9,0xd6,0x8f,0xf0,0x0b,0x65,0xc2,0xbc,0xf5,0x4f,0xb5,0x8d,0x90,0x78,0x37,0x39,0x02,0xb8,0xc2,0x24,0x3d,0x00,0x00,
    0x05,0x20,0x44,0xd9,0x3a,0xf8,0x44,0x49,0xe6,0xe3,0x29,0x5c,0x7b,0x72,0xb6,0x1e,0xb0,0x8a,0x85,0xf9,0x9d,0xca,0x24,0x37,0xb6,0xfc,0x14,0x20,0x48,0x8e,0xa7,0x1e,0xd3,0xe4,0x00,0x00,
    0x05,0x20,0x44,0xf2,0x2c,0xf2,0x4b,0xe7,0xbf,0xf8,0xdb,0x31,0x1c,0x0f,0x6b,0x95,0xfe,0x23,0xf9,0x0e,0x2f,0xf8,0xf1,0xae,0x27,0x7b,0x38,0xe8,0x6f,0x53,0xd7,0xf2,0x42,0xfd,0x00,0x00,
    0x05,0x20,0x45,0x71,0xa1,0xb4,0xb8,0xa0,0xe7,0x45,0xbe,0xa4,0xf8,0x7e,0xfe,0x23,0xb8,0x1f,0x07,0xa9,0xf4,0x62,0x52,0x59,0xa4,0xa3,0x9b,0x89,0xa8,0xb1,0xd8,0xab,0x82,0x0c,0x00,0x00,
    0x05,0x20,0x46,0x46,0x5e,0x3b,0x73,0x7a,0xd8,0xa7,0x9f,0x17,0x84,0x4d,0x01,0x8b,0x69,0xec,0x76,0x2d,0xa1,0x7c,0x9b,0xbd,0xae,0xe2,0xaa,0x1c,0x08,0xd4,0x32,0x02,0x23,0x66,0x00,0x00,
    0x05,0x20,0x4f,0x1a,0xb1,0x4b,0xa5,0x25,0xde,0xf9,0x16,0x96,0x8e,0x31,0x1a,0x65,0x0d,0x0e,0x7e,0x29,0x3e,0xd2,0x1b,0x61,0x3f,0xbe,0x91,0xf5,0x8f,0x41,0x6b,0xf7,0x6d,0xcf,0x00,0x00,
    0x05,0x20,0x4f,0x2a,0xa3,0xed,0x86,0x0b,0x45,0x57,0x5c,0x79,0xfa,0x24,0xaf,0x75,0xce,0x58,0x51,0x97,0x56,0x17,0xa8,0xdf,0x02,0x04,0x38,0x9b,0x20,0x0c,0x4e,0x73,0x3f,0x95,0x00,0x00,
    0x05,0x20,0x48,0x77,0xeb,0x6b,0x4a,0x2c,0x61,0x16,0xcb,0xec,0x61,0x03,0x38,0x75,0xcd,0x31,0xd0,0x7b,0xa6,0xe8,0x64,0x34,0x6b,0x23,0xcc,0xa5,0x71,0xd5,0x62,0x62,0x5e,0x1a,0x00,0x00,
    0x05,0x20,0x48,0x7f,0x6f,0x95,0x2e,0x8b,0xd5,0x81,0x80,0x43,0x2b,0x64,0x81,0x5b,0x28,0x7d,0xc3,0x1d,0xad,0x30,0xda,0x51,0x98,0x81,0xe2,0xc2,0xa3,0xd8,0x8e,0x01,0x0e,0xb7,0x00,0x00,
    0x05,0x20,0x48,0x48,0x24,0x03,0xce,0x00,0x68,0xb9,0xc1,0xe7,0xdb,0x86,0x85,0x28,0x7e,0x3b,0xcb,0x73,0xf0,0x8e,0xd5,0xe8,0x30,0xaf,0xd4,0xb3,0x5e,0x3c,0x4f,0x5f,0xcb,0x82,0x00,0x00,
    0x05,0x20,0x48,0xbf,0xfb,0x0f,0x5c,0xc2,0x3f,0xc5,0x45,0x18,0xce,0x5e,0xda,0x29,0x42,0xe1,0xec,0xb3,0x4f,0xc3,0x0b,0xf6,0xfb,0x75,0xf0,0x5e,0x7d,0xb5,0xa6,0xe7,0x26,0x7c,0x00,0x00,
    0x05,0x20,0x48,0xfd,0xbb,0x1c,0x81,0x1f,0x71,0x45,0xcb,0xf1,0xdf,0x18,0x8d,0xad,0xad,0xa5,0x0f,0x0b,0xde,0x3c,0x5b,0x65,0xef,0xea,0x79,0x5a,0x23,0x4e,0x55,0x5f,0x3d,0xa3,0x00,0x00,
    0x05,0x20,0x49,0xa4,0xd6,0xd8,0x83,0x24,0xc3,0x5c,0x7d,0x9d,0xf7,0x85,0x69,0xbc,0x54,0xfa,0xbe,0x1f,0xc7,0xb6,0xd8,0xb0,0xb3,0x40,0xad,0xd3,0x40,0x07,0x68,0x28,0xe4,0x27,0x00,0x00,
    0x05,0x20,0x4a,0x8b,0x40,0x25,0xdc,0x06,0x2a,0xed,0x44,0x35,0xec,0x06,0x9e,0x73,0x70,0xf0,0x07,0x06,0x35,0xd1,0x60,0x4f,0x22,0xe8,0xbf,0x8a,0xdf,0xd9,0xeb,0x97,0x73,0x06,0x00,0x00,
    0x05,0x20,0x4a,0xca,0x2b,0x0b,0x37,0x58,0x81,0xee,0x5d,0xce,0x9f,0x23,0x50,0x45,0x1c,0x1c,0x64,0x2a,0x1c,0xfd,0x4e,0x98,0x79,0xc4,0x92,0x2f,0x2e,0x15,0x8b,0xab,0x73,0x56,0x00,0x00,
    0x05,0x20,0x4b,0x44,0x9f,0xf1,0x9f,0x60,0xef,0x95,0x1a,0xa9,0xf2,0x0e,0x3d,0xc2,0xc2,0x09,0xee,0xd2,0xdd,0x14,0xad,0x79,0xc8,0xe3,0x2e,0xc8,0x85,0xb6,0x22,0x3e,0xda,0xd1,0x00,0x00,
    0x05,0x20,0x4b,0x71,0xb7,0x06,0x1a,0x55,0x59,0x72,0x87,0x01,0x40,0xed,0xf5,0xec,0xec,0x6b,0x59,0x94,0x79,0x9f,0x4a,0x13,0x0f,0x4e,0x06,0x95,0x5b,0xda,0xa9,0x61,0x16,0x55,0x00,0x00,
    0x05,0x20,0x4c,0x26,0x3b,0x3b,0x1c,0xc4,0xdc,0x24,0x0a,0x64,0xe9,0xf1,0x74,0x99,0xa6,0xe8,0x8f,0x1d,0xdb,0x9b,0x19,0x68,0xf3,0x22,0x28,0xea,0xd9,0x6c,0xab,0x8c,0x73,0x8b,0x00,0x00,
    0x05,0x20,0x4c,0x82,0x24,0x37,0x2e,0x70,0x02,0x81,0xb8,0x40,0xa4,0xbe,0xb2,0x85,0x7d,0xb5,0x17,0xb1,0xbd,0x61,0xed,0x21,0xd8,0xe0,0x91,0x1e,0xcf,0xcd,0x4b,0xcc,0xcb,0x07,0x00,0x00,
    0x05,0x20,0x4c,0xa0,0x06,0x85,0x53,0x12,0x30,0x28,0x31,0x7d,0x3a,0x14,0x9e,0x2c,0x0f,0x56,0xec,0xb8,0x82,0x42,0xfd,0x89,0x0b,0xe4,0x8a,0xec,0x7f,0x6a,0x2d,0xed,0xf5,0xfc,0x00,0x00,
    0x05,0x20,0x4c,0xaa,0xd1,0xc1,0x63,0x31,0x80,0xf5,0xf6,0x58,0xa4,0x4e,0xe0,0xd4,0xdb,0x1d,0x16,0x79,0x20,0x9d,0x1f,0x07,0x55,0x53,0xb2,0xdf,0xe3,0xcc,0xfa,0xd6,0x1b,0xf3,0x00,0x00,
    0x05,0x20,0x4d,0x36,0x17,0x11,0xc2,0x41,0x48,0xaa,0xa1,0xec,0x43,0xbd,0x4c,0xd6,0xa9,0x1f,0x20,0x09,0xb5,0xe4,0xa0,0x93,0xa9,0x5b,0x5d,0x3b,0x50,0xf9,0x86,0x29,0xd2,0x22,0x00,0x00,
    0x05,0x20,0x4d,0x18,0x3d,0xbe,0x3e,0x07,0x58,0x75,0x07,0xcc,0xb9,0xbd,0x57,0x11,0x32,0x74,0x5e,0xd1,0xd7,0xf8,0xbc,0x93,0x23,0x6a,0x24,0xba,0x67,0xcf,0xce,0x58,0xd5,0x5a,0x00,0x00,
    0x05,0x20,0x4e,0x26,0x68,0x40,0xcf,0x1a,0x2c,0xb5,0xa5,0x4b,0x50,0xa0,0xfb,0x54,0x5c,0x77,0x71,0x4a,0x1d,0x61,0x88,0x85,0xe0,0xe4,0xe5,0xed,0x68,0x5a,0x9e,0xda,0x93,0x92,0x00,0x00,
    0x05,0x20,0x4e,0x72,0x66,0xcd,0x94,0x74,0xcf,0x5a,0x0c,0xd8,0xe4,0xee,0x58,0xf7,0x8b,0x14,0xd4,0x61,0x58,0x21,0x70,0xeb,0x3f,0x3a,0x31,0x2c,0xef,0x1d,0xf1,0x60,0x4a,0xf9,0x00,0x00,
    0x05,0x20,0x56,0xfa,0x72,0xff,0xe8,0x41,0xed,0xf2,0x0e,0x59,0xd2,0x11,0x6c,0x77,0x1b,0x30,0xec,0x27,0xa8,0x20,0x61,0xf7,0x76,0x28,0xc0,0xdf,0xb1,0x24,0x04,0x39,0x44,0xd4,0x00,0x00,
    0x05,0x20,0x57,0x02,0xd0,0x76,0x86,0x46,0xf9,0xdd,0x7b,0x09,0x6f,0x1d,0x5d,0x72,0xb6,0x68,0x64,0x62,0x77,0xc8,0x0b,0x6c,0xf5,0x61,0x8a,0x25,0x2e,0xef,0x06,0x85,0x03,0x87,0x00,0x00,
    0x05,0x20,0x57,0x2c,0x25,0xf8,0x23,0x38,0xdb,0xe4,0x20,0xb7,0x94,0x0e,0xa6,0x88,0x63,0x0b,0x41,0x2d,0x02,0x12,0xce,0xb4,0x1f,0xf2,0x9f,0x73,0xaa,0x56,0x26,0x53,0x21,0xc5,0x00,0x00,
    0x05,0x20,0x57,0x7d,0x7d,0xbf,0x53,0x61,0x40,0xb5,0x4c,0xe4,0xa8,0xb9,0x37,0x67,0x82,0x48,0xc7,0x89,0xb3,0xa2,0x37,0x4c,0x4c,0xd1,0xff,0xcf,0x46,0x23,0x2c,0x4e,0x88,0xec,0x00,0x00,
    0x05,0x20,0x57,0x45,0xfb,0x82,0x50,0xc3,0x04,0x89,0x48,0x51,0x95,0x4f,0x7b,0x4b,0xb3,0x74,0x4c,0xfd,0x3b,0x6e,0x23,0xa7,0x33,0x8b,0x41,0x66,0x84,0x9a,0x73,0x07,0xf7,0x7a,0x00,0x00,
    0x05,0x20,0x57,0x52,0x35,0x58,0x8b,0xec,0x67,0xe0,0x9d,0x30,0xe6,0xf2,0x55,0x46,0x9b,0x12,0xa9,0x39,0x5b,0xff,0x3d,0x25,0xca,0x16,0xf7,0xea,0xca,0x67,0x25,0xa3,0x40,0xa7,0x00,0x00,
    0x05,0x20,0x57,0x65,0x2f,0x02,0x4f,0x76,0x7f,0x05,0x34,0xc5,0x82,0xf9,0x54,0xba,0x6a,0x16,0x26,0x81,0x9f,0x43,0x1d,0xcb,0x18,0x5e,0x99,0x33,0x92,0x3a,0x54,0xc3,0xe5,0x77,0x00,0x00,
    0x05,0x20,0x50,0x10,0xea,0xf0,0xe5,0x36,0x06,0xc5,0xc0,0x0d,0x84,0xcd,0x14,0x59,0x96,0x8b,0x26,0x20,0xb8,0x05,0xaa,0x09,0x88,0xf2,0xa3,0x04,0x96,0x26,0xe8,0x83,0xbe,0x54,0x00,0x00,
    0x05,0x20,0x50,0x41,0x61,0x20,0x98,0x22,0xed,0x64,0x4e,0x29,0x75,0xbb,0xbf,0xe5,0xec,0x1a,0x9a,0x2b,0x22,0x1c,0xd4,0x4e,0x93,0x03,0x16,0xeb,0xbf,0x4e,0xfb,0x4c,0x56,0xb6,0x00,0x00,
    0x05,0x20,0x50,0x84,0xf5,0xfc,0x22,0xfd,0x89,0xc0,0xdb,0xdf,0x52,0xf1,0xab,0x04,0x29,0x8f,0x41,0x6a,0xb9,0x85,0x84,0xf9,0xaa,0xa4,0xf9,0xdf,0xd8,0x4e,0x48,0x55,0xa6,0x1e,0x00,0x00,
    0x05,0x20,0x50,0xa0,0xa7,0x4c,0xef,0x59,0x18,0x05,0x21,0xe5,0x79,0x00,0x9b,0xb2,0x9c,0xbc,0xa5,0x97,0x82,0xef,0x7c,0x4d,0x3a,0x57,0xb3,0x31,0x46,0x08,0x11,0x26,0xd4,0xa1,0x00,0x00,
    0x05,0x20,0x50,0xcd,0x88,0xdd,0x8f,0xf3,0xfd,0xa6,0xb9,0x66,0xe9,0xf5,0x55,0x1a,0x3c,0x1b,0x0e,0x7b,0x2c,0x0b,0x7a,0xa9,0xf5,0xdd,0xa7,0x54,0x1b,0x01,0xa9,0xda,0x25,0x86,0x00,0x00,
    0x05,0x20,0x51,0xc1,0xc6,0x42,0x00,0xdb,0x00,0x57,0x3a,0xd1,0x5b,0x65,0x62,0x13,0x45,0x22,0x00,0x12,0x88,0x36,0xf2,0xde,0x25,0x5e,0x4f,0x2e,0x87,0xf1,0x27,0x52,0x8c,0xab,0x00,0x00,
    0x05,0x20,0x51,0xe9,0xc5,0x72,0xbd,0x51,0x63,0xe0,0xb0,0xbd,0x57,0x6b,0x3d,0x0e,0xef,0x37,0xa4,0x3a,0x53,0xb7,0xca,0x8a,0x96,0xf0,0xd3,0x43,0xe9,0x4d,0xaa,0xf8,0xda,0x8a,0x00,0x00,
    0x05,0x20,0x53,0x60,0x0c,0x77,0x75,0xa4,0xdf,0xb4,0xeb,0xf3,0x54,0xcb,0x41,0xcb,0x4f,0x52,0xba,0x41,0x57,0x83,0x32,0xf8,0xf0,0xf8,0x57,0xb9,0x5d,0xe8,0x9a,0xb1,0x1c,0x51,0x00,0x00,
    0x05,0x20,0x53,0xf4,0x89,0xaf,0xf9,0x35,0xfe,0xf3,0x54,0x79,0x5c,0xb0,0xf5,0x04,0x13,0x00,0x3e,0x9a,0xda,0x4e,0xbf,0x28,0x4e,0xbb,0x3e,0xed,0x66,0x23,0xe1,0xd3,0x19,0x60,0x00,0x00,
    0x05,0x20,0x53,0xd4,0xb7,0x38,0x2d,0x35,0x65,0x43,0x3b,0xba,0x61,0x0c,0xd3,0xdc,0x66,0x6f,0xc6,0x20,0xb9,0x76,0x3e,0x28,0x2e,0x58,0xe8,0xeb,0xe2,0x0b,0xa1,0x2f,0xe4,0xea,0x00,0x00,
    0x05,0x20,0x54,0x91,0x22,0x0c,0x8c,0x3b,0x76,0x50,0x16,0x4f,0xbd,0x24,0xe3,0xa9,0xc9,0xf1,0x88,0xf5,0xf4,0x57,0x91,0x47,0x6c,0xb3,0x06,0x48,0x87,0x59,0x69,0x0a,0xaa,0x11,0x00,0x00,
    0x05,0x20,0x54,0xc3,0xcd,0x88,0x48,0x9b,0x7a,0xa6,0xe7,0x96,0xa4,0x2c,0xae,0x8f,0x6f,0xd3,0x67,0x01,0x00,0xca,0x17,0x4e,0xbf,0x51,0x4a,0x69,0x1c,0x8f,0x8c,0xf6,0x35,0x2d,0x00,0x00,
    0x05,0x20,0x55,0xa6,0x11,0x2d,0x50,0x74,0x16,0x9e,0x88,0x2c,0x81,0x5f,0x9f,0x64,0xcc,0x03,0xbb,0xbf,0x05,0x27,0xa7,0xfa,0xca,0xb6,0x45,0xcd,0x90,0xba,0x20,0xf1,0x5e,0x7a,0x00,0x00,
    0x05,0x20,0x55,0xb1,0xe4,0x16,0xe6,0x8b,0xe9,0x7d,0xc7,0xfc,0x67,0xf5,0xb6,0x04,0x1b,0x79,0xbd,0x23,0x37,0x4d,0xf3,0x95,0x39,0x77,0x48,0x2e,0x7e,0xc9,0x8e,0x81,0x89,0xb8,0x00,0x00,
    0x05,0x20,0x5e,0xc6,0x7c,0xf7,0x07,0x1c,0x8b,0x8a,0x04,0xf4,0x0a,0xaa,0xab,0x3d,0xdf,0x51,0x08,0x76,0x86,0x4c,0x4b,0x11,0x4b,0x10,0xfb,0x15,0x0e,0xf9,0x7e,0xbd,0x47,0x20,0x00,0x00,
    0x05,0x20,0x5f,0x03,0x5a,0x34,0xef,0x8a,0x54,0xca,0xb5,0xf7,0x18,0x6e,0x90,0xab,0x0f,0xe3,0xd0,0x8d,0xac,0x6c,0x1a,0x3f,0x6a,0x85,0x1a,0xe6,0x63,0xd2,0x82,0x8b,0x62,0xc0,0x00,0x00,
    0x05,0x20,0x5f,0x7c,0xe9,0xf6,0xd3,0x06,0xe4,0xcd,0xcb,0x21,0x2a,0xe0,0x23,0xc0,0xd0,0x60,0x1c,0x7c,0xec,0x58,0x7b,0xbc,0x22,0x55,0xc0,0x62,0xa5,0x15,0x01,0xcb,0x82,0x3f,0x00,0x00,
    0x05,0x20,0x5f,0xd3,0xb3,0x3c,0xb8,0x40,0xa6,0x48,0x84,0x47,0x95,0x98,0x00,0x49,0xd9,0x8d,0x04,0xa2,0xb8,0xf3,0x8b,0x61,0x29,0x42,0x73,0x95,0xcc,0x64,0xb9,0x8b,0x10,0xad,0x00,0x00,
    0x05,0x20,0x5f,0xf1,0xb9,0x72,0xdc,0xcd,0x91,0x1f,0xb5,0x50,0x81,0x7f,0xed,0xda,0x76,0x8f,0x6b,0x17,0x54,0x38,0xbb,0xb4,0x34,0xa8,0xc5,0xda,0x00,0xff,0xfb,0x4c,0x10,0x38,0x00,0x00,
    0x05,0x20,0x58,0x3a,0x50,0x44,0x31,0x74,0x21,0x2b,0x3f,0x2f,0xfd,0x5e,0x77,0x46,0x59,0x4a,0x3d,0x44,0xf7,0x4c,0xdb,0x0e,0xc8,0x7f,0x31,0x5b,0x52,0x20,0x11,0x03,0x80,0xd5,0x00,0x00,
    0x05,0x20,0x58,0x60,0xed,0x34,0x28,0x8b,0x19,0x82,0xe5,0x74,0x02,0xb0,0x44,0x9f,0xac,0x2a,0xea,0xf0,0xef,0x1d,0x95,0x09,0x93,0x10,0xfc,0x42,0xa7,0x51,0xab,0x5d,0xae,0x32,0x00,0x00,
    0x05,0x20,0x59,0x5f,0xde,0xea,0x30,0x71,0x0d,0x20,0xb5,0xed,0xdd,0x15,0x72,0x88,0xe5,0xb6,0x98,0x7d,0x10,0x59,0xd1,0xca,0xcc,0x15,0xd1,0x20,0xc3,0xf5,0xd9,0x23,0xcc,0xb8,0x00,0x00,
    0x05,0x20,0x59,0xe1,0x31,0xbf,0x0e,0x5c,0x63,0x19,0x4d,0xd1,0xf1,0x83,0xf8,0xdc,0xc7,0x13,0xc2,0x83,0xbb,0xee,0xad,0x64,0x3c,0x87,0xb0,0x83,0xaf,0x51,0xf5,0xc2,0x9a,0xbf,0x00,0x00,
    0x05,0x20,0x5a,0x0e,0xe1,0xb4,0xb9,0x3e,0x34,0xc9,0xa3,0x25,0x46,0x9c,0x32,0xd4,0xdc,0xda,0xfe,0xf1,0x4e,0xe9,0x65,0xec,0x0d,0xa7,0x25,0x5b,0xa4,0x62,0x83,0xe7,0x7f,0xc1,0x00,0x00,
    0x05,0x20,0x5a,0x29,0xfe,0x8a,0xaa,0x9d,0x78,0x81,0x04,0x53,0x37,0xf5,0x6f,0xb6,0xe1,0x57,0x08,0x80,0xcf,0xf6,0x03,0x11,0x92,0x8d,0x08,0xe3,0x99,0x9f,0x98,0x4a,0x27,0x6b,0x00,0x00,
    0x05,0x20,0x5a,0x58,0xbe,0x47,0xcb,0x76,0x23,0x80,0x62,0x06,0x23,0x69,0xf3,0x58,0x9a,0x50,0x19,0x6d,0x55,0xc5,0x62,0x54,0x7c,0x05,0x8f,0x84,0xa6,0x99,0xd7,0x31,0xdd,0xe5,0x00,0x00,
    0x05,0x20,0x5b,0x13,0xbc,0x0e,0x61,0x32,0x49,0xc5,0x01,0x0f,0xd0,0x34,0x6a,0xe0,0x4c,0x2c,0x9e,0xe4,0x9e,0x23,0x25,0x17,0x18,0x22,0x4a,0xe4,0xff,0x8f,0x07,0x28,0x40,0x7d,0x00,0x00,
    0x05,0x20,0x5b,0xcf,0xa0,0x7d,0x8a,0xc4,0x69,0x3b,0xc5,0xa2,0x8c,0x99,0x78,0xa1,0x7d,0xb6,0x7d,0x35,0x75,0x1e,0x04,0xb5,0xea,0x46,0xcb,0xc1,0xab,0x12,0x0d,0x96,0xa1,0x35,0x00,0x00,
    0x05,0x20,0x5c,0x4b,0x98,0xff,0x3c,0x10,0x35,0xac,0xf5,0x13,0xaf,0x73,0x98,0xf2,0x26,0x4b,0xfc,0x44,0x22,0x72,0x2e,0xe9,0x84,0xf4,0x25,0xc4,0x10,0xed,0xa7,0x72,0x73,0xd2,0x00,0x00,
    0x05,0x20,0x5d,0x46,0x18,0x02,0xa6,0x1b,0x99,0xd3,0xf4,0x64,0x6d,0x94,0xc1,0xda,0x4b,0x2e,0x6e,0x25,0x17,0xc4,0x18,0xec,0x55,0x91,0x61,0x71,0xbf,0x33,0x3b,0x4c,0xfd,0x24,0x00,0x00,
    0x05,0x20,0x5e,0x0c,0x08,0x82,0x5e,0xbd,0x50,0x05,0xc6,0x2c,0xe4,0xe7,0xa9,0x13,0x03,0x5b,0xc5,0x1f,0x29,0x1e,0x36,0xf4,0x3b,0x8d,0x9a,0xef,0x30,0x49,0x0a,0x68,0x8f,0x6b,0x00,0x00,
    0x05,0x20,0x66,0x95,0xf0,0x25,0x09,0xd5,0xaa,0x62,0xbe,0x41,0x36,0xf5,0x9a,0x3a,0x21,0x92,0x67,0xfd,0x23,0x04,0xdb,0xb3,0x9f,0x0c,0x38,0xbc,0xd3,0xdf,0x96,0xff,0xbc,0xa1,0x00,0x00,
    0x05,0x20,0x67,0x80,0x2f,0xcd,0xce,0x63,0x0c,0xf3,0x10,0xa7,0x8d,0x9b,0x29,0x66,0xe7,0x2e,0x57,0x7b,0x0e,0x9f,0x8d,0x71,0x5c,0xa2,0xe9,0x1a,0x4f,0x3c,0xc6,0xd1,0x00,0x8d,0x00,0x00,
    0x05,0x20,0x67,0xcd,0x4c,0x9c,0xc0,0xed,0x92,0x73,0xd7,0xe1,0xf1,0x00,0x5f,0x75,0x3e,0x52,0x05,0x1d,0xf5,0x33,0x84,0xb4,0xba,0x87,0xaa,0x91,0x8b,0x68,0x92,0x7c,0x9c,0x68,0x00,0x00,
    0x05,0x20,0x60,0x79,0x26,0x23,0x6b,0xbf,0x76,0xa8,0x03,0xb2,0x66,0x2f,0xea,0x21,0xa6,0x54,0x28,0x2f,0x3b,0x82,0x2b,0x8d,0x61,0xe8,0xcc,0x25,0xb4,0x28,0xab,0xc0,0x25,0x14,0x00,0x00,
    0x05,0x20,0x60,0xba,0xaf,0x0b,0x33,0x97,0x8b,0x02,0xce,0xd0,0x97,0xd7,0x6e,0x25,0x74,0xcb,0x80,0xb3,0x23,0x4a,0x23,0x14,0x76,0x99,0xf2,0x2d,0x9b,0xcb,0xc7,0xa8,0xc1,0x57,0x00,0x00,
    0x05,0x20,0x61,0x68,0xec,0xea,0x74,0x0b,0xf4,0x49,0x0f,0x08,0x09,0xb2,0x6f,0xb7,0xcd,0xa5,0x5d,0x08,0x60,0xc7,0xc2,0x11,0xca,0x9d,0x0e,0x31,0x97,0xef,0xe3,0xdb,0x21,0xe8,0x00,0x00,
    0x05,0x20,0x62,0x78,0x76,0x0c,0x0b,0x8e,0xb7,0x19,0xc4,0x7d,0x2a,0xa8,0x11,0x26,0x9e,0x0d,0x1e,0x34,0xd3,0x4f,0x85,0x37,0x9c,0x90,0xc5,0x62,0xdd,0xb3,0x51,0xe6,0xf4,0x55,0x00,0x00,
    0x05,0x20,0x62,0xbe,0xf3,0xf6,0x5b,0xcf,0xda,0x8b,0x8a,0xb3,0xcb,0xe8,0xa2,0x6c,0x37,0xb7,0xfd,0x75,0x06,0xfb,0xf2,0xa8,0xbf,0xbc,0xbf,0x42,0xd3,0xc4,0xfa,0xde,0xf1,0x03,0x00,0x00,
    0x05,0x20,0x62,0xd7,0xce,0x48,0x9c,0xed,0x61,0xcd,0xa6,0x38,0x53,0x93,0x36,0x90,0x0c,0x8a,0xbd,0xcb,0x47,0x68,0x28,0x2e,0x5c,0x1d,0xe1,0x01,0xbb,0x90,0x8d,0xc4,0x9b,0xb3,0x00,0x00,
    0x05,0x20,0x63,0xf1,0x53,0x24,0x31,0x70,0xa3,0x6e,0x58,0xab,0x04,0x28,0xd8,0x50,0x95,0x10,0x39,0x96,0xf2,0x5a,0xdf,0x29,0x83,0x13,0x43,0x7c,0xa4,0xfc,0x8c,0xd6,0xfc,0xf2,0x00,0x00,
    0x05,0x20,0x64,0x76,0x2a,0x95,0x51,0xbe,0x85,0x9f,0x92,0x42,0x88,0xbf,0x49,0x4d,0x66,0xf9,0x8a,0xb4,0x9f,0x42,0x3a,0xb2,0xca,0x82,0x1f,0x02,0x6b,0x1b,0xee,0x24,0x01,0x9b,0x00,0x00,
    0x05,0x20,0x64,0xbe,0xd5,0x2a,0xea,0x5e,0x0c,0xee,0x05,0x26,0xf4,0xa7,0xa1,0x15,0x5e,0x39,0x31,0x15,0x4c,0x1c,0x87,0xbd,0x47,0x96,0xc6,0x71,0x40,0x83,0xe2,0xfd,0xbf,0x55,0x00,0x00,
    0x05,0x20,0x6e,0xa1,0x14,0x37,0x67,0xa1,0x4f,0xe8,0x9c,0x93,0x25,0xfe,0xdb,0x78,0x68,0xb2,0xc3,0xac,0x56,0x29,0x41,0xbe,0x92,0x5c,0x13,0xdf,0xa6,0xdf,0xe9,0xc2,0xd3,0xe4,0x00,0x00,
    0x05,0x20,0x6f,0xac,0x11,0x3c,0x88,0x49,0x75,0x31,0x21,0x9b,0xf0,0x88,0xd3,0xbf,0xc6,0x23,0x2e,0xfa,0x6c,0xf4,0x98,0x1b,0xe3,0xf0,0x9d,0x6e,0x3f,0xf5,0x63,0x76,0x28,0x7a,0x00,0x00,
    0x05,0x20,0x68,0x22,0x9e,0x40,0xc2,0xef,0x44,0xd5,0xdb,0x36,0xf3,0x02,0x59,0x97,0xe6,0x06,0x20,0x12,0x15,0xca,0xdd,0xf9,0x25,0x9b,0xca,0xb9,0x9a,0xf1,0xa7,0xf1,0x8d,0x8a,0x00,0x00,
    0x05,0x20,0x69,0x13,0x18,0x00,0x82,0xb3,0xc4,0x91,0x4d,0x2e,0x8c,0x36,0xa3,0xc2,0x58,0x6e,0x16,0x06,0x20,0xb4,0x22,0x4e,0x29,0x42,0x9f,0x26,0x9e,0x8b,0xbe,0xaf,0x6f,0x9e,0x00,0x00,
    0x05,0x20,0x6a,0x1d,0x8f,0x8c,0x31,0x67,0xde,0xee,0xb1,0xc2,0xb4,0xa7,0x2f,0xd6,0xd0,0xf6,0x25,0x0b,0xbd,0x5a,0xa3,0xc9,0x3b,0xd7,0xf2,0x13,0x45,0x24,0xbd,0x9a,0xde,0xc0,0x00,0x00,
    0x05,0x20,0x6a,0xa1,0x94,0x91,0x6c,0x41,0x62,0x58,0x3c,0x14,0x18,0x64,0x6e,0x3a,0x94,0xaf,0xb2,0xbd,0xb3,0x9c,0x82,0x2d,0x91,0xa4,0x07,0x54,0x5f,0xcf,0xbd,0x99,0x02,0xe3,0x00,0x00,
    0x05,0x20,0x6a,0xa2,0x74,0x89,0xf7,0x02,0x98,0x80,0x47,0x97,0x3f,0x2b,0x25,0xdc,0xd4,0xf6,0xfc,0x8d,0x32,0x84,0xcf,0xc3,0x41,0x71,0x71,0xe5,0x21,0x38,0x4a,0x50,0x7d,0x52,0x00,0x00,
    0x05,0x20,0x6a,0xa4,0x3c,0x4c,0xaa,0x22,0xb8,0xf7,0x8c,0xe2,0x14,0x2b,0x6d,0xb5,0xdb,0x3d,0x6a,0xdd,0xd0,0x49,0x2e,0xb0,0x49,0xdb,0x93,0xf7,0xc5,0x76,0x3e,0x8c,0x36,0x21,0x00,0x00,
    0x05,0x20,0x6b,0x92,0x17,0x97,0x87,0xe1,0x0b,0x03,0x3e,0xdb,0x37,0x5a,0xb7,0xcc,0xa8,0x61,0x3a,0x19,0x8a,0x53,0x5f,0xdd,0x16,0xe2,0x8f,0x21,0x62,0xa1,0x01,0xa5,0x34,0xfc,0x00,0x00,
    0x05,0x20,0x6c,0x6e,0x5f,0xc4,0xa4,0x03,0x87,0x6b,0x66,0x9a,0x62,0x15,0x1e,0xf4,0x00,0xd9,0xdd,0xc5,0xf0,0x37,0xa2,0xfe,0xf6,0x1e,0x99,0x10,0x3b,0x7f,0x35,0x7a,0x86,0xe8,0x00,0x00,
    0x05,0x20,0x6d,0x8a,0x3b,0x2c,0x2b,0x3d,0x06,0xe6,0x6d,0xd0,0x26,0xf5,0x8c,0xe6,0x94,0x4e,0xa4,0x1d,0xfe,0x69,0xaa,0xd8,0x86,0x22,0x34,0xe0,0x9c,0x0c,0xa3,0xa5,0x89,0x09,0x00,0x00,
    0x05,0x20,0x6d,0xc4,0x86,0xdd,0x35,0xaa,0x6b,0xc6,0x4a,0x4f,0x52,0x2c,0xc7,0x30,0xfd,0xca,0xf5,0xf4,0xee,0xda,0x13,0x95,0xfa,0x5b,0x52,0x07,0x11,0xca,0xa2,0xe9,0x99,0x50,0x00,0x00,
    0x05,0x20,0x6e,0x7d,0xda,0xb8,0x5e,0x07,0xc9,0xce,0xf4,0x57,0x9c,0x52,0xe8,0xb3,0xf5,0xc7,0x53,0x5d,0xd4,0xa3,0x83,0xf8,0xac,0xea,0xd4,0x88,0xe5,0x14,0xa2,0xec,0xca,0xc7,0x00,0x00,
    0x05,0x20,0x76,0xdb,0x74,0x9b,0x33,0xb6,0x43,0xf3,0x4e,0x73,0x13,0x84,0xc7,0x36,0x71,0x12,0x91,0x7f,0xd7,0x94,0x7a,0x8e,0x46,0x17,0x90,0x44,0xf6,0xae,0xfd,0x6f,0xe4,0xa0,0x00,0x00,
    0x05,0x20,0x77,0x26,0xa0,0x0f,0xf6,0x19,0x30,0x08,0x90,0xb4,0x25,0xb4,0x3d,0xe2,0x6f,0xb0,0xb9,0xd9,0xd9,0x42,0x07,0x6a,0xe0,0x99,0x03,0x3d,0x2b,0xe3,0xff,0x91,0xdc,0x8b,0x00,0x00,
    0x05,0x20,0x77,0x33,0x23,0x30,0x71,0x74,0xfd,0xfe,0x9c,0x23,0xf8,0xc0,0x62,0x22,0x8a,0xae,0x7f,0xf8,0x22,0xae,0xea,0xa5,0xc0,0xde,0xa0,0x11,0x90,0x57,0x79,0x92,0x45,0x06,0x00,0x00,
    0x05,0x20,0x77,0x52,0xc2,0x2e,0x53,0x07,0x4c,0x8f,0x6d,0xb0,0xce,0x87,0x43,0xb0,0x81,0x9a,0xb6,0x58,0x7f,0x4d,0x66,0x6f,0x24,0x4a,0xa4,0xd2,0x28,0xd2,0x70,0xdb,0xbb,0xb9,0x00,0x00,
    0x05,0x20,0x77,0xaa,0x5f,0xa7,0x7e,0x17,0x0e,0x9b,0x55,0xb3,0x99,0x37,0xe6,0x54,0xcf,0xcb,0x48,0x04,0xce,0xd2,0x4d,0xca,0x41,0xa0,0xd7,0x7e,0x73,0x1e,0xa5,0x73,0xb3,0x34,0x00,0x00,
    0x05,0x20,0x77,0xec,0x0c,0x09,0x7d,0x22,0xaf,0xc7,0xed,0x16,0xef,0xa8,0x00,0xfb,0x6f,0xb3,0x05,0xb6,0xd8,0xf3,0x17,0x80,0x40,0xad,0xd0,0x42,0xb7,0xd2,0x6c,0xc9,0x33,0x10,0x00,0x00,
    0x05,0x20,0x70,0x3f,0x84,0x53,0x5a,0x98,0xe2,0xb5,0xd7,0x73,0xf1,0xfb,0x5f,0x94,0x0e,0x19,0x1b,0x94,0xda,0x36,0x82,0xd9,0x6b,0x8e,0xd0,0x5e,0x63,0x61,0xd7,0xb3,0x8d,0xf0,0x00,0x00,
    0x05,0x20,0x70,0x13,0xf6,0x9b,0x77,0x3a,0xc3,0x1d,0xec,0xb8,0x83,0x42,0x16,0xae,0xd4,0x35,0x45,0x76,0x15,0xa6,0x9b,0x7a,0x21,0x02,0x46,0xc2,0x8a,0x39,0xdc,0xb4,0xc3,0x00,0x00,0x00,
    0x05,0x20,0x72,0x92,0x06,0x4b,0x03,0xe5,0xa9,0x3a,0x9c,0xa7,0x91,0x4a,0x44,0xd9,0x5e,0x43,0xa3,0x4e,0x31,0x95,0xb0,0x0c,0x59,0x49,0xd8,0xe9,0xc4,0xe1,0x1b,0x46,0x4f,0xfc,0x00,0x00,
    0x05,0x20,0x72,0xf9,0x99,0x5c,0xfa,0x63,0x17,0xbb,0x30,0x6b,0xf2,0x2f,0xb8,0xce,0x9c,0x2b,0x9b,0x32,0x57,0x96,0xe6,0xfe,0xa7,0xf2,0x2d,0x97,0x3e,0xa2,0x20,0x62,0xcf,0x47,0x00,0x00,
    0x05,0x20,0x73,0x64,0x0d,0xee,0xd6,0xad,0xb3,0xfc,0x30,0x8e,0xf0,0xff,0x4f,0x79,0x1d,0x9a,0xd9,0x81,0x7a,0x85,0xfe,0xf3,0xf2,0xde,0xa5,0x2c,0x68,0xa9,0x22,0xe4,0x51,0x2f,0x00,0x00,
    0x05,0x20,0x73,0xd4,0x6a,0x98,0x4f,0xea,0x5d,0xea,0x30,0x6a,0xac,0xf6,0x5d,0x56,0x74,0x29,0x98,0x01,0xa8,0x3d,0x1c,0xd4,0x92,0x36,0x57,0x61,0x0a,0x13,0xa1,0x40,0xe8,0xaa,0x00,0x00,
    0x05,0x20,0x75,0xee,0x55,0xe8,0x08,0xd8,0xb5,0xdc,0x32,0x68,0x65,0x83,0x7b,0xdd,0x9a,0x88,0x99,0xdf,0xe8,0x06,0xb8,0xc7,0x84,0xa2,0x62,0x7e,0x4f,0xdd,0x19,0xa3,0x90,0x0c,0x00,0x00,
    0x05,0x20,0x76,0x11,0x91,0xed,0x0d,0xc8,0x5b,0xea,0x54,0x5e,0x9f,0xff,0xb8,0x91,0xa1,0xc9,0x33,0x3d,0x86,0x4d,0x7b,0x74,0xb1,0xcf,0x6d,0x8f,0x76,0xd1,0x8c,0xde,0xcd,0xc2,0x00,0x00,
    0x05,0x20,0x76,0x56,0x6b,0x01,0x06,0x68,0xbb,0x4e,0x48,0xb1,0xb8,0x17,0xbb,0xee,0xed,0x5e,0x71,0x20,0xc9,0xd5,0x97,0x00,0x0f,0xff,0xca,0xcb,0x88,0x0c,0x50,0xd7,0xe4,0x5e,0x00,0x00,
    0x05,0x20,0x7e,0xb5,0xd2,0x28,0x82,0xb1,0x37,0x20,0x09,0x17,0x3f,0xad,0xf8,0x9c,0xd8,0xfa,0x5c,0x44,0xe5,0xcd,0xfa,0x69,0x53,0x39,0x3c,0x21,0xde,0xb6,0x92,0x49,0x8a,0x49,0x00,0x00,
    0x05,0x20,0x7e,0xf6,0x97,0x5f,0x24,0xef,0xcf,0xbb,0x25,0x10,0x0a,0xca,0x9b,0x8f,0x73,0x11,0x2c,0x31,0xa4,0x42,0x97,0x9e,0x7d,0x28,0xd7,0xa5,0x2a,0x9e,0x7f,0x61,0x4d,0xc7,0x00,0x00,
    0x05,0x20,0x7e,0xee,0x91,0xf4,0x50,0x00,0x27,0x39,0x08,0x0b,0xfa,0x18,0x76,0x63,0x48,0x7d,0x73,0xde,0xd5,0xf5,0xc2,0x89,0xc3,0x60,0xcb,0x66,0x0f,0x55,0x7d,0xd9,0x69,0xb3,0x00,0x00,
    0x05,0x20,0x7f,0xfe,0x84,0xbe,0xdb,0x92,0x71,0xa9,0x97,0x1c,0xf6,0xae,0xd5,0xb7,0x30,0x04,0xe2,0x5f,0x12,0xee,0xbb,0x0e,0xbd,0x9a,0xd5,0xae,0x62,0x16,0xe6,0xa0,0x75,0xcc,0x00,0x00,
    0x05,0x20,0x78,0x0d,0x43,0x3d,0xf8,0x88,0xd5,0xb1,0x0b,0xf1,0x46,0x54,0x4d,0x3c,0xe5,0xbe,0x98,0x93,0x9b,0x17,0x89,0xca,0x34,0x6c,0x72,0x47,0xba,0x3a,0x83,0xc0,0xee,0xd1,0x00,0x00,
    0x05,0x20,0x79,0x7d,0x8a,0xdf,0x5c,0x6c,0x41,0xa9,0x08,0x3c,0xe3,0x33,0x10,0x9e,0xe1,0x25,0x65,0x92,0x57,0xe0,0x6f,0xb0,0xd1,0x33,0xf4,0xfe,0x72,0x99,0xae,0x47,0x93,0x36,0x00,0x00,
    0x05,0x20,0x79,0x90,0xba,0xe4,0x92,0x2d,0x6f,0x9c,0x46,0x3c,0xd6,0xb7,0x41,0x7e,0x06,0x2b,0xb6,0x35,0xb1,0x75,0xae,0x30,0x86,0x61,0x31,0xee,0x21,0xf2,0x48,0x13,0xf6,0x7b,0x00,0x00,
    0x05,0x20,0x79,0x9f,0xde,0xd8,0x02,0xf5,0x7e,0x33,0xbd,0x70,0x82,0xde,0xaf,0x78,0xfa,0xd5,0xe1,0x89,0x27,0xee,0xcb,0xb2,0xb9,0x9c,0xa8,0xd0,0x69,0x6d,0x1b,0x63,0x86,0x2c,0x00,0x00,
    0x05,0x20,0x7a,0xae,0x5f,0xc6,0x4d,0xc5,0xfb,0x2b,0x72,0x97,0x6c,0x95,0x28,0xf0,0x50,0xa2,0xb5,0xe9,0x04,0x72,0x57,0x51,0xa7,0xbb,0x90,0x8f,0x7e,0xa1,0x8a,0x56,0xd3,0x7b,0x00,0x00,
    0x05,0x20,0x7c,0x3d,0x42,0xb5,0x1d,0x9b,0xc9,0xe2,0xfb,0xec,0xde,0xbd,0x56,0x58,0x3d,0x52,0xbc,0x57,0x76,0xd8,0x80,0xf2,0x3a,0x87,0xe1,0x47,0xf4,0xcf,0x37,0xf3,0xe8,0xf6,0x00,0x00,
    0x05,0x20,0x7c,0x16,0x6c,0x41,0xef,0x19,0x83,0x7b,0x92,0x25,0xdb,0xb9,0xbd,0x17,0x66,0x27,0x8b,0x73,0x51,0x30,0xe3,0x70,0xed,0x56,0x55,0xdd,0xbf,0x9f,0xbc,0x9f,0x1b,0x11,0x00,0x00,
    0x05,0x20,0x7c,0x53,0x03,0xe2,0x07,0xe2,0x21,0xee,0xb2,0xb6,0x8c,0xfb,0x75,0x85,0x69,0xdd,0xc7,0x23,0xd5,0x11,0xbc,0x9b,0xe6,0xb6,0x1d,0xb0,0xa1,0x25,0xc5,0xa1,0x1c,0x81,0x00,0x00,
    0x05,0x20,0x7c,0x8e,0x13,0xbb,0x49,0x2b,0x8a,0x95,0xa9,0x6d,0x1d,0xda,0x7c,0xbd,0x18,0x9c,0x6d,0x9f,0x65,0xe4,0xb4,0xfb,0x66,0xda,0x68,0x94,0x66,0xcf,0xa2,0x0a,0x40,0x07,0x00,0x00,
    0x05,0x20,0x7d,0x1c,0x47,0x0a,0xb4,0xb4,0x71,0x8a,0x5c,0xbe,0x1a,0xa6,0xde,0x28,0x19,0x80,0x3d,0x72,0x93,0x82,0x1c,0x26,0xd5,0x88,0xba,0xf1,0x54,0xb5,0xdc,0x76,0xc6,0x44,0x00,0x00,
    0x05,0x20,0x7d,0xac,0x0a,0x94,0xda,0xa8,0xbc,0xc7,0x4b,0x58,0x50,0x4e,0xa1,0x3a,0x1a,0x2a,0xdd,0xe6,0xdb,0xf5,0x5f,0xa3,0x9d,0x34,0xe0,0xee,0xc5,0x61,0x5b,0xa3,0xe8,0xaa,0x00,0x00,
    0x05,0x20,0x7d,0xeb,0x8f,0x96,0xe8,0x20,0x83,0x46,0x92,0x38,0xaf,0xa0,0x9d,0x52,0xc5,0xe5,0xcc,0xf3,0x21,0xa9,0x84,0xde,0x39,0xc9,0xf1,0xc5,0x3d,0x75,0xf6,0xce,0xbd,0x54,0x00,0x00,
    0x05,0x20,0x7e,0x3a,0x6a,0x5e,0x54,0x3a,0x37,0x8b,0xe7,0x1c,0xef,0x2b,0x73,0x22,0xf5,0x27,0x28,0x3c,0x34,0x33,0x59,0x12,0x0e,0x83,0x08,0x49,0x24,0x7d,0x49,0x47,0x7b,0x95,0x00,0x00,
    0x05,0x20,0x86,0xa2,0x80,0xd1,0x72,0xf6,0xc0,0x79,0x05,0x1d,0x5d,0x50,0xf5,0x34,0x34,0x56,0x28,0x6f,0x15,0x00,0xab,0x92,0x96,0xec,0xc6,0xf4,0x5b,0x36,0x2b,0x11,0xa1,0xd4,0x00,0x00,
    0x05,0x20,0x86,0xa7,0x9b,0xa4,0x88,0xdd,0xd3,0x2f,0x7e,0xd2,0xf0,0x6a,0xa4,0xfa,0x7f,0xfa,0xc1,0xeb,0x99,0xbf,0xcf,0x77,0x9a,0x41,0x3d,0x6e,0x34,0x2e,0xf3,0xaf,0x35,0x9d,0x00,0x00,
    0x05,0x20,0x86,0xd2,0xf1,0x95,0x1d,0x23,0x3a,0xe8,0x77,0xbb,0x92,0xc6,0x03,0x58,0xdf,0x6c,0x96,0x06,0x29,0xcf,0xf0,0x23,0x93,0x87,0x2c,0x39,0x01,0x01,0x54,0x35,0x40,0xcd,0x00,0x00,
    0x05,0x20,0x86,0xdf,0x43,0xf5,0x50,0x79,0x81,0x02,0x53,0xd5,0x78,0x06,0x66,0x6b,0x63,0xea,0xfa,0xb9,0x65,0x13,0x4d,0x4d,0xc2,0x52,0xfe,0x8c,0xf5,0x97,0xa7,0xdf,0xbb,0xa6,0x00,0x00,
    0x05,0x20,0x80,0x2e,0x66,0xdc,0xe1,0x85,0x4a,0xba,0x80,0x06,0xa8,0x9b,0x9d,0x4c,0x16,0xcb,0x9e,0x97,0x1e,0x45,0x6e,0xbc,0x90,0xc8,0x12,0x6a,0x8f,0x6f,0x58,0xbb,0x77,0xdb,0x00,0x00,
    0x05,0x20,0x80,0x60,0x22,0x2b,0x5c,0xaa,0x22,0x04,0x66,0xd3,0xd8,0x1f,0x11,0xbe,0xfa,0x93,0xfe,0x8d,0x6e,0x8d,0xb7,0x9c,0xb9,0xc9,0xa5,0x38,0x72,0xdc,0xbb,0x2f,0xb9,0x31,0x00,0x00,
    0x05,0x20,0x80,0xc6,0x6f,0xb3,0x18,0x5a,0x1a,0xde,0x4e,0xde,0x50,0xd2,0xc6,0x3f,0xc5,0x96,0x09,0x35,0x3a,0x4d,0x88,0x5f,0xa3,0x49,0x37,0xff,0xe6,0xc5,0x43,0x10,0xaf,0xa8,0x00,0x00,
    0x05,0x20,0x81,0x10,0xa7,0xa4,0x59,0xca,0x10,0x1d,0x42,0xbc,0x84,0x6e,0x31,0x99,0xcf,0x24,0xa2,0xa4,0xe1,0x19,0xc7,0x95,0x55,0xc3,0xc0,0x28,0x15,0xcd,0x41,0xcf,0xc3,0x4c,0x00,0x00,
    0x05,0x20,0x81,0x76,0x54,0xeb,0xb5,0x86,0x86,0x17,0xf8,0x35,0xab,0x05,0x17,0x22,0xee,0x38,0xa4,0xae,0x40,0xb5,0xbe,0xe7,0xbd,0xab,0x33,0x73,0x0c,0xcc,0x53,0xb5,0x1a,0xb2,0x00,0x00,
    0x05,0x20,0x81,0x4e,0x61,0xbc,0x4a,0x70,0x4b,0x62,0x5a,0xf1,0xd4,0x2e,0xbb,0xe8,0x68,0xe3,0x58,0x5c,0xea,0xa6,0x67,0x56,0x81,0xbc,0x09,0x86,0x06,0x98,0xd6,0x6f,0xe2,0x9d,0x00,0x00,
    0x05,0x20,0x81,0xd1,0xbd,0x9e,0xa2,0x8a,0xfc,0x76,0xf2,0x87,0x43,0xd0,0x7e,0x6a,0x44,0xc9,0x33,0x0b,0x8a,0xef,0x23,0x73,0xaf,0x84,0x21,0x75,0xe7,0x65,0xad,0xeb,0xbc,0xe6,0x00,0x00,
    0x05,0x20,0x81,0xe8,0xae,0xe6,0x1d,0xaf,0xcf,0xd7,0xfd,0xde,0xd1,0xa5,0x73,0x4e,0x10,0x77,0xea,0x0e,0x23,0xff,0x77,0x6a,0x44,0x7a,0xd3,0x9d,0xe0,0x23,0x02,0xdc,0xf9,0xfe,0x00,0x00,
    0x05,0x20,0x82,0xdb,0x06,0xb7,0x66,0x31,0x19,0x57,0xa7,0x91,0x4a,0x39,0x5f,0x7e,0xe8,0x97,0x47,0xb7,0xc1,0xde,0x32,0x94,0x6e,0xf5,0x27,0x0c,0x5b,0xf3,0xbc,0xbe,0x49,0xcc,0x00,0x00,
    0x05,0x20,0x84,0xbb,0x67,0x8b,0x4e,0x6f,0x79,0xf4,0xee,0x99,0x4a,0x07,0xa3,0x45,0xfc,0x77,0x7f,0x8e,0x96,0x6f,0x2a,0x53,0xd8,0x3d,0x47,0x66,0xb8,0x26,0x5d,0x25,0x6d,0xe3,0x00,0x00,
    0x05,0x20,0x84,0xef,0x24,0x98,0x81,0xb1,0x8e,0xc2,0xcd,0xeb,0x2c,0xa8,0x72,0xc5,0x8e,0xe3,0x67,0x8a,0x06,0x67,0xf8,0xbf,0xb1,0xb2,0x6d,0x44,0xe9,0x6c,0x17,0x57,0x8f,0x0f,0x00,0x00,
    0x05,0x20,0x85,0x4b,0x5e,0x3e,0x0f,0x34,0x1c,0x5e,0xde,0x13,0x87,0xf3,0x03,0x55,0xed,0x9a,0x62,0x71,0x82,0xa6,0x6b,0x7e,0x06,0xf1,0xa2,0xfb,0x29,0xea,0x80,0x9b,0xc5,0xde,0x00,0x00,
    0x05,0x20,0x85,0xaa,0x38,0x3f,0xea,0x2e,0xdf,0x2c,0x39,0xfc,0x84,0x1f,0x3e,0x5c,0x9a,0x1d,0x5e,0xe7,0x32,0xc5,0x19,0x46,0x73,0x81,0x62,0x76,0x5a,0x68,0x5a,0x08,0x95,0x85,0x00,0x00,
    0x05,0x20,0x85,0xe6,0x07,0xd3,0xaa,0x42,0x0b,0x0a,0xc2,0x01,0xc5,0xc9,0x60,0x0e,0xc4,0xfe,0xf5,0xa1,0xa3,0x18,0xdd,0xb1,0xd6,0x50,0x87,0x3b,0x1a,0x19,0x87,0x02,0x7d,0xf9,0x00,0x00,
    0x05,0x20,0x86,0x2a,0xbe,0x6e,0xc0,0xa7,0x04,0x97,0xa3,0xa2,0x8b,0x28,0xe6,0x4a,0xb7,0xe6,0x94,0x1c,0xf5,0x14,0x8e,0x61,0x89,0x91,0x58,0x18,0x6d,0xe7,0x84,0xae,0x06,0x5b,0x00,0x00,
    0x05,0x20,0x88,0x39,0x1a,0x2f,0x40,0x68,0x43,0xa3,0x2a,0xe3,0xd8,0xdd,0x09,0xd8,0x4d,0xd5,0x7a,0x4a,0xc9,0x1a,0x91,0x85,0xad,0x7f,0x75,0xd2,0x89,0xcf,0x5d,0xb3,0x42,0x7d,0x00,0x00,
    0x05,0x20,0x88,0x07,0x77,0x45,0xfa,0xf5,0x7f,0x9a,0xd8,0x56,0x5e,0x08,0x5d,0xc8,0xca,0x44,0xcf,0xb4,0x23,0x3e,0xc4,0x1d,0xd1,0x1c,0x2a,0x8a,0x45,0x31,0xdc,0xcd,0x0f,0xb1,0x00,0x00,
    0x05,0x20,0x88,0x28,0xce,0x59,0x4b,0x2a,0x48,0xea,0xe2,0x29,0x14,0x0d,0x98,0xb3,0x46,0xa2,0xd5,0x76,0x4b,0xef,0xf4,0x55,0x25,0x1c,0x93,0xbb,0xa9,0xf7,0xd5,0x15,0x43,0xe2,0x00,0x00,
    0x05,0x20,0x88,0x66,0x9f,0xf6,0xf0,0x18,0xc1,0x33,0x5b,0x37,0xac,0xbd,0x9d,0xc4,0x35,0xb1,0xaf,0x69,0xed,0x2c,0x6b,0xff,0x6b,0x55,0xd8,0xf2,0xd1,0xe0,0x74,0x60,0xa6,0x26,0x00,0x00,
    0x05,0x20,0x89,0x12,0xc6,0x4b,0x6c,0x00,0xcd,0x07,0x4f,0xb6,0x41,0x16,0xe9,0xa6,0x71,0xa5,0xb0,0x86,0x6b,0xc2,0xfc,0xd4,0x94,0xf0,0xbd,0x74,0x5c,0x70,0x7c,0xff,0x22,0xe2,0x00,0x00,
    0x05,0x20,0x89,0xdc,0x2d,0x25,0xfe,0x84,0xe3,0x71,0x2b,0xcc,0xcc,0xf5,0xd9,0xf1,0xd6,0xa8,0x83,0xe5,0xce,0x38,0xe2,0xa1,0x70,0x3a,0x60,0x5d,0x68,0x0e,0xe8,0xa1,0xbb,0x8a,0x00,0x00,
    0x05,0x20,0x8a,0x56,0x9c,0xe7,0xca,0xf3,0xf8,0xed,0x88,0x6b,0x69,0xca,0xa5,0xa9,0x9e,0xda,0x17,0xf8,0x50,0xc3,0x58,0x3d,0x4c,0x11,0x22,0x88,0x86,0x31,0xdf,0xc5,0x51,0xce,0x00,0x00,
    0x05,0x20,0x8a,0xce,0x75,0xd6,0xb0,0x95,0xbd,0x33,0xa2,0xe5,0x36,0x9d,0x44,0x0f,0x18,0x6d,0x23,0xe5,0x0a,0xd1,0xb4,0x23,0x87,0x23,0x89,0x51,0xe2,0x48,0xff,0xe5,0xad,0x0c,0x00,0x00,
    0x05,0x20,0x8b,0x71,0x6f,0x67,0x43,0xfb,0x0a,0xb0,0x20,0x5d,0x19,0x60,0x83,0xee,0x27,0x8c,0xe8,0xd2,0x9b,0xde,0x68,0xea,0xca,0xa5,0xf9,0xee,0xf2,0x69,0xab,0x8b,0x07,0x5d,0x00,0x00,
    0x05,0x20,0x8b,0xf4,0x20,0x88,0xff,0xc5,0xa3,0xcf,0xd2,0x40,0x96,0xa6,0xe7,0x12,0x7a,0x02,0x6c,0x0f,0x84,0xb0,0x78,0x5b,0xbc,0x3e,0x24,0xb7,0x43,0xf9,0x2a,0x73,0xd7,0xd3,0x00,0x00,
    0x05,0x20,0x8c,0xb8,0x93,0x46,0xd4,0x92,0x07,0x75,0x1d,0x96,0xdf,0x28,0xd9,0x97,0xf1,0x96,0x1c,0x18,0x41,0xdf,0x5d,0x4c,0x9e,0x89,0x27,0x43,0x7b,0x2d,0xe2,0xf5,0xc6,0x34,0x00,0x00,
    0x05,0x20,0x8c,0x9d,0x24,0x5d,0x44,0x2f,0xfb,0x5c,0x18,0x00,0x25,0x60,0x12,0x66,0x59,0x3e,0x03,0x69,0x75,0x64,0x7e,0xf5,0xab,0x60,0x88,0xd0,0x78,0x0e,0x0b,0x6c,0x07,0xc6,0x00,0x00,
    0x05,0x20,0x8c,0xc2,0xfa,0x65,0xf6,0xa9,0xd6,0xe4,0xb6,0xf3,0xa0,0x08,0x02,0x69,0x28,0xa5,0x36,0x97,0xfe,0xf1,0xd9,0xc0,0x40,0x51,0xbf,0xf9,0xa4,0xc2,0x26,0x62,0x92,0x62,0x00,0x00,
    0x05,0x20,0x8d,0x09,0x99,0x69,0xe2,0x62,0xc0,0xa7,0xb7,0x54,0x06,0x18,0x59,0xdd,0xfa,0x06,0x39,0x24,0x48,0x4f,0x6d,0x78,0x52,0x42,0x14,0x07,0xc0,0x55,0x83,0xd4,0x09,0x4a,0x00,0x00,
    0x05,0x20,0x8d,0x6f,0xed,0x62,0x21,0xbe,0xb9,0x6d,0x99,0xe1,0xc1,0x58,0x33,0x57,0xf8,0x91,0x4e,0x4f,0x7b,0x32,0x66,0xa3,0xe8,0x73,0x38,0x1c,0x8c,0x3c,0x39,0x46,0x74,0x5d,0x00,0x00,
    0x05,0x20,0x8d,0xe0,0x5e,0x83,0x62,0x2f,0x75,0x9e,0x14,0xcf,0xd4,0x98,0x7e,0x20,0x6c,0xee,0xc5,0xb2,0x6d,0xc0,0x7c,0x75,0x8c,0xca,0xb0,0x3b,0xbb,0x30,0x97,0xec,0x85,0xbd,0x00,0x00,
    0x05,0x20,0x96,0xd0,0x89,0xa2,0xa9,0xe9,0xc3,0xc9,0xb1,0xa1,0x3d,0x0e,0xfd,0x8f,0x96,0xae,0x42,0xe6,0xcb,0xd1,0x4e,0x23,0x71,0x3a,0x51,0xd5,0xb1,0xe5,0xcf,0x66,0x2b,0x52,0x00,0x00,
    0x05,0x20,0x97,0x20,0xb5,0xe3,0x88,0xb6,0x49,0x52,0x25,0x5c,0x25,0xfb,0x92,0xc0,0xe1,0xe4,0xfd,0xef,0x3b,0xfb,0x65,0x46,0xcc,0x70,0xcf,0xa7,0x3f,0x37,0x87,0xff,0xeb,0x52,0x00,0x00,
    0x05,0x20,0x97,0x7a,0xa8,0x76,0xef,0xb3,0xe2,0xf9,0x44,0x86,0x98,0x4e,0xc6,0xf5,0x0b,0x99,0xb5,0x82,0x9a,0x95,0x72,0x08,0x8f,0xc6,0x2d,0xf7,0xe1,0xa5,0xf2,0x8d,0x8d,0x0b,0x00,0x00,
    0x05,0x20,0x91,0xab,0x54,0xb4,0x54,0xf1,0x02,0xb7,0x61,0xef,0x71,0x1b,0x42,0xd2,0xaf,0xd2,0x09,0x37,0x6d,0x24,0xfb,0x0c,0xbd,0x8f,0x4a,0x50,0x88,0xba,0x00,0xe0,0x26,0x98,0x00,0x00,
    0x05,0x20,0x92,0x38,0xce,0xa7,0x04,0x1e,0x03,0xd5,0xb7,0xb6,0x4f,0xb8,0xca,0x8f,0xb8,0x03,0x3c,0xf6,0x80,0x31,0x57,0xe1,0xab,0x38,0xac,0x62,0xed,0x83,0xe1,0xbb,0x66,0x81,0x00,0x00,
    0x05,0x20,0x92,0xda,0x83,0xd8,0x30,0x0b,0xa4,0x9c,0xc9,0x05,0x4e,0xdb,0xcc,0x1a,0x84,0xc0,0xb0,0x25,0x87,0xe2,0x90,0x3f,0x10,0xaa,0xb7,0x7c,0xfc,0x69,0x13,0x35,0x10,0x45,0x00,0x00,
    0x05,0x20,0x93,0x18,0x04,0x3e,0xcf,0xce,0x6a,0x78,0x5c,0xcf,0xca,0x58,0x41,0xa0,0x47,0xcb,0x8f,0xb9,0x31,0x3b,0xfb,0xc1,0xca,0x39,0xf7,0x7d,0xba,0xc9,0x2c,0x37,0xa6,0xdf,0x00,0x00,
    0x05,0x20,0x93,0x53,0xa4,0x87,0x7a,0x86,0x51,0xeb,0x43,0x13,0xd3,0x94,0x33,0xfe,0x09,0xb0,0x49,0x21,0x0d,0x11,0xbf,0x9b,0xf3,0xef,0x92,0x81,0x85,0x35,0xa9,0x70,0xe4,0x11,0x00,0x00,
    0x05,0x20,0x93,0x81,0x73,0x4c,0x02,0x30,0x3d,0xd8,0xce,0x00,0x03,0x2a,0xcf,0x74,0xd0,0xd4,0xbf,0x8d,0x90,0xbd,0x0c,0xc5,0x75,0xd9,0x42,0xa0,0x19,0x3f,0xff,0x97,0x64,0xd6,0x00,0x00,
    0x05,0x20,0x93,0x99,0x49,0x39,0x2b,0x02,0x7f,0x4b,0x2d,0x3a,0xea,0xbb,0x5f,0x64,0xf4,0xf6,0x71,0xf5,0x81,0xae,0x7c,0xd6,0x34,0x73,0xd4,0x9a,0x84,0xd5,0x13,0x60,0xd5,0x21,0x00,0x00,
    0x05,0x20,0x93,0xd3,0xec,0xa4,0x9f,0xc2,0xfb,0x71,0x1b,0x60,0x43,0xb7,0x89,0xa1,0x61,0x9b,0x87,0x8e,0x4e,0x81,0xba,0x77,0x0d,0x45,0x02,0x89,0x6c,0x78,0x8e,0xd5,0x9f,0x98,0x00,0x00,
    0x05,0x20,0x93,0xeb,0x8e,0xa2,0x11,0x62,0x21,0x38,0x1c,0x1b,0xf2,0xc7,0x71,0x40,0xdc,0x3e,0xde,0xbf,0xc4,0xaa,0x93,0xf5,0x87,0x96,0x04,0x32,0x96,0x32,0xa9,0x69,0x1c,0x71,0x00,0x00,
    0x05,0x20,0x94,0x32,0x91,0x1a,0x57,0x6c,0xf9,0x7a,0xfb,0xf8,0xc3,0x47,0x3e,0xbe,0xd0,0x41,0x53,0xae,0x21,0x7b,0xee,0x5c,0x19,0x93,0x4c,0x06,0x44,0x46,0xf5,0x6d,0xe9,0x4a,0x00,0x00,
    0x05,0x20,0x94,0x40,0xc4,0xba,0x36,0x88,0x0c,0xaf,0x19,0x39,0x3b,0xb3,0x3f,0xd3,0xd3,0x5e,0xb1,0x56,0x2f,0x4b,0xf9,0x1f,0xa8,0xf5,0xb0,0x50,0x4e,0x51,0xfa,0xea,0x16,0xbf,0x00,0x00,
    0x05,0x20,0x95,0xb7,0x67,0x8a,0xc3,0x17,0x24,0x80,0x69,0x3e,0x44,0x5f,0x5a,0xb8,0x3b,0x17,0x59,0x5a,0xd9,0x49,0xe7,0x6c,0x1f,0xfe,0x74,0xca,0xab,0x34,0x8a,0xc9,0x6d,0xc5,0x00,0x00,
    0x05,0x20,0x96,0x7f,0x06,0xa8,0xda,0xe3,0xbc,0x65,0xfd,0x97,0x64,0xb9,0xdf,0x2f,0xb7,0xf1,0x1b,0x8e,0x74,0xde,0x46,0x9f,0x76,0x54,0x23,0x55,0xa2,0xdf,0x40,0xf4,0x36,0x2f,0x00,0x00,
    0x05,0x20,0x9e,0xcd,0xe3,0xf6,0x32,0xa0,0x77,0xc1,0xa2,0xdb,0x8b,0xc2,0x86,0xfb,0x1f,0x9a,0xbb,0x41,0xbc,0x6c,0xd1,0xbb,0x33,0x3a,0xa9,0x05,0x9a,0x95,0xba,0x30,0x44,0x13,0x00,0x00,
    0x05,0x20,0x9f,0x37,0x08,0x66,0x97,0xfa,0x15,0xf5,0x29,0x1a,0x8d,0xe6,0x85,0xac,0x46,0x0d,0xe3,0x96,0xd0,0xe9,0x00,0xbf,0x69,0xc0,0xfd,0xd4,0xa0,0xea,0xab,0xa0,0xc6,0xef,0x00,0x00,
    0x05,0x20,0x9f,0xbe,0x8d,0xe2,0xc2,0x3b,0x51,0x68,0x0a,0xca,0x0a,0x01,0x89,0x36,0xf0,0x5b,0xf6,0xab,0x70,0x91,0x5e,0x2f,0x8e,0x2a,0x02,0x6a,0x3f,0xe4,0xc6,0xd3,0x1c,0x04,0x00,0x00,
    0x05,0x20,0x9f,0xad,0xaf,0xea,0xf9,0x5e,0xa0,0x3e,0x01,0x4e,0x1d,0x9f,0xbd,0x68,0xfa,0xb5,0x5d,0xa1,0x37,0xaf,0xa1,0x7a,0xe0,0xda,0x6e,0x20,0x6c,0x28,0x10,0x9b,0xb7,0xa0,0x00,0x00,
    0x05,0x20,0x98,0x05,0xc4,0x6c,0x1e,0x72,0xea,0xac,0x68,0xc5,0x6e,0xfa,0x57,0x0c,0xea,0x4b,0x78,0x5f,0x3b,0xd9,0x08,0x27,0xff,0x76,0x19,0x67,0x26,0x9e,0x09,0xef,0xb6,0x29,0x00,0x00,
    0x05,0x20,0x98,0x0c,0xad,0x5a,0xa9,0x3a,0x64,0x4e,0x85,0xf7,0x5e,0x8f,0x41,0xc8,0x92,0x47,0x0a,0x8a,0x02,0x79,0x34,0x7d,0x1f,0xcb,0x4a,0x99,0x11,0xeb,0x96,0x0e,0xdc,0x28,0x00,0x00,
    0x05,0x20,0x98,0xfc,0x41,0x3a,0x3f,0x83,0xce,0x68,0xd3,0xbe,0xbc,0xf5,0x81,0xa0,0xfe,0x57,0xa6,0x04,0xee,0x75,0x7f,0xff,0x93,0xa1,0x8e,0x4f,0x35,0x3d,0xad,0xdd,0xa7,0xda,0x00,0x00,
    0x05,0x20,0x99,0x76,0x48,0x60,0xab,0xc5,0x31,0xd7,0x53,0xe6,0x16,0xba,0x52,0xb6,0x1d,0xe2,0x61,0x5a,0xbb,0xa8,0x49,0xe9,0xc7,0x93,0x5d,0x98,0x83,0x6c,0xaf,0x76,0xbd,0x2b,0x00,0x00,
    0x05,0x20,0x99,0x79,0x37,0x64,0xfd,0xa3,0x64,0x6c,0x65,0xe3,0x93,0x22,0x31,0x3c,0x26,0x22,0xad,0xa0,0x1a,0x9f,0x9b,0xfa,0x9a,0xe0,0x4b,0xc8,0xa5,0xd5,0x26,0x83,0xb5,0x9e,0x00,0x00,
    0x05,0x20,0x99,0xa3,0x09,0xc5,0x1f,0x2f,0x36,0x85,0x50,0x8d,0xa3,0x4c,0xae,0xf0,0x1f,0x45,0xa6,0x5e,0x4c,0x34,0x89,0x6b,0x0d,0x4b,0x1c,0xc2,0xa0,0xa0,0x24,0x78,0x56,0x67,0x00,0x00,
    0x05,0x20,0x9a,0x14,0xc2,0x13,0x78,0x26,0xd5,0x48,0x48,0xc8,0xd6,0x76,0x71,0x55,0x65,0x7f,0xc2,0x82,0x4b,0xe4,0x13,0xb3,0x5a,0xa8,0x54,0x28,0x91,0x67,0xfc,0xac,0x0d,0xd2,0x00,0x00,
    0x05,0x20,0x9a,0x1e,0x13,0xdc,0x0b,0x74,0x28,0x27,0xb2,0xd0,0xd3,0x2e,0x06,0x9f,0xfa,0x77,0x49,0x2b,0x67,0x46,0x54,0xe8,0xe8,0xf5,0x1f,0x90,0x49,0xa1,0xba,0xee,0x11,0xeb,0x00,0x00,
    0x05,0x20,0x9a,0x60,0x22,0x85,0xe3,0x08,0x79,0x62,0xd3,0x62,0x39,0x33,0x38,0x9e,0xb4,0xf7,0x0d,0x2f,0xfe,0x83,0x0c,0x4d,0x55,0x37,0x70,0x6b,0x8a,0xaf,0xa1,0x7e,0x05,0x2c,0x00,0x00,
    0x05,0x20,0x9a,0xbc,0x32,0xb7,0x4c,0x56,0x97,0x64,0x74,0xf8,0x22,0x38,0xb7,0x92,0x58,0xbd,0x21,0xe9,0x66,0xc0,0xb9,0x97,0x7e,0xdd,0x67,0xa3,0x2f,0x11,0x11,0xce,0x43,0x47,0x00,0x00,
    0x05,0x20,0x9a,0xa8,0x04,0x98,0x8f,0x3b,0x78,0x7d,0x02,0xec,0xbb,0x67,0xdb,0x28,0xb8,0x70,0xf8,0xac,0x0f,0x85,0x55,0x06,0x76,0xc9,0xe6,0x38,0x97,0x9b,0x1e,0xa6,0xd0,0x48,0x00,0x00,
    0x05,0x20,0x9a,0xd7,0x36,0x7a,0x65,0xdf,0x70,0xc8,0x39,0x08,0xa7,0x0d,0x92,0x98,0xe4,0xd2,0x61,0x83,0xea,0xd3,0x84,0xf5,0xdf,0x24,0x99,0x55,0x91,0xf8,0x4d,0xf5,0x37,0x7a,0x00,0x00,
    0x05,0x20,0x9b,0x3d,0xff,0xc9,0x04,0x41,0x21,0xd5,0x11,0xf2,0x4c,0x4c,0xa2,0x9a,0xef,0x49,0xce,0x4f,0x5b,0xa1,0x79,0x57,0x14,0xab,0xb3,0x6b,0x69,0xa9,0x34,0x81,0x51,0x65,0x00,0x00,
    0x05,0x20,0x9b,0x49,0xc3,0xb6,0x9d,0x36,0x27,0xa9,0x4d,0xfa,0xe0,0x11,0x6b,0x4e,0x99,0x01,0xfb,0x08,0xdb,0x4e,0x91,0x6e,0xde,0xff,0xc7,0xaa,0x93,0x3a,0xae,0x5b,0xd4,0x83,0x00,0x00,
    0x05,0x20,0x9b,0x4f,0x76,0xa2,0x9c,0x6b,0xb2,0x72,0xc9,0x2a,0x90,0x39,0x4a,0x9b,0xf6,0xed,0x5d,0x58,0xf5,0x3d,0xcd,0x95,0x4e,0xfb,0xba,0x26,0x10,0xe7,0x35,0x13,0xf8,0x88,0x00,0x00,
    0x05,0x20,0x9b,0xba,0xd7,0xb8,0x6b,0x6e,0x7b,0x4c,0x5b,0xab,0x89,0x7d,0xfe,0x5b,0x4b,0x4a,0x87,0x60,0x44,0x4f,0x61,0xd4,0x0e,0x0a,0x81,0x83,0x7e,0xb6,0x95,0x6c,0x2b,0x50,0x00,0x00,
    0x05,0x20,0x9b,0xf1,0x2f,0x96,0xdf,0xd8,0x58,0x65,0xb5,0x33,0x44,0xee,0x40,0xbe,0x26,0xbc,0xce,0x6f,0x12,0xdc,0x33,0x4e,0xfe,0xf2,0x82,0xd6,0xc4,0xd2,0x10,0xbf,0x92,0x35,0x00,0x00,
    0x05,0x20,0x9c,0x65,0x2a,0x94,0xba,0x1b,0xbf,0xb1,0x77,0x68,0x72,0x8b,0x6d,0x75,0x15,0xae,0x22,0x4c,0xbc,0x0c,0x60,0x27,0x6b,0xb6,0xf3,0xa4,0xda,0x15,0xc0,0x97,0x3f,0x2b,0x00,0x00,
    0x05,0x20,0x9c,0x86,0x57,0x38,0xf0,0x49,0xcb,0x90,0xab,0x45,0x7f,0x73,0xf7,0x45,0x44,0x64,0xa9,0xf5,0x2c,0x03,0x9c,0x2f,0x16,0xa0,0xba,0x40,0x25,0xcb,0x9a,0x70,0xed,0xba,0x00,0x00,
    0x05,0x20,0x9c,0xaf,0x66,0x00,0xe4,0x47,0xa3,0x3d,0x56,0xc6,0xc1,0x87,0x5c,0x9f,0xc3,0xc3,0xf6,0x17,0x1f,0x68,0xbb,0xed,0x0f,0x2f,0xb8,0xb7,0x36,0x48,0x76,0x45,0x36,0x35,0x00,0x00,
    0x05,0x20,0x9d,0x4c,0x80,0x37,0x96,0x65,0x10,0xad,0x2e,0x86,0x5e,0x14,0x39,0xe0,0x47,0x4e,0x1d,0x2a,0x6f,0x54,0x43,0x3c,0x11,0x5d,0xe0,0xf8,0x32,0x5a,0xe1,0xa8,0x68,0x61,0x00,0x00,
    0x05,0x20,0x9d,0x58,0x57,0xdf,0xc3,0x99,0xf3,0x9b,0xf9,0xb7,0x52,0x78,0x75,0xe3,0x75,0x48,0x54,0x2a,0x61,0x04,0x29,0xdc,0x0d,0x99,0xef,0x69,0x34,0x95,0x74,0x32,0xc8,0xdb,0x00,0x00,
    0x05,0x20,0x9d,0xa5,0xce,0x11,0x72,0x67,0x54,0x77,0xcb,0x9b,0x6b,0x20,0x59,0xb4,0x69,0x0d,0x7c,0x5b,0x7d,0x23,0x4b,0x9d,0x63,0x3f,0xad,0x69,0x75,0x73,0xc2,0x17,0x3c,0x0a,0x00,0x00,
    0x05,0x20,0x9d,0xc5,0xf5,0x43,0x07,0x8f,0x66,0x9b,0x0d,0x1a,0xba,0x84,0xbf,0x8c,0xbe,0xf8,0x47,0x28,0x0c,0xe6,0x7f,0x84,0x14,0xae,0x2a,0xa6,0x33,0x03,0x32,0x1a,0x5e,0x86,0x00,0x00,
    0x05,0x20,0xa6,0xa9,0x84,0xcf,0x6c,0xf6,0xb0,0xf9,0xbf,0x4c,0xcf,0x27,0xe1,0xf0,0x7b,0x2c,0x60,0x11,0x4d,0xed,0x6b,0xb5,0x65,0x0d,0x9a,0x75,0xf3,0x9f,0x70,0x32,0x76,0x0c,0x00,0x00,
    0x05,0x20,0xa7,0x3d,0x6a,0xbb,0xfe,0x7a,0xef,0xd5,0xfb,0x20,0x0e,0xde,0x5a,0x01,0x98,0x95,0x54,0x52,0xe9,0x70,0x4c,0x1f,0xc7,0x13,0x42,0x84,0x36,0x74,0x69,0x8f,0x85,0x14,0x00,0x00,
    0x05,0x20,0xa0,0x1b,0xa5,0xbe,0xb6,0x9f,0x12,0x7b,0x81,0xfd,0x16,0x45,0xc9,0x23,0x05,0x9d,0xce,0x59,0x5f,0x5e,0x22,0x6a,0x89,0x4f,0x98,0x3d,0xcd,0x80,0x2f,0x61,0x7e,0xaf,0x00,0x00,
    0x05,0x20,0xa1,0x25,0xa8,0x14,0x50,0x02,0x3f,0x33,0xcc,0x15,0x74,0x14,0xe9,0x87,0x6a,0x4d,0xed,0xe6,0xcc,0xe2,0x4a,0x3f,0xed,0xd2,0x02,0x2c,0x52,0xc0,0xbf,0xe0,0xc3,0x5c,0x00,0x00,
    0x05,0x20,0xa2,0x56,0x67,0x06,0xd8,0x7e,0xe4,0xfb,0x20,0x2d,0xbf,0xed,0x46,0x73,0xa0,0x60,0x93,0xf1,0x31,0xb5,0x3c,0x2c,0xce,0x47,0xc3,0xec,0x98,0x00,0x6d,0x92,0xeb,0x19,0x00,0x00,
    0x05,0x20,0xa2,0xbf,0x2b,0x25,0xaf,0x28,0x51,0xcf,0xc3,0x0a,0x55,0xaf,0x59,0x63,0xa3,0xba,0xe1,0xd6,0x42,0x2f,0x55,0x61,0xee,0x57,0x42,0x3f,0x57,0x38,0x1f,0xc8,0x4b,0xa4,0x00,0x00,
    0x05,0x20,0xa2,0xd4,0x99,0xd3,0xa0,0xcf,0x91,0x0f,0xec,0xf1,0x4b,0x13,0xa8,0x04,0x52,0xe7,0x12,0x7a,0xbf,0xbe,0x11,0x3a,0x79,0x48,0x77,0xa8,0x3c,0x06,0x94,0xa0,0xe9,0x46,0x00,0x00,
    0x05,0x20,0xa3,0x44,0x05,0xc8,0x6e,0xc3,0xed,0x85,0xe6,0x86,0xa3,0x52,0x0f,0x7b,0xf2,0x1e,0x1a,0x12,0xf7,0xc5,0xf3,0x00,0xa3,0x25,0x58,0x36,0x00,0xda,0x29,0x61,0xfa,0xc6,0x00,0x00,
    0x05,0x20,0xa3,0xa8,0x0a,0x2c,0xf2,0x2e,0xcb,0xb0,0x6f,0x9c,0xa7,0x3e,0x06,0xf6,0xf0,0x52,0x48,0x34,0x50,0xcb,0x66,0x13,0xd4,0x86,0x62,0x56,0x32,0xa9,0x86,0x44,0xb7,0x59,0x00,0x00,
    0x05,0x20,0xa3,0xc5,0x61,0x3c,0xf4,0x7e,0xc8,0xe4,0x43,0x8e,0x80,0x90,0xd3,0x76,0x2f,0x5a,0x84,0xbf,0x71,0x64,0x33,0x6b,0xed,0xc6,0xf7,0x8e,0xab,0xaf,0x02,0x7e,0x46,0xcf,0x00,0x00,
    0x05,0x20,0xa4,0x44,0x78,0x99,0xb1,0xe5,0x92,0x77,0x2d,0xab,0xc0,0x4d,0x09,0x32,0xc9,0x37,0x7b,0x1c,0xbf,0xbf,0xc7,0xc8,0x5a,0xc0,0x57,0x29,0xa5,0x61,0x37,0x77,0x6b,0xc4,0x00,0x00,
    0x05,0x20,0xa4,0x69,0xd2,0xab,0x43,0x0e,0xc6,0xae,0xea,0x83,0x48,0xd1,0xff,0xbd,0x31,0x8a,0xf5,0xf4,0x6a,0xc7,0x74,0x6a,0x2c,0x5d,0xb6,0x06,0x3e,0x16,0x19,0xe9,0xeb,0x59,0x00,0x00,
    0x05,0x20,0xa4,0xf5,0xaf,0x53,0x1b,0x4a,0xc8,0xe5,0x8e,0xc7,0x4c,0x6b,0x17,0x61,0x3b,0x45,0xed,0x80,0x3f,0xc7,0xfc,0x3e,0xde,0x95,0xcd,0x3c,0xdc,0x8d,0x07,0xcc,0x2d,0x41,0x00,0x00,
    0x05,0x20,0xa4,0xfc,0xee,0x59,0x9d,0x9e,0x9a,0x7d,0x8a,0x30,0x01,0xf2,0xd0,0xf3,0xb6,0x1a,0x47,0x17,0x09,0x76,0x0c,0xec,0xc6,0x0a,0x75,0x8e,0x56,0x3b,0x37,0x04,0x68,0xab,0x00,0x00,
    0x05,0x20,0xa5,0x08,0xea,0xfa,0x73,0x58,0x1e,0x9e,0x15,0xb3,0x05,0x0a,0x85,0x47,0xa3,0x1c,0xf2,0x94,0xed,0x07,0xa2,0xa5,0x85,0x1a,0x85,0x5b,0x0d,0x67,0xf1,0x2c,0x86,0xae,0x00,0x00,
    0x05,0x20,0xa5,0x2e,0xbf,0x34,0x44,0x62,0xe1,0x76,0xee,0x79,0x9e,0x52,0xcd,0xce,0xb3,0x14,0x15,0x74,0x31,0x93,0xdd,0xe3,0x28,0x36,0x91,0xf0,0x75,0x0c,0x38,0x65,0xd6,0xc3,0x00,0x00,
    0x05,0x20,0xa5,0xa0,0x85,0x9b,0xb0,0x25,0x9b,0xf7,0x08,0x85,0x39,0xc8,0xfa,0x56,0x24,0x11,0xa5,0x9d,0x4d,0xe8,0x20,0x27,0xb5,0x0a,0x4f,0xfc,0xb1,0x27,0xb4,0x69,0x2d,0x92,0x00,0x00,
    0x05,0x20,0xae,0xa0,0x9f,0xf0,0x70,0x89,0xdc,0x1a,0xe4,0x41,0xad,0xda,0x23,0x7a,0x6a,0x1f,0xc5,0x58,0xfd,0x81,0x60,0xb2,0xca,0x59,0xdc,0x3f,0xb3,0xc3,0xe1,0x59,0x9d,0x60,0x00,0x00,
    0x05,0x20,0xaf,0x7a,0x0c,0xe8,0x7f,0xed,0x33,0xc8,0x18,0x26,0x2f,0xbf,0xcf,0xdf,0x5c,0x89,0x66,0xec,0x53,0x7b,0x7a,0x42,0x49,0x64,0x29,0xdb,0x17,0xef,0xcc,0xd4,0xd3,0x25,0x00,0x00,
    0x05,0x20,0xaf,0xaf,0x5c,0xb6,0xcf,0x63,0xd6,0xa8,0x69,0xed,0x17,0x3f,0x5d,0x2b,0xb4,0x2d,0x8c,0xc5,0xae,0xdd,0x6c,0x51,0x9d,0xdc,0xe7,0x0b,0x24,0x0c,0x6b,0x40,0x20,0x2a,0x00,0x00,
    0x05,0x20,0xaa,0x05,0x70,0x87,0x93,0x97,0x92,0xc8,0x27,0xba,0x39,0xef,0xbd,0x32,0xed,0xb3,0xe9,0x1e,0x89,0xd5,0xcd,0xdd,0x30,0x23,0x1e,0xc9,0xc0,0x06,0xc9,0x63,0x5b,0x87,0x00,0x00,
    0x05,0x20,0xac,0x77,0x3c,0xca,0x02,0x39,0x07,0x72,0x12,0x3f,0x9f,0x53,0x78,0x10,0x7c,0xb2,0x32,0x3f,0x55,0xf7,0x7b,0xdd,0xcd,0xbf,0xac,0x97,0x3a,0xbb,0x86,0xe8,0x4b,0xf8,0x00,0x00,
    0x05,0x20,0xac,0xae,0x8e,0xe6,0x0c,0xd0,0x34,0xb1,0x4a,0xbd,0xd2,0xa2,0xfa,0x4f,0x37,0x37,0xba,0x02,0xfb,0xdd,0x23,0xb1,0x6d,0x5c,0xdc,0x04,0xa9,0xd2,0xee,0xb0,0x5b,0x3f,0x00,0x00,
    0x05,0x20,0xac,0xc6,0x0a,0x23,0xac,0x02,0xc4,0x59,0x82,0xdf,0xe4,0xd8,0xcb,0x6f,0x3c,0x07,0xcf,0xa1,0xa3,0xda,0xbd,0xc6,0xb4,0x46,0x1e,0xde,0xf7,0x43,0x9b,0x09,0xab,0xff,0x00,0x00,
    0x05,0x20,0xad,0x13,0x66,0xa9,0xf3,0xda,0x89,0x82,0x7b,0xce,0x02,0xbc,0x47,0xac,0x72,0xcd,0x27,0xfe,0xdd,0xbc,0x05,0x4a,0x43,0xc0,0xc1,0xf4,0xb5,0xf0,0xe6,0x89,0x83,0x94,0x00,0x00,
    0x05,0x20,0xad,0x20,0xaf,0xf9,0x35,0xb9,0x55,0xde,0x85,0x4e,0xac,0x04,0xc6,0x2a,0xb8,0x13,0x1a,0x32,0x13,0xe9,0xdc,0xe9,0x5f,0x93,0x23,0x0e,0xa4,0xb8,0x95,0xe9,0xc5,0x5c,0x00,0x00,
    0x05,0x20,0xae,0x54,0x48,0x86,0x99,0xfc,0x5f,0x64,0x77,0xb5,0xf2,0xdc,0xbd,0xd4,0x94,0x8b,0x4b,0x1c,0xf8,0x47,0xe4,0xaf,0x1e,0x25,0x3e,0xcb,0x71,0xab,0x0c,0x41,0x76,0x9c,0x00,0x00,
    0x05,0x20,0xb6,0xd4,0xa1,0x65,0x19,0x10,0xb1,0x1a,0x2d,0x91,0xac,0x6d,0xcf,0xa6,0x12,0xa6,0x7d,0x66,0x1f,0x83,0xe1,0xa3,0x59,0xf8,0xeb,0x4b,0xc1,0x3f,0x23,0x76,0xca,0xb3,0x00,0x00,
    0x05,0x20,0xb0,0x4a,0x3e,0xcc,0x05,0xe3,0x52,0x72,0x4d,0x7b,0x4c,0xe7,0x09,0x16,0x7d,0xff,0xb3,0x59,0x6d,0x34,0x43,0x3c,0x05,0x41,0xf9,0x48,0xac,0x74,0x22,0x76,0xbe,0x34,0x00,0x00,
    0x05,0x20,0xb1,0x27,0x9a,0x9c,0x25,0x03,0xa3,0x76,0x3f,0xab,0xb4,0x37,0xb2,0xb0,0xde,0x1c,0x88,0xac,0x1d,0x48,0xb1,0xbb,0xa0,0x33,0x55,0xbe,0x09,0x0c,0x3f,0x83,0x0a,0xd9,0x00,0x00,
    0x05,0x20,0xb2,0x6f,0x95,0x68,0x86,0xc5,0xdc,0x3d,0x8c,0x89,0xf8,0x23,0xf4,0xc0,0x36,0xca,0x99,0x4e,0xc3,0x72,0x46,0xe9,0x5d,0x26,0x89,0x98,0x04,0x56,0xae,0x6e,0x88,0xe1,0x00,0x00,
    0x05,0x20,0xb3,0x89,0xef,0xed,0x15,0xcc,0xad,0xe7,0xc2,0x3e,0xdd,0xcb,0x0d,0x10,0x72,0xb9,0x3e,0x76,0x84,0xc3,0xd7,0xf6,0x84,0xc8,0xcf,0x62,0x16,0xe9,0xc9,0x36,0x80,0x3b,0x00,0x00,
    0x05,0x20,0xb4,0x76,0x4b,0x7c,0xc8,0xeb,0xcd,0xc3,0xa6,0x1a,0x70,0x85,0xb4,0x7d,0xa6,0x89,0xf1,0x14,0xdb,0x42,0x3b,0x14,0xcb,0xb8,0x72,0xec,0x4f,0xa7,0xd8,0xe7,0xcf,0x5d,0x00,0x00,
    0x05,0x20,0xb4,0xce,0x08,0xbe,0x9d,0xec,0x0d,0x59,0x8d,0xdc,0xed,0x12,0x10,0x84,0x1a,0x60,0xa3,0x61,0x60,0x18,0x7c,0x11,0xd9,0x73,0x11,0xec,0x51,0xcc,0x7e,0x19,0x45,0x3d,0x00,0x00,
    0x05,0x20,0xb5,0x63,0xd5,0x0c,0x1f,0x24,0xa7,0x05,0x94,0x59,0x84,0x52,0x1a,0x2b,0x4b,0x3c,0x17,0xf7,0x97,0x90,0xaa,0xaa,0x97,0x0e,0x6b,0x67,0xb0,0x32,0xa6,0xfa,0x6c,0xeb,0x00,0x00,
    0x05,0x20,0xb5,0x6c,0xca,0x18,0x4b,0xe4,0x16,0x68,0x0e,0x20,0x1a,0x27,0x3a,0x36,0x25,0xba,0x59,0xe7,0x2e,0xcd,0x5e,0xb1,0x9b,0xe9,0x83,0x2a,0x20,0x6b,0xc7,0x78,0xff,0xff,0x00,0x00,
    0x05,0x20,0xb6,0x79,0xb5,0xdc,0x4e,0xd4,0x19,0x8a,0x98,0x3a,0x32,0x1b,0x89,0x8b,0xf3,0x5e,0x11,0x43,0x79,0xfc,0x10,0x63,0xcb,0x8b,0x34,0x20,0x65,0x40,0x24,0x81,0x7a,0x95,0x00,0x00,
    0x05,0x20,0xbf,0x21,0x6d,0x4e,0x08,0xb2,0xf7,0x97,0xa0,0xc5,0x12,0x74,0x42,0x8f,0x4b,0x2f,0x5b,0xee,0x11,0x08,0x21,0x0e,0xae,0x1d,0x5e,0x04,0xd1,0x45,0x26,0x5a,0x32,0x95,0x00,0x00,
    0x05,0x20,0xbf,0xe0,0xd9,0xca,0x08,0x58,0xf5,0x21,0x30,0x41,0x4b,0x59,0x47,0x14,0x47,0x14,0xfb,0x9a,0x84,0xe9,0x23,0x0d,0x58,0xfa,0x93,0xd9,0xea,0x38,0xb6,0x42,0x92,0xb5,0x00,0x00,
    0x05,0x20,0xb8,0x3b,0x80,0x6e,0x2b,0x21,0xc3,0xa7,0xfa,0xf1,0x6b,0x47,0xac,0xc4,0xb0,0x70,0xda,0xca,0xaf,0x4c,0x60,0x36,0xdf,0x94,0x25,0xb6,0x2e,0x32,0xdf,0x4e,0x00,0xf5,0x00,0x00,
    0x05,0x20,0xb8,0x25,0x9d,0x78,0x00,0xb0,0x53,0x25,0xc3,0x5b,0x6b,0x99,0x2d,0x88,0x7b,0xee,0xcc,0x43,0xe4,0xf5,0xe1,0xf3,0x33,0xfd,0xb6,0xec,0xdf,0xd1,0x00,0xa0,0x39,0x03,0x00,0x00,
    0x05,0x20,0xb8,0xbd,0xc2,0x69,0xda,0x0b,0xbf,0x06,0x14,0x58,0x18,0xbe,0x43,0xe3,0x81,0xae,0x72,0xa7,0x69,0x05,0xe3,0x07,0x5a,0xfe,0xdc,0x8a,0xe1,0x07,0xc5,0xe3,0x5b,0xeb,0x00,0x00,
    0x05,0x20,0xb8,0xab,0xbc,0x05,0xc6,0x6e,0x55,0xeb,0x66,0xf6,0x5c,0x5f,0x1d,0x1b,0x7b,0xf4,0x1a,0x5a,0x9f,0x6f,0x9b,0xd1,0xce,0x1c,0x55,0x22,0x43,0xf1,0x25,0xc5,0x66,0xe5,0x00,0x00,
    0x05,0x20,0xb9,0x7d,0xfc,0x45,0x3c,0x2a,0xad,0x80,0x3d,0x9b,0x5f,0xc3,0x0d,0x83,0x9e,0xf7,0xb0,0x18,0x7b,0xfc,0x71,0x66,0xd1,0x5a,0x3d,0x85,0x52,0xd7,0x68,0x9e,0x54,0x42,0x00,0x00,
    0x05,0x20,0xb9,0xce,0xcf,0xf4,0xc9,0x36,0xaa,0x1a,0x36,0xbe,0xdd,0x9c,0x1c,0x09,0x68,0x4e,0x56,0x5e,0x02,0xfd,0x8a,0xbe,0xa9,0xd7,0xae,0xd4,0x8e,0x42,0xa5,0x45,0xc5,0xaa,0x00,0x00,
    0x05,0x20,0xb9,0xee,0xe6,0xe0,0x20,0x32,0xe3,0x1d,0xb9,0x97,0xe0,0xf6,0xfd,0xdb,0xfd,0x6d,0xe2,0x5b,0x74,0x6f,0x8b,0xb3,0x13,0x5a,0xc8,0x8a,0x91,0xc2,0x88,0x53,0xb5,0x59,0x00,0x00,
    0x05,0x20,0xbb,0x7c,0x33,0xb0,0x2c,0x8c,0x32,0x3d,0x75,0x9d,0xfd,0x34,0x4f,0x8e,0xfd,0x21,0xf8,0x1a,0x52,0xa3,0xbe,0x75,0x72,0x5f,0xfa,0x27,0x3b,0x83,0x10,0xd6,0x38,0x0a,0x00,0x00,
    0x05,0x20,0xbb,0x8a,0x02,0x1e,0x26,0xdb,0xe6,0x9c,0x0c,0xc6,0x5e,0x32,0xab,0x6f,0xc2,0xba,0x3c,0x23,0x38,0xca,0x1c,0xff,0x81,0x71,0x6c,0x0b,0x4d,0xea,0xbd,0xae,0x21,0xaf,0x00,0x00,
    0x05,0x20,0xbc,0x21,0x5a,0x76,0x42,0xb4,0xef,0x03,0x5a,0x9e,0xb7,0xf3,0x64,0x9c,0xaa,0x33,0xb8,0xa3,0x1f,0xaf,0xe4,0x76,0x4c,0xce,0x99,0x8d,0x67,0x25,0x64,0xc7,0xaf,0xec,0x00,0x00,
    0x05,0x20,0xbc,0x5a,0xcd,0xb9,0x19,0x32,0x6e,0x50,0x08,0xf1,0x42,0xc5,0x06,0x45,0xea,0x01,0xb0,0x2c,0xe2,0x8b,0x60,0x1d,0x96,0x54,0x89,0x0b,0x55,0x96,0xbf,0x23,0xa5,0x37,0x00,0x00,
    0x05,0x20,0xbd,0x14,0x88,0x42,0x9a,0xf9,0xf2,0xe5,0x37,0xd1,0x5e,0xfc,0x91,0xbd,0xe9,0xec,0xa9,0x2f,0x21,0x7a,0x43,0x71,0x11,0x0f,0x37,0x3c,0x8d,0x51,0xb1,0x08,0xe7,0xe6,0x00,0x00,
    0x05,0x20,0xbd,0x4d,0x67,0xdc,0xf1,0xb9,0x0a,0x66,0xfb,0x0f,0xea,0x00,0xd0,0x49,0x06,0xa5,0xcc,0x5d,0xae,0x6a,0x12,0xc8,0x89,0x87,0x51,0x8a,0x25,0x8a,0xfe,0xcb,0x2f,0xfc,0x00,0x00,
    0x05,0x20,0xbd,0x5d,0x73,0xa1,0x83,0xce,0xd9,0x13,0x38,0x34,0x6c,0x10,0xb6,0x4a,0xcb,0x2a,0xcc,0x6e,0xcf,0x74,0xc7,0x0e,0x26,0x54,0x72,0xe5,0x9c,0x2d,0xa4,0xd9,0x8c,0x22,0x00,0x00,
    0x05,0x20,0xbe,0x1e,0x1c,0x60,0x9f,0xd0,0xb9,0xd9,0x98,0x2b,0x41,0x17,0x2a,0x9d,0x68,0xcf,0x21,0x4f,0x7b,0xf3,0x85,0x55,0x9f,0xef,0x9c,0x0f,0x9c,0x37,0x36,0xd7,0xff,0x6d,0x00,0x00,
    0x05,0x20,0xc6,0xd4,0x52,0x39,0xbf,0xe2,0x41,0x19,0x22,0xea,0xd7,0xd9,0x28,0xb3,0x48,0xb0,0xbc,0xfd,0x86,0x90,0x40,0xb1,0xb5,0xd4,0x81,0x2d,0x74,0x95,0xe9,0xe2,0xb1,0xd9,0x00,0x00,
    0x05,0x20,0xc7,0xab,0xe2,0xe6,0x41,0xd8,0x3a,0x9d,0x02,0x9d,0x71,0xf0,0x35,0x27,0x10,0x1e,0xc3,0x4f,0x46,0x2e,0xfd,0xea,0x6f,0xa3,0x4f,0xb6,0xa5,0xc8,0x6d,0xd3,0x90,0x31,0x00,0x00,
    0x05,0x20,0xc7,0xe8,0xae,0xbf,0x39,0xd5,0xd6,0x0a,0x02,0xb5,0x68,0x40,0x14,0x03,0x07,0x16,0xf1,0xca,0xd2,0x63,0x9a,0x6f,0x46,0x69,0xaa,0x52,0x4c,0x7b,0x90,0x44,0x8b,0x3f,0x00,0x00,
    0x05,0x20,0xc0,0x17,0xba,0x5a,0x6c,0x40,0x45,0x89,0x0a,0x6e,0xdf,0xd2,0xca,0x00,0xb2,0x63,0x6e,0x4a,0xa0,0x7d,0x47,0x06,0x45,0xae,0xcd,0xb0,0x49,0xb7,0x62,0x64,0x37,0xa1,0x00,0x00,
    0x05,0x20,0xc0,0x92,0x77,0x7f,0x14,0xb4,0xeb,0x63,0x59,0x8c,0x1f,0x5e,0x4a,0x01,0x42,0xdd,0x58,0xf8,0xf1,0x08,0x2f,0x84,0x80,0x82,0xf2,0xff,0x68,0xf1,0x19,0x4b,0x67,0x01,0x00,0x00,
    0x05,0x20,0xc0,0xae,0xf6,0xf1,0xb2,0x13,0xf8,0x1e,0xba,0xf1,0x9c,0xdd,0x77,0xd4,0x0b,0x92,0x00,0xc2,0x6e,0x8e,0x42,0x48,0x2b,0xa1,0x2e,0x64,0xfb,0xa8,0x9c,0x44,0x53,0xe2,0x00,0x00,
    0x05,0x20,0xc1,0x36,0x9b,0x05,0x44,0x45,0xb6,0x57,0xe7,0x00,0x17,0xe8,0xbc,0x85,0x0d,0xe4,0x90,0x7d,0x7a,0xf2,0xf5,0xd4,0x6b,0xc2,0xd5,0xe1,0x47,0xbe,0xa9,0x57,0x93,0xf7,0x00,0x00,
    0x05,0x20,0xc1,0x68,0xd9,0x62,0x4b,0x2b,0xdb,0x5f,0x7d,0x40,0x0c,0x35,0xa9,0x45,0x81,0xf8,0xfd,0xb1,0xd0,0xbf,0x0d,0x63,0x3d,0x6e,0x09,0xcb,0xe0,0xc9,0x81,0x9f,0x42,0xf0,0x00,0x00,
    0x05,0x20,0xc1,0xe2,0x0f,0xcb,0x98,0x58,0xe9,0x7e,0x14,0x6a,0x40,0xad,0x84,0x26,0xa4,0x67,0xe8,0x75,0xc6,0x03,0x6a,0x75,0x01,0x51,0x5b,0xfd,0x4d,0x65,0xfe,0x1e,0x6b,0x3c,0x00,0x00,
    0x05,0x20,0xc2,0x48,0xa6,0x18,0x57,0xe7,0x4b,0xd9,0xe9,0xc8,0x94,0x60,0xf9,0xcc,0x27,0xfe,0xaf,0xd2,0x39,0x5d,0x1f,0x99,0xa9,0x33,0x81,0x55,0x41,0xcb,0xea,0x12,0x09,0x3b,0x00,0x00,
    0x05,0x20,0xc2,0x64,0x35,0xdd,0xb3,0x5f,0x92,0x46,0x04,0xe5,0x9f,0x5a,0xb5,0xdf,0xff,0x8b,0x48,0xf1,0x83,0xc8,0x2a,0x78,0x1e,0x81,0x5f,0x1e,0x1f,0x5c,0x23,0x59,0xb4,0x1e,0x00,0x00,
    0x05,0x20,0xc2,0xb5,0x11,0x73,0x53,0x98,0xe2,0x8e,0x47,0x4e,0x79,0x5c,0x31,0xf4,0x0b,0xf2,0x24,0xd8,0xa9,0xa6,0xb5,0xf4,0x04,0xa4,0x22,0xa5,0x0b,0x97,0x3f,0xc5,0x75,0xd4,0x00,0x00,
    0x05,0x20,0xc2,0x83,0x5f,0x39,0x7e,0x16,0x2e,0xc7,0x7e,0x3d,0xf8,0xff,0xda,0x5a,0x45,0xfd,0xd8,0x75,0xd5,0x7b,0xe3,0x79,0x3e,0x39,0xd8,0x93,0x58,0xe2,0x53,0xc9,0xda,0x1c,0x00,0x00,
    0x05,0x20,0xc3,0x79,0xd0,0xb4,0xb0,0x37,0x03,0x53,0x26,0x8e,0x60,0xdc,0x13,0xb8,0x7b,0x3b,0x0e,0x0a,0xde,0x15,0xad,0xb3,0x43,0x75,0xf6,0xba,0xf2,0x5a,0x62,0x70,0xb3,0x33,0x00,0x00,
    0x05,0x20,0xc4,0x88,0xd3,0xb2,0xb9,0xda,0x5d,0xdf,0x1f,0xbf,0xce,0x73,0x58,0xf3,0xb8,0xdc,0xfb,0xf8,0xd6,0x7f,0xaa,0x37,0xf7,0xe9,0x43,0x46,0x7c,0x57,0x96,0x21,0x65,0x05,0x00,0x00,
    0x05,0x20,0xc8,0x60,0x69,0xc7,0x0a,0xbd,0x46,0x11,0xcf,0x54,0xf0,0x11,0x70,0x8c,0xf3,0x1c,0x05,0x1a,0x93,0x1c,0xff,0x49,0x6a,0xa8,0xdc,0xc7,0x2d,0xe2,0x3c,0xea,0xcd,0xfb,0x00,0x00,
    0x05,0x20,0xc8,0x90,0x7c,0xb3,0xe6,0x39,0xf7,0xf6,0x98,0x67,0xbb,0x57,0x52,0x05,0x7a,0xe0,0xb9,0x8e,0x90,0x7c,0x26,0x1a,0xc1,0xc7,0x70,0x25,0x79,0xfd,0x0e,0x04,0x4f,0xfb,0x00,0x00,
    0x05,0x20,0xc8,0xa2,0x46,0x86,0x2b,0xa2,0x07,0x5d,0xd8,0x39,0x1c,0xab,0x6f,0x26,0xaa,0x3e,0x18,0xff,0xe2,0x28,0x17,0xfd,0x91,0x0f,0x83,0x28,0xc5,0x18,0xe9,0xbc,0x53,0xcc,0x00,0x00,
    0x05,0x20,0xc8,0xfe,0xcc,0xd9,0xe4,0xa4,0x98,0xa7,0x26,0x11,0xa1,0x5d,0xbc,0x7c,0x71,0x83,0x63,0xdb,0x4f,0xcd,0xb0,0x5f,0xef,0xac,0x13,0x95,0xcd,0x5d,0x2d,0xc7,0x08,0x45,0x00,0x00,
    0x05,0x20,0xc8,0xd2,0x21,0x4a,0x8e,0x2b,0xd7,0x8b,0x75,0xf6,0x1c,0x76,0x17,0x44,0xd1,0x06,0xbc,0x3f,0xff,0x11,0x7a,0x68,0xbb,0x5f,0x98,0x5d,0x98,0xcb,0x8e,0x40,0x35,0x26,0x00,0x00,
    0x05,0x20,0xc9,0xf7,0xca,0x27,0x62,0xb6,0x23,0xfc,0xcb,0x54,0x17,0x00,0x4c,0x44,0xe5,0x29,0xa8,0xcb,0x8f,0xb4,0xcb,0xca,0xf0,0xb0,0x34,0xc1,0x27,0x05,0x0f,0x77,0xc7,0x10,0x00,0x00,
    0x05,0x20,0xca,0x32,0xae,0xae,0x78,0x77,0xce,0x70,0x94,0xe7,0xf9,0x3d,0x8b,0xaf,0x58,0x76,0x6c,0xcf,0x00,0xd4,0xbf,0xb6,0x7d,0xdd,0x33,0x79,0xbe,0x27,0x94,0x58,0x67,0x92,0x00,0x00,
    0x05,0x20,0xca,0x45,0xb9,0xb7,0xef,0xe2,0x2f,0x5b,0x55,0xf1,0x4b,0xaf,0xb5,0x39,0x93,0xb4,0xf4,0x06,0x4b,0xac,0xaf,0x52,0xe1,0x49,0x75,0x33,0x42,0xcb,0x08,0xc1,0x4f,0x19,0x00,0x00,
    0x05,0x20,0xcb,0x68,0x88,0xa9,0x9a,0xe9,0x0d,0x71,0x99,0x56,0xf7,0xa9,0x9f,0x62,0x17,0x0a,0x9e,0x1b,0xf6,0x49,0xc3,0xe1,0x58,0x22,0x07,0x77,0x25,0x87,0x91,0x1e,0xa9,0xb7,0x00,0x00,
    0x05,0x20,0xcc,0x3c,0x57,0x65,0x6f,0xf3,0xcd,0xc8,0x4e,0xe5,0xaf,0xf8,0x45,0xd8,0xd0,0x1f,0x23,0x7e,0xcb,0xe0,0xc4,0x1a,0xa1,0x08,0x8d,0x53,0xde,0x09,0xd1,0x80,0x01,0x23,0x00,0x00,
    0x05,0x20,0xcc,0x93,0x9a,0x37,0xdb,0xd5,0xee,0xa8,0xf7,0x63,0x10,0x07,0xe1,0x0b,0x11,0x79,0xe5,0xd2,0x26,0x5b,0xc5,0xb5,0x9c,0xbb,0xb0,0x16,0xd3,0xb2,0x13,0xa2,0xfa,0x8b,0x00,0x00,
    0x05,0x20,0xcd,0x51,0x16,0xf9,0xd7,0x8c,0xae,0x25,0xf6,0x43,0x30,0x1e,0x18,0xe9,0xf7,0xf8,0x27,0x4c,0x11,0x0a,0x4b,0xdf,0xf0,0x99,0x17,0x2b,0x64,0xaa,0x4c,0x19,0x40,0xac,0x00,0x00,
    0x05,0x20,0xcd,0xb7,0xd2,0x6b,0xd9,0x7c,0x7e,0xe5,0x88,0x6c,0x1f,0x1c,0x1c,0x6a,0xaa,0xd6,0x1f,0x90,0xf5,0xa5,0x18,0x46,0xb2,0xf7,0x6d,0xbd,0xea,0x2c,0x20,0xcb,0x13,0x52,0x00,0x00,
    0x05,0x20,0xcd,0xb3,0x23,0x67,0x2e,0x12,0xbb,0xb8,0x5e,0x79,0x91,0x92,0x76,0x02,0xd2,0x75,0x8d,0x2a,0x7b,0xea,0x6e,0xaf,0x14,0x8a,0x7e,0xc5,0x08,0x05,0x48,0x81,0xcd,0x9a,0x00,0x00,
    0x01,0x04,0x03,0x0b,0x4b,0x22,0x20,0x8d,
    0x01,0x04,0x04,0x02,0x33,0xfb,0x20,0x8d,
    0x01,0x04,0x05,0x0b,0x5c,0x8c,0x20,0x8d,
    0x01,0x04,0x05,0x0d,0x68,0x01,0x20,0x8d,
    0x01,0x04,0x05,0x27,0xdd,0xb8,0x20,0x8d,
    0x01,0x04,0x05,0x3d,0x34,0x96,0x20,0x8d,
    0x01,0x04,0x05,0x3d,0x34,0xbd,0x20,0x8d,
    0x01,0x04,0x05,0x4f,0x66,0xce,0x20,0x8d,
    0x01,0x04,0x05,0xb7,0xad,0xc9,0x20,0x8d,
    0x01,0x04,0x05,0xdf,0x47,0x23,0x20,0x8d,
    0x01,0x04,0x0d,0x8c,0x8e,0x38,0x20,0x8d,
    0x01,0x04,0x12,0x9f,0x3b,0x1d,0x20,0x8d,
    0x01,0x04,0x12,0xd2,0x4b,0xe8,0x20,0x8d,
    0x01,0x04,0x14,0x7c,0x49,0xa1,0x20,0x8d,
    0x01,0x04,0x14,0x8d,0xb9,0x57,0x20,0x8d,
    0x01,0x04,0x17,0x58,0x9b,0x3a,0x20,0x8d,
    0x01,0x04,0x17,0x89,0x39,0x64,0x20,0x8d,
    0x01,0x04,0x17,0x97,0x70,0xb7,0x20,0x8d,
    0x01,0x04,0x17,0x9e,0x28,0x1c,0x20,0x8d,
    0x01,0x04,0x17,0xaf,0x00,0xdc,0x20,0x8d,
    0x01,0x04,0x17,0xe9,0x8f,0x1b,0x20,0x8d,
    0x01,0x04,0x18,0x3e,0xad,0xff,0x20,0x8d,
    0x01,0x04,0x18,0x69,0xa1,0x0b,0x20,0x8d,
    0x01,0x04,0x18,0x76,0x6e,0x43,0x20,0x8d,
    0x01,0x04,0x18,0x7e,0xaf,0x08,0x20,0x8d,
    0x01,0x04,0x18,0x80,0xd3,0x63,0x20,0x8d,
    0x01,0x04,0x18,0x81,0x57,0x21,0x20,0x8d,
    0x01,0x04,0x18,0x81,0x82,0xa2,0x20,0x8d,
    0x01,0x04,0x18,0xda,0xce,0x66,0x20,0x8d,
    0x01,0x04,0x18,0xf1,0x66,0x1a,0x20,0x8d,
    0x01,0x04,0x1f,0x07,0x3b,0xc3,0x20,0x8d,
    0x01,0x04,0x1f,0x29,0x17,0xf9,0x20,0x8d,
    0x01,0x04,0x1f,0x2f,0xca,0x70,0x20,0x8d,
    0x01,0x04,0x20,0xd9,0x1f,0x97,0x20,0x8d,
    0x01,0x04,0x22,0x88,0x82,0xa9,0x20,0x8d,
    0x01,0x04,0x23,0xac,0xba,0x98,0x20,0x8d,
    0x01,0x04,0x25,0x0b,0xeb,0x6e,0x20,0x8d,
    0x01,0x04,0x25,0x23,0x79,0x3c,0x20,0x8d,
    0x01,0x04,0x25,0x3d,0xd9,0xd3,0x20,0x8d,
    0x01,0x04,0x25,0x9d,0xc0,0x5e,0x20,0x8d,
    0x01,0x04,0x25,0xbd,0x0a,0xb9,0x20,0x8d,
    0x01,0x04,0x25,0xe6,0xa8,0xd8,0x20,0x8d,
    0x01,0x04,0x26,0x22,0xb2,0x89,0x20,0x8d,
    0x01,0x04,0x26,0x29,0xd6,0x64,0x20,0x8d,
    0x01,0x04,0x26,0x66,0x7f,0x89,0x20,0x8d,
    0x01,0x04,0x26,0x7f,0x2c,0x52,0x20,0x8d,
    0x01,0x04,0x26,0xbd,0x5d,0x57,0x20,0x8d,
    0x01,0x04,0x2b,0xca,0xd1,0xae,0x20,0x8d,
    0x01,0x04,0x2d,0x29,0x33,0x2b,0x20,0x8d,
    0x01,0x04,0x2d,0x4d,0xf5,0x3f,0x20,0x8d,
    0x01,0x04,0x2d,0x52,0x42,0x2f,0x20,0x8d,
    0x01,0x04,0x2d,0x5e,0xa8,0x05,0x20,0x8d,
    0x01,0x04,0x2d,0x7e,0x2d,0xf3,0x20,0x8d,
    0x01,0x04,0x2d,0x85,0x59,0x4f,0x20,0x8d,
    0x01,0x04,0x2d,0x89,0xc7,0x6d,0x20,0x8d,
    0x01,0x04,0x2d,0x91,0xa7,0x4d,0x20,0x8d,
    0x01,0x04,0x2d,0x9a,0xfc,0xa2,0x20,0x8d,
    0x01,0x04,0x2e,0x13,0x8d,0xb2,0x20,0x8d,
    0x01,0x04,0x2e,0x3b,0x94,0xc5,0x20,0x8d,
    0x01,0x04,0x2e,0x3b,0xec,0x0b,0x20,0x8d,
    0x01,0x04,0x2e,0x7a,0x11,0x55,0x20,0x8d,
    0x01,0x04,0x2e,0xa6,0x8e,0x02,0x20,0x8d,
    0x01,0x04,0x2e,0xaf,0xb2,0x03,0x20,0x8d,
    0x01,0x04,0x2e,0xbc,0x77,0x09,0x20,0x8d,
    0x01,0x04,0x2e,0xe5,0xa5,0x93,0x20,0x8d,
    0x01,0x04,0x2e,0xff,0x7b,0x26,0x20,0x8d,
    0x01,0x04,0x2e,0xff,0x7c,0x26,0x20,0x8d,
    0x01,0x04,0x2f,0x96,0xa3,0x68,0x20,0x8d,
    0x01,0x04,0x2f,0xb0,0xe3,0xfd,0x20,0x8d,
    0x01,0x04,0x2f,0xea,0xf2,0x13,0x20,0x8d,
    0x01,0x04,0x2f,0xfc,0x0e,0x30,0x20,0x8d,
    0x01,0x04,0x2f,0xfe,0xb2,0x2c,0x20,0x8d,
    0x01,0x04,0x31,0xbc,0x0c,0x97,0x20,0x8d,
    0x01,0x04,0x32,0x05,0x1b,0x48,0x20,0x8d,
    0x01,0x04,0x32,0x05,0xa9,0x85,0x20,0x8d,
    0x01,0x04,0x32,0x2e,0xf0,0x85,0x20,0x8d,
    0x01,0x04,0x32,0x35,0x1f,0x38,0x20,0x8d,
    0x01,0x04,0x32,0x60,0x07,0xc4,0x20,0x8d,
    0x01,0x04,0x32,0xbf,0xff,0x54,0x20,0x8d,
    0x01,0x04,0x32,0xc2,0x66,0x1b,0x20,0x8d,
    0x01,0x04,0x33,0x9a,0x70,0x1a,0x20,0x8d,
    0x01,0x04,0x33,0xff,0x56,0x9b,0x20,0x8d,
    0x01,0x04,0x34,0xa5,0x58,0x15,0x20,0x8d,
    0x01,0x04,0x39,0x84,0x82,0xd9,0x20,0x8d,
    0x01,0x04,0x3a,0x0b,0x36,0xec,0x20,0x8d,
    0x01,0x04,0x3a,0x99,0xb7,0x58,0x20,0x8d,
    0x01,0x04,0x3e,0x14,0xa5,0xe7,0x20,0x8d,
    0x01,0x04,0x3e,0x23,0xfa,0xeb,0x20,0x8d,
    0x01,0x04,0x3e,0x5d,0x41,0x6f,0x20,0x8d,
    0x01,0x04,0x3e,0xd2,0x9e,0x78,0x20,0x8d,
    0x01,0x04,0x3e,0xee,0xce,0x17,0x20,0x8d,
    0x01,0x04,0x3e,0xf0,0x9c,0x9a,0x20,0x8d,
    0x01,0x04,0x3f,0xf7,0x93,0xa6,0x20,0x8d,
    0x01,0x04,0x3f,0xfe,0xb0,0x23,0x20,0x8d,
    0x01,0x04,0x3f,0xfe,0xb0,0x54,0x20,0x8d,
    0x01,0x04,0x40,0x06,0x72,0xf4,0x20,0x8d,
    0x01,0x04,0x40,0x17,0x61,0x80,0x20,0x8d,
    0x01,0x04,0x40,0x22,0x54,0x25,0x20,0x8d,
    0x01,0x04,0x40,0x43,0xe2,0x5c,0x20,0x8d,
    0x01,0x04,0x40,0xdf,0x60,0xe7,0x20,0x8d,
    0x01,0x04,0x40,0xe0,0xfc,0xd2,0x20,0x8d,
    0x01,0x04,0x40,0xfd,0x68,0x76,0x20,0x8d,
    0x01,0x04,0x41,0x1d,0x50,0x54,0x20,0x8d,
    0x01,0x04,0x41,0x6e,0x17,0xfb,0x20,0x8d,
    0x01,0x04,0x42,0x1a,0x5c,0x1c,0x20,0x8d,
    0x01,0x04,0x42,0x23,0x54,0x0e,0x20,0x8d,
    0x01,0x04,0x42,0x31,0xcc,0x0b,0x20,0x8d,
    0x01,0x04,0x43,0x50,0x6d,0x01,0x20,0x8d,
    0x01,0x04,0x43,0xac,0xb4,0x69,0x20,0x8d,
    0x01,0x04,0x43,0xbe,0x98,0x27,0x20,0x8d,
    0x01,0x04,0x44,0x06,0xa7,0x5c,0x20,0x8d,
    0x01,0x04,0x44,0x45,0xaa,0x5c,0x20,0x8d,
    0x01,0x04,0x44,0x47,0x4d,0x3f,0x20,0x8d,
    0x01,0x04,0x44,0x94,0x4c,0x2b,0x20,0x8d,
    0x01,0x04,0x45,0x02,0x2a,0x73,0x20,0x8d,
    0x01,0x04,0x45,0x04,0x5e,0xe2,0x20,0x8d,
    0x01,0x04,0x45,0x79,0xc4,0xa1,0x20,0x8d,
    0x01,0x04,0x45,0xb5,0x4d,0xe0,0x20,0x8d,
    0x01,0x04,0x46,0x20,0xd2,0x4b,0x20,0x8d,
    0x01,0x04,0x46,0x4c,0x45,0xe9,0x20,0x8d,
    0x01,0x04,0x47,0x22,0xe7,0x86,0x20,0x8d,
    0x01,0x04,0x47,0x4f,0x6d,0x80,0x20,0x8d,
    0x01,0x04,0x47,0xcb,0xe9,0x14,0x20,0x8d,
    0x01,0x04,0x47,0xe3,0x14,0x53,0x20,0x8d,
    0x01,0x04,0x47,0xec,0x5e,0x26,0x20,0x8d,
    0x01,0x04,0x47,0xec,0xa2,0xd2,0x20,0x8d,
    0x01,0x04,0x48,0x30,0x99,0x3d,0x20,0x8d,
    0x01,0x04,0x48,0xb1,0x60,0x0b,0x20,0x8d,
    0x01,0x04,0x48,0xbc,0x62,0x03,0x20,0x8d,
    0x01,0x04,0x48,0xe1,0x94,0x83,0x20,0x8d,
    0x01,0x04,0x49,0x2a,0x2c,0x49,0x20,0x8d,
    0x01,0x04,0x49,0x3b,0x00,0x1f,0x20,0x8d,
    0x01,0x04,0x49,0x8a,0x84,0x7e,0x20,0x8d,
    0x01,0x04,0x49,0xa4,0xc8,0x68,0x20,0x8d,
    0x01,0x04,0x49,0xad,0x74,0x4c,0x20,0x8d,
    0x01,0x04,0x49,0xc2,0xa8,0x7c,0x20,0x8d,
    0x01,0x04,0x49,0xc9,0x63,0xe3,0x20,0x8d,
    0x01,0x04,0x49,0xe5,0xd6,0x77,0x20,0x8d,
    0x01,0x04,0x4a,0x0f,0x8e,0xe0,0x20,0x8d,
    0x01,0x04,0x4a,0x4a,0x54,0x5a,0x20,0x8d,
    0x01,0x04,0x4a,0xa7,0x46,0xf1,0x20,0x8d,
    0x01,0x04,0x4a,0xc7,0x53,0xce,0x20,0x8d,
    0x01,0x04,0x4a,0xd0,0x73,0x06,0x20,0x8d,
    0x01,0x04,0x4a,0xd1,0x4b,0x4b,0x20,0x8d,
    0x01,0x04,0x4b,0x52,0xc3,0x93,0x20,0x8d,
    0x01,0x04,0x4b,0x6f,0xa8,0x0e,0x20,0x8d,
    0x01,0x04,0x4c,0x1f,0xef,0x10,0x20,0x8d,
    0x01,0x04,0x4c,0x6c,0xa9,0x50,0x20,0x8d,
    0x01,0x04,0x4c,0x81,0x28,0x92,0x20,0x8d,
    0x01,0x04,0x4d,0x38,0x00,0x0f,0x20,0x8d,
    0x01,0x04,0x4d,0x42,0xba,0xd7,0x20,0x8d,
    0x01,0x04,0x4d,0xf7,0x97,0x3a,0x20,0x8d,
    0x01,0x04,0x4e,0x11,0xd4,0xb4,0x20,0x8d,
    0x01,0x04,0x4e,0x15,0xa8,0xb7,0x20,0x8d,
    0x01,0x04,0x4e,0x2c,0xc9,0x42,0x20,0x8d,
    0x01,0x04,0x4e,0x8c,0xb7,0xe5,0x20,0x8d,
    0x01,0x04,0x4f,0x3b,0x5e,0x88,0x20,0x8d,
    0x01,0x04,0x4f,0x64,0x5f,0xe7,0x20,0x8d,
    0x01,0x04,0x4f,0x6c,0xa3,0x88,0x20,0x8d,
    0x01,0x04,0x4f,0x74,0x46,0xe9,0x20,0x8d,
    0x01,0x04,0x4f,0x75,0x13,0x3a,0x20,0x8d,
    0x01,0x04,0x4f,0x94,0x27,0x9f,0x20,0x8d,
    0x01,0x04,0x4f,0xa0,0xf0,0xcf,0x20,0x8d,
    0x01,0x04,0x50,0x47,0x82,0xa8,0x20,0x8d,
    0x01,0x04,0x50,0x55,0x38,0xa0,0x20,0x8d,
    0x01,0x04,0x50,0x6f,0x8e,0xd5,0x20,0x8d,
    0x01,0x04,0x50,0x80,0x96,0xa3,0x20,0x8d,
    0x01,0x04,0x51,0x0c,0x3f,0x25,0x20,0x8d,
    0x01,0x04,0x51,0x93,0x3a,0x0b,0x20,0x8d,
    0x01,0x04,0x51,0xa3,0x15,0xdd,0x20,0x8d,
    0x01,0x04,0x51,0xac,0x49,0x76,0x20,0x8d,
    0x01,0x04,0x51,0xb7,0x86,0x87,0x20,0x8d,
    0x01,0x04,0x51,0xdd,0x81,0x3e,0x20,0x8d,
    0x01,0x04,0x51,0xec,0xf6,0x9b,0x20,0x8d,
    0x01,0x04,0x52,0x09,0xba,0x41,0x20,0x8d,
    0x01,0x04,0x52,0x27,0x28,0x49,0x20,0x8d,
    0x01,0x04,0x52,0x27,0x2e,0x6a,0x20,0x8d,
    0x01,0x04,0x52,0x43,0x66,0x0f,0x20,0x8d,
    0x01,0x04,0x52,0x43,0xa1,0x3c,0x20,0x8d,
    0x01,0x04,0x52,0x4a,0xec,0xe2,0x20,0x8d,
    0x01,0x04,0x52,0x60,0x60,0x28,0x20,0x8d,
    0x01,0x04,0x52,0xa6,0xa5,0x4e,0x20,0x8d,
    0x01,0x04,0x52,0xa8,0xaa,0xbc,0x20,0x8d,
    0x01,0x04,0x52,0xb5,0x91,0x44,0x20,0x8d,
    0x01,0x04,0x52,0xd5,0xe5,0x90,0x20,0x8d,
    0x01,0x04,0x53,0x4d,0x69,0x27,0x20,0x8d,
    0x01,0x04,0x53,0x68,0xfb,0x0e,0x20,0x8d,
    0x01,0x04,0x53,0x6e,0x87,0xa3,0x20,0x8d,
    0x01,0x04,0x53,0xe2,0xe2,0x5f,0x20,0x8d,
    0x01,0x04,0x54,0x20,0x20,0x7a,0x20,0x8d,
    0x01,0x04,0x54,0x20,0x47,0x19,0x20,0x8d,
    0x01,0x04,0x54,0x2f,0x06,0x24,0x20,0x8d,
    0x01,0x04,0x54,0x42,0x11,0x07,0x20,0x8d,
    0x01,0x04,0x54,0x50,0xc5,0x74,0x20,0x8d,
    0x01,0x04,0x54,0xf1,0x4f,0x96,0x20,0x8d,
    0x01,0x04,0x54,0xf2,0x54,0x4e,0x20,0x8d,
    0x01,0x04,0x55,0x07,0x00,0xfd,0x20,0x8d,
    0x01,0x04,0x55,0xd7,0x50,0x2a,0x20,0x8d,
    0x01,0x04,0x55,0xf7,0x74,0x14,0x20,0x8d,
    0x01,0x04,0x55,0xfb,0x43,0xb3,0x20,0x8d,
    0x01,0x04,0x56,0x0c,0x47,0x14,0x20,0x8d,
    0x01,0x04,0x56,0x20,0x58,0x24,0x20,0x8d,
    0x01,0x04,0x56,0x65,0x9b,0x22,0x20,0x8d,
    0x01,0x04,0x56,0x73,0xcc,0xbc,0x20,0x8d,
    0x01,0x04,0x56,0xc8,0xb1,0x2a,0x20,0x8d,
    0x01,0x04,0x57,0x1a,0x8a,0x88,0x20,0x8d,
    0x01,0x04,0x57,0x4f,0x5e,0xdd,0x20,0x8d,
    0x01,0x04,0x57,0xaf,0x1b,0x64,0x20,0x8d,
    0x01,0x04,0x57,0xd2,0xb7,0x6e,0x20,0x8d,
    0x01,0x04,0x57,0xec,0xc3,0xc6,0x20,0x8d,
    0x01,0x04,0x57,0xef,0x81,0xac,0x20,0x8d,
    0x01,0x04,0x57,0xfb,0x40,0x76,0x20,0x8d,
    0x01,0x04,0x58,0x14,0xd6,0x02,0x20,0x8d,
    0x01,0x04,0x58,0x77,0xa5,0x9c,0x20,0x8d,
    0x01,0x04,0x58,0x86,0x28,0x6f,0x20,0x8d,
    0x01,0x04,0x59,0x17,0x77,0x85,0x20,0x8d,
    0x01,0x04,0x59,0x75,0x48,0x83,0x20,0x8d,
    0x01,0x04,0x59,0xa9,0xb4,0x70,0x20,0x8d,
    0x01,0x04,0x59,0xb3,0xf0,0x85,0x20,0x8d,
    0x01,0x04,0x59,0xcf,0xda,0x81,0x20,0x8d,
    0x01,0x04,0x5a,0x7f,0x7c,0xab,0x20,0x8d,
    0x01,0x04,0x5a,0x92,0x7a,0xc5,0x20,0x8d,
    0x01,0x04,0x5a,0xcd,0x51,0xaf,0x20,0x8d,
    0x01,0x04,0x5b,0x5c,0xc7,0xcf,0x20,0x8d,
    0x01,0x04,0x5b,0x5c,0xc7,0xd0,0x20,0x8d,
    0x01,0x04,0x5b,0x69,0x16,0x92,0x20,0x8d,
    0x01,0x04,0x5b,0x7a,0x1e,0x6e,0x20,0x8d,
    0x01,0x04,0x5b,0x81,0xb3,0x9a,0x20,0x8d,
    0x01,0x04,0x5b,0x9d,0x63,0x48,0x20,0x8d,
    0x01,0x04,0x5b,0xb0,0x3f,0xcd,0x20,0x8d,
    0x01,0x04,0x5b,0xb8,0xb1,0xb9,0x20,0x8d,
    0x01,0x04,0x5b,0xb8,0xb4,0x2d,0x20,0x8d,
    0x01,0x04,0x5b,0xce,0x11,0xc3,0x20,0x8d,
    0x01,0x04,0x5b,0xec,0xfb,0x89,0x20,0x8d,
    0x01,0x04,0x5b,0xf4,0xc5,0x58,0x20,0x8d,
    0x01,0x04,0x5c,0x13,0xb0,0xe5,0x20,0x8d,
    0x01,0x04,0x5c,0x1b,0x0b,0x53,0x20,0x8d,
    0x01,0x04,0x5c,0x3c,0x40,0x3d,0x20,0x8d,
    0x01,0x04,0x5c,0xdd,0xb1,0xab,0x20,0x8d,
    0x01,0x04,0x5d,0x39,0x51,0xa2,0x20,0x8d,
    0x01,0x04,0x5d,0x59,0x82,0xf6,0x20,0x8d,
    0x01,0x04,0x5d,0xbb,0xa9,0x28,0x20,0x8d,
    0x01,0x04,0x5e,0x3c,0xcc,0xb9,0x20,0x8d,
    0x01,0x04,0x5e,0x67,0xa8,0x98,0x20,0x8d,
    0x01,0x04,0x5e,0xe2,0x1e,0xde,0x20,0x8d,
    0x01,0x04,0x5f,0x1f,0xbc,0x6e,0x20,0x8d,
    0x01,0x04,0x5f,0x46,0x8e,0xec,0x20,0x8d,
    0x01,0x04,0x5f,0x62,0x9e,0x67,0x20,0x8d,
    0x01,0x04,0x5f,0x8f,0x36,0x53,0x20,0x8d,
    0x01,0x04,0x5f,0xa8,0xad,0x1c,0x20,0x8d,
    0x01,0x04,0x5f,0xd0,0x32,0x9d,0x20,0x8d,
    0x01,0x04,0x60,0x2b,0x8e,0xa3,0x20,0x8d,
    0x01,0x04,0x60,0xe6,0xf4,0x92,0x20,0x8d,
    0x01,0x04,0x61,0x52,0x8d,0xd7,0x20,0x8d,
    0x01,0x04,0x61,0x73,0x72,0xcd,0x20,0x8d,
    0x01,0x04,0x61,0xa5,0x21,0x34,0x20,0x8d,
    0x01,0x04,0x62,0x0e,0x08,0x86,0x20,0x8d,
    0x01,0x04,0x62,0x3a,0x0e,0xf5,0x20,0x8d,
    0x01,0x04,0x62,0x3b,0x5b,0x6e,0x20,0x8d,
    0x01,0x04,0x62,0xa4,0x75,0x60,0x20,0x8d,
    0x01,0x04,0x62,0xce,0x4c,0x1b,0x20,0x8d,
    0x01,0x04,0x62,0xe0,0x2b,0xc7,0x20,0x8d,
    0x01,0x04,0x62,0xf8,0x12,0xbc,0x20,0x8d,
    0x01,0x04,0x63,0xea,0x19,0x19,0x20,0x8d,
    0x01,0x04,0x63,0xfa,0xf8,0x40,0x20,0x8d,
    0x01,0x04,0x64,0x06,0xad,0x15,0x20,0x8d,
    0x01,0x04,0x65,0x2f,0x4c,0x1f,0x20,0x8d,
    0x01,0x04,0x65,0x3b,0x2f,0xd5,0x20,0x8d,
    0x01,0x04,0x67,0x2f,0xcb,0x28,0x20,0x8d,
    0x01,0x04,0x67,0xe0,0x55,0x0b,0x20,0x8d,
    0x01,0x04,0x67,0xe4,0xab,0xab,0x20,0x8d,
    0x01,0x04,0x68,0x39,0x8b,0xbd,0x20,0x8d,
    0x01,0x04,0x68,0x8f,0x02,0xc3,0x20,0x8d,
    0x01,0x04,0x68,0x98,0xd0,0x62,0x20,0x8d,
    0x01,0x04,0x68,0xa6,0xe4,0xd9,0x20,0x8d,
    0x01,0x04,0x68,0xa6,0xe6,0x14,0x20,0x8d,
    0x01,0x04,0x68,0xa7,0xda,0xd5,0x20,0x8d,
    0x01,0x04,0x68,0xae,0x2d,0x87,0x20,0x8d,
    0x01,0x04,0x68,0xc2,0x23,0xb4,0x20,0x8d,
    0x01,0x04,0x68,0xee,0xdc,0xc1,0x20,0x8d,
    0x01,0x04,0x68,0xef,0xf7,0x6f,0x20,0x8d,
    0x01,0x04,0x68,0xfa,0x91,0xba,0x20,0x8d,
    0x01,0x04,0x6b,0x0d,0xe7,0xa2,0x20,0x8d,
    0x01,0x04,0x6b,0x96,0x2e,0x72,0x20,0x8d,
    0x01,0x04,0x6b,0xb6,0x40,0x05,0x20,0x8d,
    0x01,0x04,0x6c,0x43,0x45,0xe4,0x20,0x8d,
    0x01,0x04,0x6c,0xab,0xd2,0x44,0x20,0x8d,
    0x01,0x04,0x6d,0x31,0x38,0x52,0x20,0x8d,
    0x01,0x04,0x6d,0x6d,0xa5,0x06,0x20,0x8d,
    0x01,0x04,0x6d,0x96,0x1e,0x3e,0x20,0x8d,
    0x01,0x04,0x6d,0xbd,0xa9,0x05,0x20,0x8d,
    0x01,0x04,0x6d,0xce,0xb2,0x02,0x20,0x8d,
    0x01,0x04,0x6d,0xec,0x39,0x22,0x20,0x8d,
    0x01,0x04,0x6e,0x2d,0xb2,0x66,0x20,0x8d,
    0x01,0x04,0x70,0xd5,0x21,0xc9,0x20,0x8d,
    0x01,0x04,0x73,0x42,0xb2,0x44,0x20,0x8d,
    0x01,0x04,0x74,0xff,0x05,0xb7,0x20,0x8d,
    0x01,0x04,0x76,0x43,0xc4,0x27,0x20,0x8d,
    0x01,0x04,0x76,0x8d,0x02,0x09,0x20,0x8d,
    0x01,0x04,0x76,0xed,0x05,0x02,0x20,0x8d,
    0x01,0x04,0x78,0x95,0x15,0x79,0x20,0x8d,
    0x01,0x04,0x78,0x9c,0xd5,0x89,0x20,0x8d,
    0x01,0x04,0x7a,0x20,0x26,0xbf,0x20,0x8d,
    0x01,0x04,0x7a,0xd0,0x75,0xc5,0x20,0x8d,
    0x01,0x04,0x7b,0x70,0xf6,0x74,0x20,0x8d,
    0x01,0x04,0x7b,0xca,0xc0,0xd6,0x20,0x8d,
    0x01,0x04,0x7b,0xd6,0x4f,0x43,0x20,0x8d,
    0x01,0x04,0x80,0x02,0x0c,0x26,0x20,0x8d,
    0x01,0x04,0x81,0x0d,0xbd,0xd7,0x20,0x8d,
    0x01,0x04,0x81,0xd5,0x14,0xfa,0x20,0x8d,
    0x01,0x04,0x84,0x93,0xc0,0x05,0x20,0x8d,
    0x01,0x04,0x86,0x41,0xc1,0x95,0x20,0x8d,
    0x01,0x04,0x86,0x93,0x19,0x42,0x20,0x8d,
    0x01,0x04,0x87,0x81,0x67,0x22,0x20,0x8d,
    0x01,0x04,0x87,0x81,0x9a,0xf2,0x20,0x8d,
    0x01,0x04,0x87,0xb4,0x28,0xf6,0x20,0x8d,
    0x01,0x04,0x88,0x26,0xd2,0x56,0x20,0x8d,
    0x01,0x04,0x88,0x36,0x92,0xc3,0x20,0x8d,
    0x01,0x04,0x88,0x73,0xc3,0x92,0x20,0x8d,
    0x01,0x04,0x89,0xe2,0x22,0x2d,0x20,0x8d,
    0x01,0x04,0x8a,0xc9,0xcb,0x76,0x20,0x8d,
    0x01,0x04,0x8b,0x8a,0x7b,0xec,0x20,0x8d,
    0x01,0x04,0x8b,0xbf,0x02,0x12,0x20,0x8d,
    0x01,0x04,0x8d,0x08,0x1d,0x8b,0x20,0x8d,
    0x01,0x04,0x8d,0xe0,0xc5,0xc1,0x20,0x8d,
    0x01,0x04,0x8e,0xb3,0x46,0xf0,0x20,0x8d,
    0x01,0x04,0x8f,0x9f,0x54,0xd4,0x20,0x8d,
    0x01,0x04,0x90,0x06,0x24,0xa4,0x20,0x8d,
    0x01,0x04,0x91,0x3f,0x8c,0x9b,0x20,0x8d,
    0x01,0x04,0x92,0x46,0x4c,0x42,0x20,0x8d,
    0x01,0x04,0x92,0xc7,0x2b,0x5c,0x20,0x8d,
    0x01,0x04,0x93,0x87,0x46,0x9f,0x20,0x8d,
    0x01,0x04,0x93,0xdb,0xf8,0xe9,0x20,0x8d,
    0x01,0x04,0x94,0x33,0xc4,0x28,0x20,0x8d,
    0x01,0x04,0x95,0x6b,0x23,0xb0,0x20,0x8d,
    0x01,0x04,0x95,0x82,0xb3,0x6f,0x20,0x8d,
    0x01,0x04,0x97,0x73,0x59,0x0e,0x20,0x8d,
    0x01,0x04,0x98,0x35,0x6a,0x1c,0x20,0x8d,
    0x01,0x04,0x99,0x4b,0x58,0x2c,0x20,0x8d,
    0x01,0x04,0x99,0xa0,0x38,0x2f,0x20,0x8d,
    0x01,0x04,0x9a,0x14,0xef,0xfa,0x20,0x8d,
    0x01,0x04,0x9a,0x1a,0x89,0x69,0x20,0x8d,
    0x01,0x04,0x9b,0x04,0x52,0x72,0x20,0x8d,
    0x01,0x04,0x9b,0x67,0xcb,0x7e,0x20,0x8d,
    0x01,0x04,0x9b,0x74,0x9e,0xd8,0x20,0x8d,
    0x01,0x04,0x9c,0x39,0x59,0x42,0x20,0x8d,
    0x01,0x04,0x9d,0xad,0x18,0xde,0x20,0x8d,
    0x01,0x04,0x9d,0xb4,0x63,0xf9,0x20,0x8d,
    0x01,0x04,0x9d,0xf5,0x03,0xc5,0x20,0x8d,
    0x01,0x04,0x9f,0xc3,0x13,0xcd,0x20,0x8d,
    0x01,0x04,0x9f,0xc4,0x10,0xe3,0x20,0x8d,
    0x01,0x04,0xa0,0x10,0xcd,0x3c,0x20,0x8d,
    0x01,0x04,0xa0,0x1e,0x27,0x8d,0x20,0x8d,
    0x01,0x04,0xa2,0x00,0xea,0xc7,0x20,0x8d,
    0x01,0x04,0xa2,0x78,0x13,0x0e,0x20,0x8d,
    0x01,0x04,0xa2,0x78,0x13,0x15,0x20,0x8d,
    0x01,0x04,0xa2,0x78,0x45,0xb6,0x20,0x8d,
    0x01,0x04,0xa2,0xf5,0xc4,0x2e,0x20,0x8d,
    0x01,0x04,0xa3,0x7b,0x3a,0x74,0x20,0x8d,
    0x01,0x04,0xa3,0xf5,0xc5,0x0e,0x20,0x8d,
    0x01,0x04,0xa3,0xfc,0x9b,0x80,0x20,0x8d,
    0x01,0x04,0xa4,0xd7,0x67,0x2d,0x20,0x8d,
    0x01,0x04,0xa5,0x17,0x1a,0x2c,0x20,0x8d,
    0x01,0x04,0xa7,0xac,0xbe,0x86,0x20,0x8d,
    0x01,0x04,0xa8,0x5c,0xda,0xb5,0x20,0x8d,
    0x01,0x04,0xa8,0x5c,0xdc,0xee,0x20,0x8d,
    0x01,0x04,0xa8,0xf3,0xe0,0xa1,0x20,0x8d,
    0x01,0x04,0xa9,0x9b,0xab,0xfc,0x20,0x8d,
    0x01,0x04,0xaa,0x27,0xad,0x81,0x20,0x8d,
    0x01,0x04,0xaa,0xe9,0xa7,0x11,0x20,0x8d,
    0x01,0x04,0xac,0x51,0xb5,0x01,0x20,0x8d,
    0x01,0x04,0xac,0x5d,0x65,0xd4,0x20,0x8d,
    0x01,0x04,0xac,0x61,0xfa,0x50,0x20,0x8d,
    0x01,0x04,0xac,0x68,0xfc,0xa3,0x20,0x8d,
    0x01,0x04,0xac,0xea,0x10,0xaf,0x20,0x8d,
    0x01,0x04,0xad,0xbe,0xc8,0x5e,0x20,0x8d,
    0x01,0x04,0xad,0xe0,0x76,0xe7,0x20,0x8d,
    0x01,0x04,0xad,0xe7,0x35,0x61,0x20,0x8d,
    0x01,0x04,0xad,0xf3,0x2b,0xe5,0x20,0x8d,
    0x01,0x04,0xae,0x1d,0xc9,0x6f,0x20,0x8d,
    0x01,0x04,0xae,0x3b,0xdb,0xe3,0x20,0x8d,
    0x01,0x04,0xae,0x3f,0xab,0x4c,0x20,0x8d,
    0x01,0x04,0xae,0x8a,0xbb,0xe6,0x20,0x8d,
    0x01,0x04,0xae,0xa6,0x67,0xc2,0x20,0x8d,
    0x01,0x04,0xae,0xb1,0x1a,0x8f,0x20,0x8d,
    0x01,0x04,0xaf,0x2b,0xf0,0xb9,0x20,0x8d,
    0x01,0x04,0xaf,0x7d,0x05,0x99,0x20,0x8d,
    0x01,0x04,0xb0,0x0a,0x91,0x8f,0x20,0x8d,
    0x01,0x04,0xb0,0x3d,0xa5,0x3b,0x20,0x8d,
    0x01,0x04,0xb0,0x43,0x13,0xa2,0x20,0x8d,
    0x01,0x04,0xb0,0x4a,0x88,0xed,0x20,0x8d,
    0x01,0x04,0xb0,0x6b,0x5f,0x2e,0x20,0x8d,
    0x01,0x04,0xb0,0x6b,0x5f,0x2f,0x20,0x8d,
    0x01,0x04,0xb0,0x72,0xf4,0x0a,0x20,0x8d,
    0x01,0x04,0xb0,0x78,0x54,0x43,0x20,0x8d,
    0x01,0x04,0xb0,0x7e,0x56,0x98,0x20,0x8d,
    0x01,0x04,0xb0,0xbc,0xea,0xb8,0x20,0x8d,
    0x01,0x04,0xb1,0x4a,0xac,0x3a,0x20,0x8d,
    0x01,0x04,0xb2,0x16,0x02,0xb6,0x20,0x8d,
    0x01,0x04,0xb2,0x2e,0x80,0xe3,0x20,0x8d,
    0x01,0x04,0xb2,0x8c,0x24,0x7f,0x20,0x8d,
    0x01,0x04,0xb2,0xef,0x13,0x1a,0x20,0x8d,
    0x01,0x04,0xb2,0xf9,0xd5,0xa1,0x20,0x8d,
    0x01,0x04,0xb2,0xfa,0xe8,0x6f,0x20,0x8d,
    0x01,0x04,0xb3,0x1b,0x76,0x82,0x20,0x8d,
    0x01,0x04,0xb3,0x5e,0xb9,0x68,0x20,0x8d,
    0x01,0x04,0xb4,0x4b,0x8c,0xcc,0x20,0x8d,
    0x01,0x04,0xb4,0x90,0x81,0x46,0x20,0x8d,
    0x01,0x04,0xb4,0xd8,0xb3,0x8d,0x20,0x8d,
    0x01,0x04,0xb6,0x34,0x6c,0xdf,0x20,0x8d,
    0x01,0x04,0xb7,0x58,0xdf,0xd0,0x20,0x8d,
    0x01,0x04,0xb7,0x81,0xb2,0xcc,0x20,0x8d,
    0x01,0x04,0xb8,0x3c,0x36,0x12,0x20,0x8d,
    0x01,0x04,0xb8,0x5f,0x20,0x82,0x20,0x8d,
    0x01,0x04,0xb8,0x69,0x83,0xb5,0x20,0x8d,
    0x01,0x04,0xb8,0x6b,0x95,0x5a,0x20,0x8d,
    0x01,0x04,0xb8,0xa1,0x89,0x93,0x20,0x8d,
    0x01,0x04,0xb8,0xa4,0x16,0x52,0x20,0x8d,
    0x01,0x04,0xb9,0x1a,0xf0,0x36,0x20,0x8d,
    0x01,0x04,0xb9,0x1f,0x88,0xac,0x20,0x8d,
    0x01,0x04,0xb9,0x44,0x43,0x2a,0x20,0x8d,
    0x01,0x04,0xb9,0x92,0x9d,0x03,0x20,0x8d,
    0x01,0x04,0xb9,0x9c,0x25,0x1a,0x20,0x8d,
    0x01,0x04,0xb9,0xb5,0x8b,0xc9,0x20,0x8d,
    0x01,0x04,0xb9,0xbf,0x74,0xea,0x20,0x8d,
    0x01,0x04,0xb9,0xcb,0x29,0x94,0x20,0x8d,
    0x01,0x04,0xb9,0xd1,0x0c,0x4c,0x20,0x8d,
    0x01,0x04,0xb9,0xdd,0x7d,0x2a,0x20,0x8d,
    0x01,0x04,0xb9,0xdf,0x1e,0x83,0x20,0x8d,
    0x01,0x04,0xbc,0x94,0x6d,0xf9,0x20,0x8d,
    0x01,0x04,0xbc,0x9b,0x8d,0xfa,0x20,0x8d,
    0x01,0x04,0xbc,0xd6,0x81,0x34,0x20,0x8d,
    0x01,0x04,0xbc,0xd6,0x81,0x8b,0x20,0x8d,
    0x01,0x04,0xbc,0xd8,0x9e,0x85,0x20,0x8d,
    0x01,0x04,0xbc,0xe8,0x04,0x68,0x20,0x8d,
    0x01,0x04,0xbd,0x2c,0x3f,0x64,0x20,0x8d,
    0x01,0x04,0xbd,0x9a,0x9b,0x5b,0x20,0x8d,
    0x01,0x04,0xbe,0x04,0xa9,0x77,0x20,0x8d,
    0x01,0x04,0xbe,0x2f,0x4b,0xe6,0x20,0x8d,
    0x01,0x04,0xbe,0x71,0x74,0xae,0x20,0x8d,
    0x01,0x04,0xbe,0x92,0xa7,0x05,0x20,0x8d,
    0x01,0x04,0xbf,0xb4,0x26,0xda,0x20,0x8d,
    0x01,0x04,0xc0,0x00,0xab,0x16,0x20,0x8d,
    0x01,0x04,0xc0,0x91,0x2d,0x93,0x20,0x8d,
    0x01,0x04,0xc0,0xde,0x88,0x85,0x20,0x8d,
    0x01,0x04,0xc1,0x4a,0x11,0x38,0x20,0x8d,
    0x01,0x04,0xc1,0x7c,0x93,0x96,0x20,0x8d,
    0x01,0x04,0xc1,0xc9,0x52,0xcd,0x20,0x8d,
    0x01,0x04,0xc1,0xdf,0x51,0x08,0x20,0x8d,
    0x01,0x04,0xc2,0x7e,0x70,0x73,0x20,0x8d,
    0x01,0x04,0xc2,0x84,0xad,0x59,0x20,0x8d,
    0x01,0x04,0xc2,0x93,0x8c,0x25,0x20,0x8d,
    0x01,0x04,0xc2,0x9c,0xbc,0xf9,0x20,0x8d,
    0x01,0x04,0xc2,0xbb,0xe0,0x09,0x20,0x8d,
    0x01,0x04,0xc2,0xdf,0x0d,0x54,0x20,0x8d,
    0x01,0x04,0xc3,0x50,0xe9,0x6f,0x20,0x8d,
    0x01,0x04,0xc3,0xb4,0x3e,0xce,0x20,0x8d,
    0x01,0x04,0xc3,0xce,0x69,0x07,0x20,0x8d,
    0x01,0x04,0xc3,0xfc,0xec,0x97,0x20,0x8d,
    0x01,0x04,0xc6,0x17,0xc9,0x2a,0x20,0x8d,
    0x01,0x04,0xc6,0x62,0x37,0x8f,0x20,0x8d,
    0x01,0x04,0xc6,0x85,0xa7,0x78,0x20,0x8d,
    0x01,0x04,0xc6,0x9a,0x5d,0x6e,0x20,0x8d,
    0x01,0x04,0xc6,0xce,0xcc,0x47,0x20,0x8d,
    0x01,0x04,0xc7,0x1b,0xfd,0xa7,0x20,0x8d,
    0x01,0x04,0xc7,0xbd,0xcd,0x0f,0x20,0x8d,
    0x01,0x04,0xc7,0xf1,0x1a,0x96,0x20,0x8d,
    0x01,0x04,0xc8,0x19,0x07,0x46,0x20,0x8d,
    0x01,0x04,0xc8,0x52,0xb7,0x05,0x20,0x8d,
    0x01,0x04,0xc9,0xd3,0x7a,0x9a,0x20,0x8d,
    0x01,0x04,0xca,0x47,0x0e,0xd5,0x20,0x8d,
    0x01,0x04,0xca,0x8a,0xee,0xbf,0x20,0x8d,
    0x01,0x04,0xcb,0x1d,0xf3,0x41,0x20,0x8d,
    0x01,0x04,0xcb,0xa1,0x23,0x44,0x20,0x8d,
    0x01,0x04,0xcc,0x0c,0xf5,0x04,0x20,0x8d,
    0x01,0x04,0xcc,0x30,0x02,0x36,0x20,0x8d,
    0x01,0x04,0xcc,0x39,0x15,0x47,0x20,0x8d,
    0x01,0x04,0xcd,0x90,0xd1,0x36,0x20,0x8d,
    0x01,0x04,0xce,0x6d,0xcf,0x15,0x20,0x8d,
    0x01,0x04,0xce,0x6d,0xcf,0x2f,0x20,0x8d,
    0x01,0x04,0xce,0x7d,0xa9,0xa4,0x20,0x8d,
    0x01,0x04,0xce,0xdf,0x95,0x45,0x20,0x8d,
    0x01,0x04,0xcf,0xf4,0xf3,0x60,0x20,0x8d,
    0x01,0x04,0xcf,0xf6,0x62,0xbf,0x20,0x8d,
    0x01,0x04,0xd0,0x44,0x04,0x47,0x20,0x8d,
    0x01,0x04,0xd1,0x7e,0x0a,0xf0,0x20,0x8d,
    0x01,0x04,0xd1,0x97,0x7a,0x08,0x20,0x8d,
    0x01,0x04,0xd1,0xe3,0xe4,0xc1,0x20,0x8d,
    0x01,0x04,0xd3,0x37,0xbf,0x45,0x20,0x8d,
    0x01,0x04,0xd4,0x29,0x1b,0xfb,0x20,0x8d,
    0x01,0x04,0xd4,0x29,0x1c,0x78,0x20,0x8d,
    0x01,0x04,0xd4,0x33,0x81,0x1e,0x20,0x8d,
    0x01,0x04,0xd4,0x57,0x9e,0x86,0x20,0x8d,
    0x01,0x04,0xd4,0xed,0xb3,0x38,0x20,0x8d,
    0x01,0x04,0xd4,0xf1,0x59,0x80,0x20,0x8d,
    0x01,0x04,0xd5,0x6c,0xd3,0x66,0x20,0x8d,
    0x01,0x04,0xd5,0x6e,0xd0,0xad,0x20,0x8d,
    0x01,0x04,0xd5,0x6f,0x9c,0x8e,0x20,0x8d,
    0x01,0x04,0xd5,0x89,0x1e,0xef,0x20,0x8d,
    0x01,0x04,0xd5,0x8d,0xc6,0xcf,0x20,0x8d,
    0x01,0x04,0xd5,0xc2,0xaa,0xc4,0x20,0x8d,
    0x01,0x04,0xd8,0xe2,0x80,0xbd,0x20,0x8d,
    0x01,0x04,0xd8,0xe5,0x2f,0x54,0x20,0x8d,
    0x01,0x04,0xd8,0xed,0xfa,0xcc,0x20,0x8d,
    0x01,0x04,0xd8,0xed,0xfd,0xbc,0x20,0x8d,
    0x01,0x04,0xd8,0xf5,0xb8,0xca,0x20,0x8d,
    0x01,0x04,0xd9,0x9a,0x3f,0x94,0x20,0x8d,
    0x01,0x04,0xda,0x01,0xbb,0x78,0x20,0x8d,
    0x01,0x04,0xda,0x44,0xb6,0x19,0x20,0x8d,
    0x01,0x04,0xda,0x9b,0xcc,0x37,0x20,0x8d,
    0x01,0x04,0xdc,0xf4,0xee,0x95,0x20,0x8d,
    0x01,0x04,0xdf,0x48,0x74,0xfd,0x20,0x8d,
    0x02,0x10,0x20,0x01,0x12,0x84,0xf5,0x02,0x91,0x04,0x41,0x9d,0xb3,0xea,0x02,0x16,0x61,0xeb,0x20,0x8d,
    0x02,0x10,0x20,0x01,0x13,0x08,0x26,0x25,0x4d,0x00,0x24,0xbb,0xf6,0xed,0x59,0x75,0x1d,0x6c,0x20,0x8d,
    0x02,0x10,0x20,0x01,0x16,0x20,0x55,0x66,0x01,0x00,0x00,0x00,0x00,0x00,0x00,0x00,0x06,0x2c,0x20,0x8d,
    0x02,0x10,0x20,0x01,0x16,0x70,0x00,0x1a,0xac,0x92,0xb9,0xd2,0xc8,0x36,0xce,0x2c,0xde,0x66,0x20,0x8d,
    0x02,0x10,0x20,0x01,0x19,0x70,0x4a,0x9c,0x50,0x00,0x00,0x00,0x00,0x00,0x00,0x00,0x5c,0x5f,0x20,0x8d,
    0x02,0x10,0x20,0x01,0x19,0xf0,0x68,0x01,0x06,0xec,0x00,0x02,0x00,0x00,0x00,0x00,0x00,0x01,0x20,0x8d,
    0x02,0x10,0x20,0x01,0x19,0xf0,0x70,0x01,0x16,0x0b,0x3e,0xec,0xef,0xff,0xfe,0xb9,0x89,0x94,0x20,0x8d,
    0x02,0x10,0x20,0x01,0x1a,0xb0,0x7e,0x1e,0xd1,0x50,0xbe,0x24,0x11,0xff,0xfe,0x2c,0x30,0x2f,0x20,0x8d,
    0x02,0x10,0x20,0x01,0x1b,0xc0,0x00,0xc1,0x00,0x00,0x00,0x00,0x00,0x00,0x00,0x00,0x20,0x00,0x20,0x8d,
    0x02,0x10,0x20,0x01,0x02,0x50,0x10,0x01,0x16,0x21,0x40,0x1a,0x5c,0x40,0x32,0x2f,0x9e,0xa3,0x20,0x8d,
    0x02,0x10,0x20,0x01,0x40,0x60,0x44,0x19,0x80,0x01,0x00,0x00,0x00,0x00,0x00,0x00,0x00,0x42,0x20,0x8d,
    0x02,0x10,0x20,0x01,0x41,0xd0,0x04,0x03,0x20,0xb5,0x00,0x00,0x00,0x00,0x00,0x00,0x00,0x21,0x20,0x8d,
    0x02,0x10,0x20,0x01,0x41,0xd0,0x06,0x02,0x0f,0x38,0x00,0x00,0x00,0x00,0x00,0x00,0x00,0x01,0x20,0x8d,
    0x02,0x10,0x20,0x01,0x41,0xd0,0xab,0x05,0x00,0x00,0x00,0x00,0x00,0x04,0x00,0x00,0x01,0x94,0x20,0x8d,
    0x02,0x10,0x20,0x01,0x04,0x70,0x1f,0x05,0x04,0x3b,0x00,0x02,0x00,0x00,0x00,0x00,0x00,0x0c,0x20,0x8d,
    0x02,0x10,0x20,0x01,0x04,0x70,0x1f,0x08,0x01,0xa3,0x00,0x00,0x00,0x00,0x00,0x00,0x00,0x02,0x20,0x8d,
    0x02,0x10,0x20,0x01,0x04,0x70,0x1f,0x08,0x04,0xdb,0x00,0x00,0x00,0x00,0x00,0x00,0x00,0x02,0x20,0x8d,
    0x02,0x10,0x20,0x01,0x04,0x70,0x1f,0x0a,0x08,0x9a,0x00,0x00,0x00,0x00,0x00,0x00,0x00,0x02,0x20,0x8d,
    0x02,0x10,0x20,0x01,0x04,0x70,0x00,0x28,0x11,0x6d,0x00,0x00,0x00,0x00,0x00,0x00,0x00,0x02,0x20,0x8d,
    0x02,0x10,0x20,0x01,0x04,0x70,0x00,0x28,0x0b,0x17,0x00,0x00,0x00,0x00,0x00,0x00,0x00,0x02,0x20,0x8d,
    0x02,0x10,0x20,0x01,0x04,0x70,0x79,0x84,0x00,0x00,0x00,0x00,0x00,0x00,0x5a,0x70,0x05,0x41,0x20,0x8d,
    0x02,0x10,0x20,0x01,0x04,0x70,0x00,0x07,0x08,0x09,0x00,0x00,0x00,0x00,0x00,0x00,0x00,0x02,0x20,0x8d,
    0x02,0x10,0x20,0x01,0x04,0x70,0x00,0x0a,0x0c,0x13,0x00,0x00,0x00,0x00,0x00,0x00,0x00,0x02,0x20,0x8d,
    0x02,0x10,0x20,0x01,0x04,0x70,0xd8,0x4a,0x00,0x02,0x00,0x00,0x00,0x00,0x00,0x00,0x00,0x0b,0x20,0x8d,
    0x02,0x10,0x20,0x01,0x4c,0x3c,0x7e,0x00,0xfc,0x00,0xe7,0x93,0x5e,0x48,0x8e,0x14,0x25,0xad,0x20,0x8d,
    0x02,0x10,0x20,0x01,0x4c,0xee,0x00,0x00,0x00,0x00,0x02,0x50,0x56,0xff,0xfe,0x8c,0xa4,0x81,0x20,0x8d,
    0x02,0x10,0x20,0x01,0x4d,0xd0,0x35,0x64,0x00,0x00,0x30,0xb7,0x1d,0x7b,0x6f,0xec,0x4c,0x5c,0x20,0x8d,
    0x02,0x10,0x20,0x01,0x4d,0xd0,0x35,0x64,0x00,0x00,0x08,0x8e,0xb4,0xff,0x2a,0xd0,0x69,0x9b,0x20,0x8d,
    0x02,0x10,0x20,0x01,0x4d,0xd0,0x35,0x64,0x00,0x00,0xa0,0xc4,0xd4,0x1f,0x04,0xc4,0x1b,0xb0,0x20,0x8d,
    0x02,0x10,0x20,0x01,0x4d,0xd0,0x35,0x64,0x00,0x00,0xfd,0x76,0xc1,0xd3,0x18,0x54,0x5b,0xd9,0x20,0x8d,
    0x02,0x10,0x20,0x01,0x4d,0xd0,0x35,0x64,0x00,0x01,0x00,0x00,0x00,0x00,0x76,0x76,0x80,0x90,0x20,0x8d,
    0x02,0x10,0x20,0x01,0x4d,0xd0,0x35,0x64,0x00,0x01,0xb9,0x77,0xbd,0x71,0x46,0x12,0x8e,0x40,0x20,0x8d,
    0x02,0x10,0x20,0x01,0x4d,0xd0,0xaf,0x0e,0x35,0x64,0x00,0x00,0x00,0x69,0x00,0x90,0x83,0x33,0x20,0x8d,
    0x02,0x10,0x20,0x01,0x4d,0xd0,0xaf,0x0e,0x35,0x64,0x00,0x00,0x00,0x00,0x00,0x69,0x00,0x01,0x20,0x8d,
    0x02,0x10,0x20,0x01,0x4d,0xd0,0xaf,0x0e,0x35,0x64,0x00,0x00,0x00,0x00,0x00,0x69,0x00,0x90,0x20,0x8d,
    0x02,0x10,0x20,0x01,0x05,0x50,0xaf,0x00,0x00,0x07,0x00,0x00,0x00,0x01,0xaf,0xf9,0x00,0x18,0x20,0x8d,
    0x02,0x10,0x20,0x01,0x05,0x69,0x50,0x79,0xab,0xd2,0x00,0x00,0x00,0x00,0x00,0x00,0x00,0xc9,0x20,0x8d,
    0x02,0x10,0x20,0x01,0x05,0x69,0x71,0x3f,0x48,0x00,0x46,0x5d,0xc0,0xae,0xa1,0x3a,0x4f,0x3e,0x20,0x8d,
    0x02,0x10,0x20,0x01,0x05,0xa8,0x41,0x64,0x7a,0x00,0x00,0x00,0x00,0x00,0x00,0x00,0x01,0xf8,0x20,0x8d,
    0x02,0x10,0x20,0x01,0x05,0xa8,0x41,0x64,0x7a,0x00,0xbe,0x60,0xb5,0xaa,0x22,0xf0,0xd1,0xcb,0x20,0x8d,
    0x02,0x10,0x20,0x01,0x05,0xa8,0x60,0xc0,0xd5,0x00,0x00,0x00,0x00,0x00,0x00,0x00,0x78,0x40,0x20,0x8d,
    0x02,0x10,0x20,0x01,0x05,0xa8,0x61,0x10,0xb6,0x00,0x00,0x00,0x00,0x00,0x00,0x00,0x78,0x40,0x20,0x8d,
    0x02,0x10,0x20,0x01,0x06,0x78,0x06,0x8c,0xff,0xfb,0x00,0x00,0x00,0x00,0x00,0x00,0x01,0x95,0x20,0x8d,
    0x02,0x10,0x20,0x01,0x06,0x7c,0x12,0x20,0x08,0x08,0x00,0x00,0x00,0x00,0x93,0xe5,0x08,0x1f,0x20,0x8d,
    0x02,0x10,0x20,0x01,0x06,0x7c,0x12,0x54,0x00,0xd2,0x6b,0x9c,0x00,0x00,0x00,0x00,0x00,0x01,0x20,0x8d,
    0x02,0x10,0x20,0x01,0x06,0x7c,0x18,0x74,0x01,0x29,0x00,0x00,0x00,0x00,0x00,0x00,0x00,0x01,0x20,0x8d,
    0x02,0x10,0x20,0x01,0x06,0x7c,0x26,0xb4,0xff,0x00,0x00,0x00,0x00,0x00,0x00,0x00,0x00,0x44,0x20,0x8d,
    0x02,0x10,0x20,0x01,0x06,0x7c,0x04,0x40,0x06,0x88,0x00,0x91,0x02,0x36,0x02,0x51,0x01,0x37,0x20,0x8d,
    0x02,0x10,0x20,0x01,0x06,0x7c,0x04,0x40,0xf8,0x87,0x01,0x94,0x01,0x47,0x01,0x40,0x00,0x37,0x20,0x8d,
    0x02,0x10,0x20,0x01,0x06,0x7c,0x0b,0xcc,0x1f,0x2a,0x00,0x00,0x00,0x00,0x00,0x00,0xb7,0x83,0x20,0x8d,
    0x02,0x10,0x20,0x01,0x06,0x7c,0x0b,0xcc,0x1f,0x2a,0x00,0x00,0x00,0x00,0x00,0x00,0xb7,0x8c,0x20,0x8d,
    0x02,0x10,0x20,0x01,0x07,0x18,0x06,0x04,0x00,0x20,0x00,0x00,0x00,0x00,0x00,0x83,0x00,0x33,0x20,0x8d,
    0x02,0x10,0x20,0x01,0x07,0xd0,0xe0,0x5b,0x01,0x12,0x32,0xe1,0x71,0xff,0xfe,0x6e,0xa7,0xc4,0x20,0x8d,
    0x02,0x10,0x20,0x01,0x08,0x71,0x00,0x64,0x59,0x5a,0x0a,0xd4,0x0c,0xff,0xfe,0x77,0xa1,0x14,0x20,0x8d,
    0x02,0x10,0x20,0x01,0x08,0xb0,0x13,0x01,0x10,0x00,0x00,0x00,0x00,0x00,0x00,0x00,0x00,0x60,0x20,0x8d,
    0x02,0x10,0x20,0x01,0x08,0xb0,0x16,0x47,0x09,0x5a,0x09,0x1f,0x18,0x57,0x07,0xde,0x90,0x25,0x20,0x8d,
    0x02,0x10,0x20,0x01,0x08,0xb0,0xfe,0x25,0xc5,0x8b,0x12,0x66,0x6a,0xff,0xfe,0x1f,0xcf,0xa9,0x20,0x8d,
    0x02,0x10,0x20,0x01,0x08,0xe0,0x30,0xe0,0xe6,0x01,0xda,0x3a,0xdd,0xff,0xfe,0xbb,0x81,0x6c,0x20,0x8d,
    0x02,0x10,0x20,0x01,0x08,0xf8,0x1b,0x69,0x1c,0x1e,0x8f,0x69,0xa5,0x84,0xe6,0xbe,0x43,0x08,0x20,0x8d,
    0x02,0x10,0x20,0x01,0x09,0x10,0x10,0x5b,0x00,0x00,0x50,0x9f,0x71,0xf2,0xe8,0xbd,0x54,0xf6,0x20,0x8d,
    0x02,0x10,0x20,0x01,0xb0,0x11,0x70,0x08,0x33,0xe9,0xfe,0x8a,0x93,0x9c,0x56,0x00,0x85,0x60,0x20,0x8d,
    0x02,0x10,0x20,0x01,0xb0,0x11,0x70,0x08,0x33,0xe9,0xfe,0x8a,0x93,0x9c,0x56,0x00,0x85,0x61,0x20,0x8d,
    0x02,0x10,0x20,0x01,0x0b,0x07,0x64,0x69,0x34,0x91,0x56,0xbe,0xf7,0xff,0xfe,0x26,0x21,0xbb,0x20,0x8d,
    0x02,0x10,0x20,0x01,0x0b,0x07,0x64,0x71,0xca,0xfd,0x3e,0x7c,0x3f,0xff,0xfe,0x2f,0x8b,0xae,0x20,0x8d,
    0x02,0x10,0x20,0x01,0x0b,0x07,0x64,0x74,0x51,0xd8,0x61,0x56,0x84,0xe7,0x39,0x7a,0xa8,0x47,0x20,0x8d,
    0x02,0x10,0x20,0x01,0x0b,0x07,0x64,0x74,0x51,0xd8,0xc2,0x7e,0x42,0x7e,0xfe,0x37,0x63,0x56,0x20,0x8d,
    0x02,0x10,0x20,0x01,0x0b,0xc8,0x12,0x01,0x07,0x22,0xda,0x5e,0xd3,0xff,0xfe,0x49,0x95,0x28,0x20,0x8d,
    0x02,0x10,0x20,0x01,0x0b,0xc8,0x1d,0xa0,0x00,0x01,0x46,0xa8,0x42,0xff,0xfe,0x1b,0x35,0x16,0x20,0x8d,
    0x02,0x10,0x20,0x01,0x0b,0xc8,0x30,0xc8,0x00,0x00,0x00,0x00,0x00,0x00,0x00,0x00,0x00,0x00,0x20,0x8d,
    0x02,0x10,0x20,0x01,0x0b,0xc8,0x39,0x9f,0xf0,0x00,0x00,0x00,0x00,0x00,0x00,0x00,0x00,0x01,0x20,0x8d,
    0x02,0x10,0x20,0x01,0x0b,0xc8,0x3e,0x54,0x6b,0x02,0x00,0x00,0x00,0x00,0x00,0x00,0x00,0x01,0x20,0x8d,
    0x02,0x10,0x20,0x01,0x0b,0xc8,0x60,0x05,0x00,0x1d,0x02,0x08,0xa2,0xff,0xfe,0x0c,0x6c,0xc2,0x20,0x8d,
    0x02,0x10,0x20,0x01,0x0b,0xc8,0x06,0x10,0x00,0x09,0x46,0xa8,0x42,0xff,0xfe,0x0c,0xd3,0x85,0x20,0x8d,
    0x02,0x10,0x20,0x01,0x0b,0xc8,0x07,0x01,0x04,0x0d,0xae,0x16,0x2d,0xff,0xfe,0xa6,0xe8,0x68,0x20,0x8d,
    0x02,0x10,0x20,0x01,0x0b,0xc8,0x07,0x01,0x07,0x06,0x7e,0xc2,0x55,0xff,0xfe,0x9d,0x56,0xbc,0x20,0x8d,
    0x02,0x10,0x20,0x01,0x0d,0xf1,0x58,0x40,0x50,0x10,0xaa,0x3d,0x65,0x40,0x86,0x81,0x3f,0xa6,0x20,0x8d,
    0x02,0x10,0x20,0x01,0x0e,0x68,0x54,0x2c,0x3b,0xa8,0x72,0x70,0xfc,0xff,0xfe,0x05,0x03,0xcd,0x20,0x8d,
    0x02,0x10,0x20,0x01,0x0f,0x40,0x09,0x06,0x11,0xff,0xb1,0x34,0x38,0xe8,0x0e,0x87,0x91,0xf4,0x20,0x8d,
    0x02,0x10,0x20,0x01,0x0f,0x40,0x09,0x08,0xb1,0x5f,0x62,0x5d,0xd4,0xb0,0xb6,0xe4,0x11,0xd3,0x20,0x8d,
    0x02,0x10,0x20,0x01,0x0f,0x40,0x09,0x62,0xab,0x89,0x1e,0x1b,0x0d,0xff,0xfe,0x9c,0x4f,0x64,0x20,0x8d,
    0x02,0x10,0x20,0x02,0x3e,0xd2,0xd9,0x7e,0x00,0x00,0x00,0x00,0x00,0x00,0x3e,0xd2,0xd9,0x7e,0x20,0x8d,
    0x02,0x10,0x20,0x03,0x01,0x06,0xe7,0x08,0x7a,0x00,0xb0,0x43,0xb9,0x54,0x7e,0x30,0xbf,0x2e,0x20,0x8d,
    0x02,0x10,0x20,0x03,0x00,0x0a,0x06,0x09,0xf9,0x00,0x00,0x00,0x00,0x00,0x00,0x00,0x00,0x02,0x20,0x8d,
    0x02,0x10,0x20,0x03,0x00,0x0a,0x06,0x09,0xf9,0x66,0x04,0x43,0x00,0x00,0x00,0x00,0x00,0x00,0x20,0x8d,
    0x02,0x10,0x20,0x03,0x00,0xd1,0x47,0x36,0x2d,0x00,0x62,0xcf,0x84,0xff,0xfe,0x9e,0x53,0x5e,0x20,0x8d,
    0x02,0x10,0x20,0x03,0x00,0xdc,0x2f,0x2b,0xf3,0x00,0x4e,0xcc,0x6a,0xff,0xfe,0x25,0xc9,0xa3,0x20,0x8d,
    0x02,0x10,0x24,0x00,0x61,0x80,0x00,0x00,0x00,0xd0,0x00,0x00,0x00,0x00,0x0c,0x73,0x40,0x01,0x20,0x8d,
    0x02,0x10,0x24,0x00,0x61,0x80,0x00,0x00,0x00,0xd2,0x00,0x00,0x00,0x00,0x78,0xb7,0x70,0x00,0x20,0x8d,
    0x02,0x10,0x24,0x00,0x61,0x80,0x00,0x00,0x00,0xd2,0x00,0x00,0x00,0x00,0x78,0xb7,0x70,0x01,0x20,0x8d,
    0x02,0x10,0x24,0x00,0x89,0x01,0x00,0x00,0x00,0x00,0xf0,0x3c,0x92,0xff,0xfe,0x4e,0x95,0xf3,0x20,0x8d,
    0x02,0x10,0x24,0x00,0x8a,0x20,0x01,0x12,0x00,0x06,0x00,0x00,0x00,0x00,0x00,0x00,0x00,0x02,0x20,0x8d,
    0x02,0x10,0x24,0x01,0xb1,0x40,0x00,0x03,0x00,0x00,0x00,0x00,0x00,0x00,0x00,0x44,0x01,0x20,0x20,0x8d,
    0x02,0x10,0x24,0x01,0xd0,0x02,0x21,0x03,0x04,0x00,0x02,0x11,0x32,0xff,0xfe,0x9e,0x7a,0xe3,0x20,0x8d,
    0x02,0x10,0x24,0x01,0xd0,0x02,0x33,0x03,0xbc,0x00,0x00,0x00,0x00,0x00,0x00,0x00,0x00,0x03,0x20,0x8d,
    0x02,0x10,0x24,0x01,0xd0,0x02,0x39,0x02,0x07,0x00,0xd7,0x2c,0x5e,0x22,0x4e,0x95,0x38,0x9d,0x20,0x8d,
    0x02,0x10,0x24,0x02,0x87,0x80,0x10,0x71,0x11,0x74,0x05,0xe0,0x9e,0x56,0x74,0xdb,0x95,0x81,0x20,0x8d,
    0x02,0x10,0x24,0x02,0xa7,0xc0,0x81,0x00,0xa0,0x15,0x00,0x00,0x00,0x00,0x06,0xf2,0x79,0xa5,0x20,0x8d,
    0x02,0x10,0x24,0x03,0x62,0x00,0x88,0x58,0xee,0xb0,0x02,0x9f,0xe8,0x90,0xd9,0x5c,0x25,0x77,0x20,0x8d,
    0x02,0x10,0x24,0x03,0x62,0x00,0x88,0x58,0xee,0xb0,0x4a,0xfb,0x0a,0x02,0x86,0x43,0xa3,0xef,0x20,0x8d,
    0x02,0x10,0x24,0x03,0x62,0x00,0x88,0x70,0xbd,0xc1,0x00,0x00,0x00,0x00,0x00,0x00,0x00,0x01,0x20,0x8d,
    0x02,0x10,0x24,0x03,0x62,0x00,0x88,0x70,0xbd,0xc1,0xd6,0x01,0xc3,0xff,0xfe,0x5d,0x0d,0x33,0x20,0x8d,
    0x02,0x10,0x24,0x04,0x44,0x00,0xa1,0x00,0xd4,0x00,0x6a,0x07,0x15,0xff,0xfe,0x5e,0x3a,0x30,0x20,0x8d,
    0x02,0x10,0x24,0x04,0x44,0x08,0x63,0x9c,0xf8,0x01,0x00,0x00,0x00,0x00,0x00,0x00,0x02,0x50,0x20,0x8d,
    0x02,0x10,0x24,0x04,0x80,0x00,0x10,0x04,0x07,0x53,0x19,0xdf,0xfd,0xa5,0xd2,0xce,0x10,0xd4,0x20,0x8d,
    0x02,0x10,0x24,0x04,0x94,0x00,0x00,0x04,0x00,0x00,0x02,0x16,0x3e,0xff,0xfe,0xe8,0x1a,0x40,0x20,0x8d,
    0x02,0x10,0x24,0x04,0xff,0x80,0x01,0x02,0x00,0x00,0x00,0x00,0x00,0x00,0x00,0x00,0x00,0x03,0x20,0x8d,
    0x02,0x10,0x24,0x05,0x12,0x06,0xc0,0x87,0x03,0x00,0x00,0x00,0x00,0x00,0x27,0x37,0xdc,0x8e,0x20,0x8d,
    0x02,0x10,0x24,0x05,0x65,0x81,0x1f,0x40,0x2f,0x00,0x08,0x3b,0xc4,0x16,0x36,0xb9,0x9b,0xd9,0x20,0x8d,
    0x02,0x10,0x24,0x06,0x30,0x03,0x20,0x05,0x5e,0xee,0x0d,0x21,0x2d,0xb4,0x66,0x98,0x53,0xf6,0x20,0x8d,
    0x02,0x10,0x24,0x06,0xda,0x12,0x0c,0xe1,0xf0,0x00,0xd6,0x27,0xd9,0x88,0x93,0xd0,0x50,0x02,0x20,0x8d,
    0x02,0x10,0x24,0x06,0xda,0x1a,0x05,0xb2,0xea,0x00,0x65,0xc9,0x48,0x8f,0x17,0xf4,0xfc,0xcc,0x20,0x8d,
    0x02,0x10,0x24,0x06,0xda,0x1c,0x05,0x0b,0xcd,0x00,0x53,0xa5,0x37,0xb1,0xaf,0x60,0x01,0xf9,0x20,0x8d,
    0x02,0x10,0x24,0x07,0x36,0x40,0x21,0x07,0x12,0x78,0x00,0x00,0x00,0x00,0x00,0x00,0x00,0x01,0x20,0x8d,
    0x02,0x10,0x24,0x07,0x36,0x40,0x23,0x17,0x08,0x67,0x00,0x00,0x00,0x00,0x00,0x00,0x00,0x01,0x20,0x8d,
    0x02,0x10,0x24,0x07,0x4b,0x00,0x4c,0x0d,0x08,0xfd,0x9e,0x81,0xc7,0x7b,0xb2,0x0a,0x77,0xf8,0x20,0x8d,
    0x02,0x10,0x24,0x07,0x70,0x00,0xb0,0x87,0x0b,0x00,0x5e,0x4d,0xd9,0x5c,0x6e,0xfd,0x96,0xcf,0x20,0x8d,
    0x02,0x10,0x24,0x07,0x88,0x00,0xbc,0x61,0x22,0x06,0x1a,0xc0,0x4d,0xff,0xfe,0xa4,0x80,0x03,0x20,0x8d,
    0x02,0x10,0x24,0x09,0x02,0x51,0x06,0xe0,0x5b,0x00,0x52,0x83,0x83,0x11,0xff,0x27,0x4e,0x4f,0x20,0x8d,
    0x02,0x10,0x24,0x09,0x8a,0x00,0x24,0x95,0xc7,0x30,0xf1,0x78,0xee,0xb4,0xe1,0x50,0xbc,0x92,0x20,0x8d,
    0x02,0x10,0x24,0x09,0x8a,0x00,0x84,0x21,0x43,0x00,0x74,0x90,0x5d,0xf7,0x60,0x27,0xc8,0x22,0x20,0x8d,
    0x02,0x10,0x24,0x0b,0x00,0x11,0x43,0xa1,0xbd,0x00,0x58,0xa9,0xe9,0xc5,0x56,0x21,0xed,0x9d,0x20,0x8d,
    0x02,0x10,0x24,0x0b,0x00,0x13,0xe0,0xe3,0x27,0x00,0xbe,0x24,0x11,0xff,0xfe,0x97,0x57,0x55,0x20,0x8d,
    0x02,0x10,0x24,0x0b,0x02,0x50,0x45,0x00,0x5c,0x00,0x23,0xd0,0x31,0xfd,0x3c,0x8c,0x62,0x9b,0x20,0x8d,
    0x02,0x10,0x24,0x0d,0x00,0x00,0xc0,0x7c,0x96,0x00,0x6a,0x05,0xca,0xff,0xfe,0x21,0xbc,0xb8,0x20,0x8d,
    0x02,0x10,0x24,0x0e,0x0b,0x8f,0xbd,0xe8,0x5d,0x00,0x2a,0x50,0x2f,0x2a,0x31,0x9c,0xa7,0x42,0x20,0x8d,
    0x02,0x10,0x24,0x0f,0x00,0x67,0x14,0x02,0x00,0x01,0x00,0x00,0x00,0x00,0x00,0x00,0x00,0x05,0x20,0x8d,
    0x02,0x10,0x26,0x00,0x10,0x02,0xa0,0x13,0xb1,0xee,0x03,0xba,0x87,0xac,0xfa,0x5f,0xd9,0x44,0x20,0x8d,
    0x02,0x10,0x26,0x00,0x17,0x00,0x20,0xd5,0x88,0x10,0xb4,0x1f,0xa7,0x4b,0xb1,0x76,0x03,0x98,0x20,0x8d,
    0x02,0x10,0x26,0x00,0x17,0x00,0x6f,0x20,0xab,0xc4,0x6b,0x7c,0x81,0x1e,0x9f,0xcc,0x40,0xe7,0x20,0x8d,
    0x02,0x10,0x26,0x00,0x17,0x00,0x7c,0x25,0x56,0x10,0x00,0x00,0x00,0x00,0x00,0x00,0x00,0x3c,0x20,0x8d,
    0x02,0x10,0x26,0x00,0x17,0x00,0x7f,0x40,0x53,0x1f,0xbe,0x24,0x11,0xff,0xfe,0x9f,0x17,0x5f,0x20,0x8d,
    0x02,0x10,0x26,0x00,0x17,0x01,0x04,0x18,0x33,0x50,0x8f,0x61,0x2d,0xd5,0xd8,0xa8,0x03,0x05,0x20,0x8d,
    0x02,0x10,0x26,0x00,0x17,0x02,0x26,0xe0,0xa3,0x81,0x00,0xff,0xf0,0xff,0xfe,0x59,0x03,0xdd,0x20,0x8d,
    0x02,0x10,0x26,0x00,0x17,0x02,0x56,0x11,0xa6,0x00,0x00,0x00,0x00,0x00,0x00,0x00,0x00,0x47,0x20,0x8d,
    0x02,0x10,0x26,0x00,0x17,0x02,0x57,0xf0,0x11,0xc0,0x00,0x00,0x00,0x00,0x00,0x00,0x19,0xd8,0x20,0x8d,
    0x02,0x10,0x26,0x00,0x17,0x02,0x7a,0xa0,0x10,0xb0,0x26,0x6e,0x96,0xff,0xfe,0x46,0x90,0x60,0x20,0x8d,
    0x02,0x10,0x26,0x00,0x17,0x02,0x7a,0xa0,0x10,0xb0,0x26,0x6e,0x96,0xff,0xfe,0x46,0x92,0x18,0x20,0x8d,
    0x02,0x10,0x26,0x00,0x19,0x00,0x40,0x00,0x4c,0xc4,0x00,0x00,0x00,0x12,0x00,0x00,0x00,0x00,0x20,0x8d,
    0x02,0x10,0x26,0x00,0x19,0x00,0x40,0x10,0x03,0x03,0x00,0x00,0x00,0x01,0x00,0x00,0x00,0x00,0x20,0x8d,
    0x02,0x10,0x26,0x00,0x19,0x00,0x40,0x10,0x00,0xb0,0x00,0x00,0x00,0x00,0x00,0x00,0x00,0x00,0x20,0x8d,
    0x02,0x10,0x26,0x00,0x19,0x00,0x40,0x30,0xe2,0x31,0x00,0x00,0x00,0x00,0x00,0x00,0x00,0x00,0x20,0x8d,
    0x02,0x10,0x26,0x00,0x19,0x00,0x40,0xa0,0xb1,0x91,0x00,0x00,0x00,0x03,0x00,0x00,0x00,0x00,0x20,0x8d,
    0x02,0x10,0x26,0x00,0x19,0x00,0x40,0xa0,0xbe,0x9b,0x00,0x00,0x00,0x02,0x00,0x00,0x00,0x00,0x20,0x8d,
    0x02,0x10,0x26,0x00,0x19,0x00,0x40,0xb0,0x53,0x21,0x00,0x00,0x00,0x01,0x00,0x00,0x00,0x00,0x20,0x8d,
    0x02,0x10,0x26,0x00,0x19,0x00,0x40,0xf0,0x02,0xa3,0x00,0x00,0x00,0x00,0x00,0x00,0x00,0x00,0x20,0x8d,
    0x02,0x10,0x26,0x00,0x19,0x00,0x41,0x20,0x95,0x2a,0x00,0x00,0x00,0x01,0x00,0x00,0x00,0x00,0x20,0x8d,
    0x02,0x10,0x26,0x00,0x19,0x01,0x81,0x70,0x04,0xbb,0x00,0x00,0x00,0x00,0x00,0x00,0x00,0x00,0x20,0x8d,
    0x02,0x10,0x26,0x00,0x1f,0x11,0x0b,0x5e,0x2a,0x00,0xc6,0x0f,0x2c,0x3b,0x38,0x9a,0xf6,0x3a,0x20,0x8d,
    0x02,0x10,0x26,0x00,0x1f,0x16,0x0a,0x08,0xb9,0x00,0x80,0xa2,0x0b,0x5e,0x4b,0x5d,0xf5,0xe2,0x20,0x8d,
    0x02,0x10,0x26,0x00,0x1f,0x18,0x66,0xfc,0xd7,0x00,0x21,0x4c,0x96,0x28,0x53,0x25,0x67,0xfc,0x20,0x8d,
    0x02,0x10,0x26,0x00,0x1f,0x18,0x66,0xfc,0xd7,0x00,0x49,0x6a,0xa5,0x32,0x8c,0xaa,0x32,0xbd,0x20,0x8d,
    0x02,0x10,0x26,0x00,0x1f,0x18,0x66,0xfc,0xd7,0x00,0x71,0x33,0x38,0xb3,0x8b,0x0a,0x03,0x2f,0x20,0x8d,
    0x02,0x10,0x26,0x00,0x1f,0x18,0x66,0xfc,0xd7,0x00,0x78,0x1f,0x8f,0xa8,0xeb,0x3e,0x33,0xdc,0x20,0x8d,
    0x02,0x10,0x26,0x00,0x1f,0x18,0x66,0xfc,0xd7,0x00,0x8d,0x26,0x51,0x04,0x61,0x08,0x86,0x91,0x20,0x8d,
    0x02,0x10,0x26,0x00,0x1f,0x18,0x66,0xfc,0xd7,0x00,0xaa,0xac,0x66,0x72,0x98,0xbe,0xa0,0xe5,0x20,0x8d,
    0x02,0x10,0x26,0x00,0x1f,0x18,0x66,0xfc,0xd7,0x00,0xbe,0x6f,0x27,0xa6,0x74,0x49,0xb1,0xc3,0x20,0x8d,
    0x02,0x10,0x26,0x00,0x1f,0x18,0x66,0xfc,0xd7,0x00,0xfb,0x0f,0x3b,0x9d,0xa7,0xc9,0x84,0xcd,0x20,0x8d,
    0x02,0x10,0x26,0x00,0x1f,0x18,0x71,0x9a,0xe3,0x02,0x27,0x58,0x80,0x42,0x92,0x9f,0xa3,0x84,0x20,0x8d,
    0x02,0x10,0x26,0x00,0x1f,0x18,0x71,0x9a,0xe3,0x02,0x4c,0x90,0xe1,0xe6,0x2a,0x59,0x82,0xc4,0x20,0x8d,
    0x02,0x10,0x26,0x00,0x1f,0x1e,0x02,0xfe,0x36,0x00,0x78,0x0a,0x4a,0x97,0xff,0x2a,0x3c,0x7e,0x20,0x8d,
    0x02,0x10,0x26,0x00,0x3c,0x02,0x00,0x00,0x00,0x00,0x20,0x00,0x97,0xff,0xfe,0x48,0xe5,0xa2,0x20,0x8d,
    0x02,0x10,0x26,0x00,0x3c,0x02,0x00,0x00,0x00,0x00,0x20,0x00,0xcf,0xff,0xfe,0xf7,0x92,0xd8,0x20,0x8d,
    0x02,0x10,0x26,0x00,0x3c,0x02,0x00,0x00,0x00,0x00,0xf0,0x3c,0x92,0xff,0xfe,0x5d,0x09,0xfb,0x20,0x8d,
    0x02,0x10,0x26,0x00,0x3c,0x02,0x00,0x00,0x00,0x00,0xf0,0x3c,0x93,0xff,0xfe,0x14,0xa4,0xf2,0x20,0x8d,
    0x02,0x10,0x26,0x00,0x3c,0x02,0xe0,0x04,0xcb,0x32,0x00,0x00,0x00,0x00,0x00,0x01,0x00,0xc8,0x20,0x8d,
    0x02,0x10,0x26,0x00,0x3c,0x06,0x00,0x00,0x00,0x00,0x20,0x00,0x15,0xff,0xfe,0x75,0xd4,0x14,0x20,0x8d,
    0x02,0x10,0x26,0x00,0x3c,0x06,0x00,0x00,0x00,0x00,0x20,0x00,0x8e,0xff,0xfe,0x23,0x97,0x87,0x20,0x8d,
    0x02,0x10,0x26,0x00,0x3c,0x0e,0x00,0x00,0x00,0x00,0xf0,0x3c,0x94,0xff,0xfe,0x63,0x2e,0x90,0x20,0x8d,
    0x02,0x10,0x26,0x00,0x40,0x40,0x20,0x24,0xb8,0x00,0x00,0x00,0x00,0x00,0x00,0x01,0xf4,0xae,0x20,0x8d,
    0x02,0x10,0x26,0x00,0x40,0x40,0x20,0x30,0x7f,0x00,0x00,0x00,0x00,0x00,0x00,0x01,0xf4,0xae,0x20,0x8d,
    0x02,0x10,0x26,0x00,0x40,0x40,0x22,0xc9,0x6c,0xc8,0x24,0x77,0x88,0xff,0xfe,0x3f,0x0a,0x12,0x20,0x8d,
    0x02,0x10,0x26,0x00,0x40,0x40,0x51,0xe8,0xec,0x06,0x02,0x0c,0x29,0xff,0xfe,0x5d,0xa9,0x67,0x20,0x8d,
    0x02,0x10,0x26,0x00,0x40,0x41,0x20,0x50,0x44,0x00,0x00,0x00,0x00,0x00,0x00,0x00,0x17,0xfe,0x20,0x8d,
    0x02,0x10,0x26,0x00,0x40,0x41,0x20,0x51,0xa1,0x00,0x00,0x00,0x00,0x00,0x00,0x00,0x17,0xfe,0x20,0x8d,
    0x02,0x10,0x26,0x00,0x48,0x08,0x8c,0xb3,0x87,0x00,0xa2,0x36,0x9f,0xff,0xfe,0x32,0x38,0xb0,0x20,0x8d,
    0x02,0x10,0x26,0x00,0x88,0x00,0x2b,0x8d,0xec,0x14,0x00,0x00,0x00,0x00,0x00,0x00,0x00,0x01,0x20,0x8d,
    0x02,0x10,0x26,0x00,0x88,0x00,0x32,0x80,0x00,0x4a,0x24,0x24,0x99,0x0d,0xca,0xd3,0x1b,0xa0,0x20,0x8d,
    0x02,0x10,0x26,0x00,0x88,0x01,0x2f,0x80,0x00,0xac,0x00,0x00,0x00,0x00,0x00,0x00,0x17,0x3e,0x20,0x8d,
    0x02,0x10,0x26,0x00,0x88,0x01,0x47,0xde,0x06,0xe4,0x8a,0xa2,0x9e,0xff,0xfe,0x07,0xce,0xdf,0x20,0x8d,
    0x02,0x10,0x26,0x01,0x01,0x47,0x4c,0x02,0xa0,0x51,0xba,0xce,0xf6,0xff,0xfe,0x95,0xdd,0xd0,0x20,0x8d,
    0x02,0x10,0x26,0x01,0x01,0x8c,0x8e,0x80,0xa3,0xc3,0x02,0x19,0xd1,0xff,0xfe,0x75,0xdc,0x2f,0x20,0x8d,
    0x02,0x10,0x26,0x01,0x02,0x46,0x4d,0x7f,0x9c,0x2f,0x39,0x77,0x35,0x41,0x7e,0xe5,0x2e,0xcd,0x20,0x8d,
    0x02,0x10,0x26,0x01,0x02,0xc1,0x85,0x00,0x01,0x98,0x1e,0x33,0xcd,0x83,0x6f,0xcf,0x46,0x68,0x20,0x8d,
    0x02,0x10,0x26,0x01,0x00,0x41,0xc2,0x00,0xbf,0x0b,0x92,0xb1,0x1c,0xff,0xfe,0x96,0xb1,0x98,0x20,0x8d,
    0x02,0x10,0x26,0x01,0x00,0x41,0xc3,0x00,0x94,0x89,0x2e,0x44,0xfd,0xff,0xfe,0x0e,0x68,0xca,0x20,0x8d,
    0x02,0x10,0x26,0x01,0x00,0x41,0xc3,0x00,0xf1,0x09,0x2e,0x44,0xfd,0xff,0xfe,0x0e,0x68,0xca,0x20,0x8d,
    0x02,0x10,0x26,0x01,0x06,0x02,0x86,0x80,0x0e,0xa7,0x90,0xad,0xb3,0x69,0xce,0x8a,0xbd,0xfe,0x20,0x8d,
    0x02,0x10,0x26,0x01,0x06,0x03,0x50,0x00,0x33,0x09,0x00,0x00,0x00,0xff,0xfe,0x00,0x42,0x09,0x20,0x8d,
    0x02,0x10,0x26,0x01,0x06,0x81,0x4a,0x00,0x51,0xb0,0xce,0x08,0xa2,0xd9,0xec,0xf4,0x47,0xb9,0x20,0x8d,
    0x02,0x10,0x26,0x01,0xb0,0x15,0xff,0x05,0xe8,0x95,0x00,0x00,0x00,0x00,0x00,0x00,0x00,0x39,0x20,0x8d,
    0x02,0x10,0x26,0x01,0xb0,0x1c,0x00,0xff,0xf3,0x00,0x00,0x00,0x00,0x00,0x00,0x00,0x04,0xae,0x20,0x8d,
    0x02,0x10,0x26,0x02,0x02,0x94,0x00,0x00,0x10,0x08,0x75,0x6c,0x7d,0x2d,0x1e,0x82,0x42,0x01,0x20,0x8d,
    0x02,0x10,0x26,0x02,0xf4,0x80,0x00,0xac,0xc0,0x10,0x00,0x00,0x00,0x00,0x00,0x00,0x00,0x50,0x20,0x8d,
    0x02,0x10,0x26,0x02,0xf4,0x80,0x00,0xac,0xc0,0x10,0x00,0x00,0x00,0x00,0x00,0x00,0x00,0x71,0x20,0x8d,
    0x02,0x10,0x26,0x02,0xf4,0x80,0x00,0xac,0xc0,0x10,0x00,0x00,0x00,0x00,0x00,0x00,0x00,0x77,0x20,0x8d,
    0x02,0x10,0x26,0x02,0xf6,0x87,0x00,0x01,0xc5,0xab,0xdc,0x5e,0x90,0xff,0xfe,0x18,0x1d,0x08,0x20,0x8d,
    0x02,0x10,0x26,0x02,0xfa,0x59,0x00,0x11,0x01,0x46,0x00,0x00,0x00,0x00,0x00,0x00,0x00,0x01,0x20,0x8d,
    0x02,0x10,0x26,0x02,0xfa,0x59,0x00,0x09,0x14,0xbe,0x00,0x00,0x00,0x00,0x00,0x00,0x00,0x01,0x20,0x8d,
    0x02,0x10,0x26,0x02,0xfb,0x57,0x0d,0xc8,0x00,0x00,0x00,0x00,0x00,0x00,0x00,0x00,0x00,0x36,0x20,0x8d,
    0x02,0x10,0x26,0x02,0xfb,0x57,0x0e,0xfe,0x00,0x00,0x00,0x00,0x00,0x00,0x00,0x00,0xc0,0x01,0x20,0x8d,
    0x02,0x10,0x26,0x02,0xfd,0x23,0x00,0x03,0x00,0x01,0x00,0x00,0x00,0x00,0x00,0x01,0x02,0x13,0x20,0x8d,
    0x02,0x10,0x26,0x02,0xfe,0xc3,0x01,0x01,0x00,0x0e,0x00,0x00,0x00,0x00,0x00,0x05,0x00,0x73,0x20,0x8d,
    0x02,0x10,0x26,0x02,0xfe,0xc3,0x01,0x01,0x00,0x0f,0x00,0x00,0x00,0x00,0x00,0x12,0x00,0x73,0x20,0x8d,
    0x02,0x10,0x26,0x03,0x10,0x30,0x0c,0x04,0x00,0x00,0x00,0x00,0x00,0x00,0x00,0x00,0x00,0x22,0x20,0x8d,
    0x02,0x10,0x26,0x03,0x30,0x00,0x0e,0x18,0x22,0x00,0x40,0x53,0xba,0xff,0xfe,0x6b,0x9c,0x07,0x20,0x8d,
    0x02,0x10,0x26,0x03,0x30,0x05,0x54,0x9d,0x22,0x01,0x20,0xb5,0x71,0xff,0xfe,0xdc,0xbc,0x9a,0x20,0x8d,
    0x02,0x10,0x26,0x03,0x30,0x07,0x07,0x01,0x80,0x00,0x47,0x48,0x18,0x89,0x72,0x00,0x06,0xd2,0x20,0x8d,
    0x02,0x10,0x26,0x03,0x30,0x0a,0x09,0x12,0x62,0x7a,0xbe,0x24,0x11,0xff,0xfe,0x7b,0x39,0xc3,0x20,0x8d,
    0x02,0x10,0x26,0x03,0x30,0x11,0x01,0x12,0x79,0x00,0x00,0x00,0x00,0x00,0x00,0x00,0x13,0xf9,0x20,0x8d,
    0x02,0x10,0x26,0x03,0x80,0x81,0x6c,0x00,0x00,0x6d,0x02,0x15,0x5d,0xff,0xfe,0x02,0x15,0x82,0x20,0x8d,
    0x02,0x10,0x26,0x03,0x90,0x0b,0xcf,0x40,0x3e,0x00,0x02,0x16,0x96,0xff,0xfe,0xed,0x29,0x30,0x20,0x8d,
    0x02,0x10,0x26,0x03,0x90,0x0b,0xe4,0x00,0x01,0xdf,0xad,0x07,0xea,0x3e,0x9c,0x6e,0xc6,0x0a,0x20,0x8d,
    0x02,0x10,0x26,0x03,0xc0,0x21,0x00,0x04,0xdb,0x01,0x45,0xf9,0x66,0xce,0x47,0xf0,0x9b,0x34,0x20,0x8d,
    0x02,0x10,0x26,0x04,0x2d,0x80,0x99,0x80,0xed,0x00,0x7f,0x2c,0x3d,0xe2,0x62,0xdc,0x48,0x10,0x20,0x8d,
    0x02,0x10,0x26,0x04,0x2d,0x80,0xf0,0x82,0x18,0x00,0xdf,0x26,0x1a,0x0e,0x3b,0xbd,0xe5,0xaf,0x20,0x8d,
    0x02,0x10,0x26,0x04,0x2d,0xc0,0x01,0x00,0x19,0x9f,0x00,0x00,0x00,0x00,0x00,0x00,0x00,0x00,0x20,0x8d,
    0x02,0x10,0x26,0x04,0x2d,0xc0,0x01,0x45,0xe8,0x00,0x00,0x00,0x00,0x00,0x00,0x00,0x00,0x00,0x20,0x8d,
    0x02,0x10,0x26,0x04,0x2d,0xc0,0x01,0x4a,0x3a,0x00,0x00,0x00,0x00,0x00,0x00,0x00,0x00,0x00,0x20,0x8d,
    0x02,0x10,0x26,0x04,0x45,0x00,0x00,0x06,0x02,0x85,0x00,0x00,0x00,0x00,0x00,0x00,0x00,0x18,0x20,0x8d,
    0x02,0x10,0x26,0x04,0x4c,0x40,0x30,0x19,0xf0,0x4b,0x00,0x00,0x00,0x00,0x00,0x00,0x07,0x6f,0x20,0x8d,
    0x02,0x10,0x26,0x04,0x59,0x40,0x00,0x00,0x03,0x27,0x00,0x00,0x00,0x00,0x00,0x00,0x00,0x00,0x20,0x8d,
    0x02,0x10,0x26,0x04,0x0a,0x00,0x2d,0xf0,0x00,0x05,0xda,0xe1,0x14,0xf3,0x40,0xa5,0x78,0xb3,0x20,0x8d,
    0x02,0x10,0x26,0x04,0x0a,0x00,0x00,0x50,0x01,0x3e,0x02,0x16,0x3e,0xff,0xfe,0x2e,0xd8,0xc3,0x20,0x8d,
    0x02,0x10,0x26,0x04,0x0a,0x00,0x00,0x50,0x02,0x02,0x02,0x16,0x3e,0xff,0xfe,0x31,0xeb,0x48,0x20,0x8d,
    0x02,0x10,0x26,0x04,0x0a,0x00,0x00,0x50,0x02,0x12,0x02,0x16,0x3e,0xff,0xfe,0x2f,0x37,0xa5,0x20,0x8d,
    0x02,0x10,0x26,0x04,0x0a,0x00,0x00,0x50,0x00,0xb5,0x02,0x16,0x3e,0xff,0xfe,0x31,0xeb,0x48,0x20,0x8d,
    0x02,0x10,0x26,0x04,0xa8,0x80,0x04,0x00,0x00,0xd1,0x00,0x00,0x00,0x00,0x61,0x43,0x00,0x01,0x20,0x8d,
    0x02,0x10,0x26,0x04,0xa8,0x80,0x0c,0xad,0x00,0xd0,0x00,0x00,0x00,0x00,0x75,0xb2,0x30,0x02,0x20,0x8d,
    0x02,0x10,0x26,0x04,0xa8,0x80,0x0c,0xad,0x00,0xd0,0x00,0x00,0x00,0x00,0x75,0xb2,0x40,0x01,0x20,0x8d,
    0x02,0x10,0x26,0x04,0xa8,0x80,0x0c,0xad,0x00,0xd0,0x00,0x00,0x00,0x00,0x75,0xb2,0x40,0x02,0x20,0x8d,
    0x02,0x10,0x26,0x05,0x33,0x80,0x42,0x2e,0x00,0x01,0x00,0x00,0x00,0x00,0x00,0x00,0x00,0x50,0x20,0x8d,
    0x02,0x10,0x26,0x05,0x59,0xc8,0x22,0x1d,0x50,0x00,0x04,0xfc,0xa5,0x71,0x95,0x68,0x6a,0x9a,0x20,0x8d,
    0x02,0x10,0x26,0x05,0x59,0xc8,0x46,0x2f,0xea,0x01,0x29,0xb1,0x0a,0x5d,0xde,0x61,0xb5,0x97,0x20,0x8d,
    0x02,0x10,0x26,0x05,0x59,0xc8,0x46,0x2f,0xea,0x01,0xb0,0xe5,0x08,0x30,0x6d,0x01,0x7e,0xe8,0x20,0x8d,
    0x02,0x10,0x26,0x05,0x59,0xca,0x65,0x00,0x84,0xaf,0xa7,0x41,0xb5,0x32,0x03,0x51,0xc5,0xde,0x20,0x8d,
    0x02,0x10,0x26,0x05,0x64,0x40,0x30,0x01,0x00,0xa9,0x3e,0xec,0xef,0xff,0xfe,0x20,0x9b,0x2c,0x20,0x8d,
    0x02,0x10,0x26,0x05,0x64,0x40,0x30,0x01,0x00,0xa9,0x00,0x00,0x00,0x00,0x00,0x00,0x00,0x02,0x20,0x8d,
    0x02,0x10,0x26,0x05,0x64,0x40,0xd0,0x00,0x02,0xa0,0x92,0x5a,0x08,0xff,0xfe,0x2e,0x83,0x6f,0x20,0x8d,
    0x02,0x10,0x26,0x05,0xa1,0x40,0x22,0x34,0x82,0x74,0x00,0x00,0x00,0x00,0x00,0x00,0x00,0x01,0x20,0x8d,
    0x02,0x10,0x26,0x05,0xa1,0x40,0x23,0x20,0x18,0x72,0x00,0x00,0x00,0x00,0x00,0x00,0x00,0x01,0x20,0x8d,
    0x02,0x10,0x26,0x05,0xa1,0x40,0x00,0x06,0x69,0x96,0x00,0x00,0x00,0x00,0x00,0x00,0x00,0x01,0x20,0x8d,
    0x02,0x10,0x26,0x05,0xa1,0x41,0x23,0x13,0x16,0x97,0x00,0x00,0x00,0x00,0x00,0x00,0x00,0x01,0x20,0x8d,
    0x02,0x10,0x26,0x05,0xa1,0x42,0x22,0x93,0x26,0x93,0x00,0x00,0x00,0x00,0x00,0x00,0x00,0x01,0x20,0x8d,
    0x02,0x10,0x26,0x05,0xa1,0x43,0x21,0x62,0x70,0x67,0x00,0x00,0x00,0x00,0x00,0x00,0x00,0x01,0x20,0x8d,
    0x02,0x10,0x26,0x05,0xa1,0x43,0x22,0x69,0x44,0x85,0x00,0x00,0x00,0x00,0x00,0x00,0x00,0x01,0x20,0x8d,
    0x02,0x10,0x26,0x05,0xa1,0x44,0x23,0x31,0x37,0x08,0x00,0x00,0x00,0x00,0x00,0x00,0x00,0x01,0x20,0x8d,
    0x02,0x10,0x26,0x05,0xa1,0x44,0x23,0x45,0x27,0x67,0x00,0x00,0x00,0x00,0x00,0x00,0x00,0x01,0x20,0x8d,
    0x02,0x10,0x26,0x05,0xa6,0x01,0x90,0x60,0xfa,0x00,0x84,0xc8,0x1a,0xff,0xfe,0xf7,0x2e,0x5d,0x20,0x8d,
    0x02,0x10,0x26,0x05,0xa6,0x01,0xa6,0x1b,0x6c,0x00,0x50,0x54,0x00,0xff,0xfe,0x66,0xc0,0xa1,0x20,0x8d,
    0x02,0x10,0x26,0x05,0xa6,0x01,0xa9,0xba,0x9d,0x00,0x00,0x00,0x00,0x00,0x00,0x00,0x00,0x03,0x20,0x8d,
    0x02,0x10,0x26,0x05,0xa6,0x01,0xac,0xef,0x25,0x00,0x4f,0xfa,0x26,0xd3,0x6b,0xb2,0xf3,0xff,0x20,0x8d,
    0x02,0x10,0x26,0x05,0xad,0x80,0x00,0x33,0xa0,0x11,0x04,0x8a,0x85,0xc1,0x67,0x4d,0x0c,0x43,0x20,0x8d,
    0x02,0x10,0x26,0x05,0xad,0x80,0x00,0x33,0xa0,0x11,0x08,0x12,0x99,0xfc,0xad,0x0e,0x76,0xb8,0x20,0x8d,
    0x02,0x10,0x26,0x06,0x26,0x02,0x3a,0x01,0x00,0x00,0xcf,0x65,0x35,0xc5,0x11,0x6f,0x09,0x53,0x20,0x8d,
    0x02,0x10,0x26,0x06,0x26,0x02,0x3a,0x01,0x00,0x00,0x00,0x00,0x00,0x00,0x00,0x00,0x09,0x2b,0x20,0x8d,
    0x02,0x10,0x26,0x06,0x71,0x00,0x1c,0xab,0x00,0x01,0x00,0x00,0x00,0x00,0x00,0x00,0x00,0x01,0x20,0x8d,
    0x02,0x10,0x26,0x06,0x82,0x40,0x81,0x13,0xfc,0x92,0xc5,0xce,0x43,0xe3,0xdd,0x73,0x71,0xc5,0x20,0x8d,
    0x02,0x10,0x26,0x06,0x9f,0x40,0x10,0x04,0x80,0x00,0x02,0x16,0x3e,0xff,0xfe,0xd2,0xa0,0x5e,0x20,0x8d,
    0x02,0x10,0x26,0x07,0x53,0x00,0x02,0x03,0x29,0x3e,0x00,0x00,0x00,0x00,0x00,0x00,0x00,0x01,0x20,0x8d,
    0x02,0x10,0x26,0x07,0x53,0x00,0x02,0x03,0x5b,0x84,0x00,0x00,0x00,0x00,0x00,0x00,0x00,0x01,0x20,0x8d,
    0x02,0x10,0x26,0x07,0x53,0x00,0x02,0x03,0x75,0x67,0x0c,0x8e,0xa7,0xa9,0x60,0xf2,0xf8,0x3a,0x20,0x8d,
    0x02,0x10,0x26,0x07,0x53,0x00,0x00,0x60,0x2e,0x54,0x00,0x00,0x00,0x00,0x00,0x00,0x00,0x01,0x20,0x8d,
    0x02,0x10,0x26,0x07,0x7b,0x80,0x40,0x40,0x1f,0x69,0x00,0x00,0x00,0x00,0x00,0x00,0x07,0x0f,0x20,0x8d,
    0x02,0x10,0x26,0x07,0x92,0x80,0x00,0x0b,0x07,0x3b,0x02,0x50,0x56,0xff,0xfe,0x14,0x25,0xb5,0x20,0x8d,
    0x02,0x10,0x26,0x07,0x92,0x80,0x00,0x0b,0x07,0x3b,0x02,0x50,0x56,0xff,0xfe,0x21,0xbf,0x32,0x20,0x8d,
    0x02,0x10,0x26,0x07,0x92,0x80,0x00,0x0b,0x07,0x3b,0x02,0x50,0x56,0xff,0xfe,0x3d,0x04,0x01,0x20,0x8d,
    0x02,0x10,0x26,0x07,0xc9,0xc0,0x04,0x10,0x07,0xb0,0x00,0x00,0x00,0x00,0x00,0x00,0x06,0xd5,0x20,0x8d,
    0x02,0x10,0x26,0x07,0xf1,0x78,0x00,0x10,0x00,0x43,0x07,0x56,0x3a,0x3f,0xe3,0xbb,0xe7,0xe3,0x20,0x8d,
    0x02,0x10,0x26,0x07,0xf1,0xc0,0xf0,0xce,0xa6,0x00,0x00,0x00,0x00,0x00,0x00,0x00,0x00,0x01,0x20,0x8d,
    0x02,0x10,0x26,0x07,0xf2,0xc0,0xf0,0x0e,0x03,0x00,0x00,0x00,0x00,0x00,0x00,0x00,0x00,0x54,0x20,0x8d,
    0x02,0x10,0x26,0x07,0xf2,0xd8,0x40,0x1b,0x11,0x54,0x00,0x00,0x00,0x00,0x00,0x00,0x00,0x0a,0x20,0x8d,
    0x02,0x10,0x26,0x07,0xf2,0xf8,0xad,0x40,0x0b,0xc1,0x00,0x00,0x00,0x00,0x00,0x00,0x00,0x01,0x20,0x8d,
    0x02,0x10,0x26,0x07,0xf8,0x98,0x40,0x2e,0x01,0x5a,0x99,0x05,0xf0,0x67,0x17,0x6d,0xb0,0x5b,0x20,0x8d,
    0x02,0x10,0x26,0x07,0xfc,0xc8,0xff,0xc0,0x00,0xb6,0x19,0x00,0xd0,0xa1,0x63,0x72,0xe5,0x69,0x20,0x8d,
    0x02,0x10,0x26,0x07,0xfe,0x28,0x20,0x9f,0x97,0x00,0x06,0xd9,0xf5,0xff,0xfe,0x39,0x21,0x87,0x20,0x8d,
    0x02,0x10,0x26,0x20,0x01,0x06,0x80,0x00,0x00,0x00,0x00,0x00,0x00,0x00,0x00,0x00,0x00,0x15,0x20,0x8d,
    0x02,0x10,0x26,0x20,0x00,0x06,0x20,0x03,0x01,0x05,0x06,0x7c,0x16,0xff,0xfe,0x51,0x58,0xbf,0x20,0x8d,
    0x02,0x10,0x26,0x20,0x00,0x6e,0xa0,0x00,0x00,0x01,0x00,0x42,0x00,0x42,0x00,0x42,0x00,0x42,0x20,0x8d,
    0x02,0x10,0x28,0x00,0x02,0x00,0xe3,0x30,0x01,0x0f,0xcb,0xe3,0xc0,0x13,0x6f,0x3c,0xc5,0x3c,0x20,0x8d,
    0x02,0x10,0x28,0x00,0x00,0x40,0x00,0x38,0x8b,0x4d,0xa2,0x36,0xbc,0xff,0xfe,0x58,0xb6,0xec,0x20,0x8d,
    0x02,0x10,0x28,0x00,0x04,0x84,0x33,0x76,0xf5,0x01,0x11,0x11,0x11,0x11,0x11,0x11,0x11,0x11,0x20,0x8d,
    0x02,0x10,0x28,0x03,0x43,0x20,0x0b,0x81,0xb6,0x00,0x05,0x80,0x69,0x96,0x26,0xd7,0xd2,0xc4,0x20,0x8d,
    0x02,0x10,0x28,0x03,0x98,0x00,0x98,0xcb,0x75,0xed,0x86,0x47,0x09,0xff,0xfe,0x1f,0x0c,0xcb,0x20,0x8d,
    0x02,0x10,0x28,0x04,0x01,0x4c,0x01,0x23,0x82,0xab,0x86,0x47,0x09,0xff,0xfe,0x84,0x1b,0x23,0x20,0x8d,
    0x02,0x10,0x28,0x04,0x01,0x4c,0x01,0x23,0x82,0xab,0xbc,0x84,0x1b,0xff,0xfe,0x29,0xc9,0x9b,0x20,0x8d,
    0x02,0x10,0x28,0x04,0x01,0x4d,0x5c,0x85,0x8f,0x49,0x00,0x00,0x00,0x00,0x00,0x00,0x06,0x4d,0x20,0x8d,
    0x02,0x10,0x28,0x04,0x16,0xd8,0xba,0xa1,0x01,0x00,0x6a,0x1d,0xef,0xff,0xfe,0x4a,0x4d,0xbc,0x20,0x8d,
    0x02,0x10,0x28,0x04,0x04,0x31,0xe0,0x38,0xcd,0x01,0xaa,0xa1,0x59,0xff,0xfe,0x0d,0x44,0xb8,0x20,0x8d,
    0x02,0x10,0x28,0x04,0x0d,0x51,0x47,0x6b,0x68,0x00,0x51,0x60,0x45,0x30,0x58,0xbb,0x13,0xb3,0x20,0x8d,
    0x02,0x10,0x28,0x04,0x0d,0x59,0xaa,0x1b,0x4f,0x00,0x35,0x2e,0x8c,0x71,0xeb,0xea,0xb4,0x0e,0x20,0x8d,
    0x02,0x10,0x28,0x04,0x0d,0x59,0xaa,0x1b,0x4f,0x00,0x9e,0x29,0x76,0xff,0xfe,0x02,0xd6,0xfe,0x20,0x8d,
    0x02,0x10,0x28,0x06,0x02,0xf0,0x56,0xe0,0xf4,0x0b,0x72,0x9f,0xc8,0xf8,0x1d,0x77,0xe9,0x71,0x20,0x8d,
    0x02,0x10,0x28,0x06,0x02,0xf0,0xa4,0x80,0xf2,0xa7,0x00,0x00,0x00,0x00,0x00,0x00,0x00,0x03,0x20,0x8d,
    0x02,0x10,0x2a,0x00,0x11,0x90,0xde,0x02,0xd7,0x00,0xc6,0x62,0x37,0xff,0xfe,0x0c,0x16,0x58,0x20,0x8d,
    0x02,0x10,0x2a,0x00,0x11,0xc0,0x00,0x47,0x1c,0x1c,0x00,0x00,0x00,0x00,0x00,0x00,0x00,0x00,0x20,0x8d,
    0x02,0x10,0x2a,0x00,0x12,0xe0,0x01,0x01,0x00,0x99,0x02,0x0c,0x29,0xff,0xfe,0x29,0xd0,0x3f,0x20,0x8d,
    0x02,0x10,0x2a,0x00,0x13,0x70,0x81,0x8e,0x5e,0x67,0xda,0x9e,0xf3,0xff,0xfe,0x2c,0xd6,0x9f,0x20,0x8d,
    0x02,0x10,0x2a,0x00,0x13,0x98,0x00,0x04,0x2a,0x03,0x00,0x00,0x00,0x00,0x00,0x00,0xbc,0x03,0x20,0x8d,
    0x02,0x10,0x2a,0x00,0x15,0xc0,0x30,0x0a,0x01,0x00,0x00,0x00,0x00,0x00,0x00,0x00,0x00,0x01,0x20,0x8d,
    0x02,0x10,0x2a,0x00,0x17,0x68,0x20,0x01,0x00,0x27,0x00,0x00,0x00,0x00,0x00,0x00,0xef,0x6a,0x20,0x8d,
    0x02,0x10,0x2a,0x00,0x1a,0x08,0xff,0xff,0x00,0x05,0x00,0x00,0x00,0x00,0x00,0x00,0x00,0x11,0x20,0x8d,
    0x02,0x10,0x2a,0x00,0x00,0x1e,0x78,0x83,0xa7,0x01,0xa2,0x29,0x19,0xff,0xfe,0x2d,0x8d,0xb6,0x20,0x8d,
    0x02,0x10,0x2a,0x00,0x00,0x1e,0xe0,0x83,0xab,0x01,0xb6,0x2e,0x99,0xff,0xfe,0x7d,0x25,0x21,0x20,0x8d,
    0x02,0x10,0x2a,0x00,0x1f,0x40,0x50,0x01,0x01,0x08,0x5d,0x17,0x77,0x03,0xb0,0xf5,0x41,0x33,0x20,0x8d,
    0x02,0x10,0x2a,0x00,0x1f,0x40,0x50,0x01,0x01,0x08,0xbe,0x24,0x11,0xff,0xfe,0xbe,0x3f,0xf9,0x20,0x8d,
    0x02,0x10,0x2a,0x00,0x1f,0x40,0x50,0x01,0x03,0x06,0xde,0xad,0xbe,0xef,0xb1,0xac,0xc0,0xfe,0x20,0x8d,
    0x02,0x10,0x2a,0x00,0x23,0xc4,0xfa,0xb2,0xa8,0x01,0x56,0xb2,0x03,0xff,0xfe,0x98,0x8f,0x45,0x20,0x8d,
    0x02,0x10,0x2a,0x00,0x23,0xc5,0x58,0xa1,0x33,0x01,0x9e,0x6b,0x00,0xff,0xfe,0x91,0x10,0x1f,0x20,0x8d,
    0x02,0x10,0x2a,0x00,0x23,0xc7,0x85,0x83,0x83,0x01,0x8a,0xa2,0x9e,0xff,0xfe,0x22,0xbe,0x11,0x20,0x8d,
    0x02,0x10,0x2a,0x00,0x23,0xc8,0x43,0x87,0x83,0x01,0x41,0xaf,0xaf,0x51,0x91,0x77,0x05,0x36,0x20,0x8d,
    0x02,0x10,0x2a,0x00,0x23,0xc8,0x43,0x87,0x83,0x01,0x8a,0x1e,0x15,0x8b,0x39,0x36,0x59,0xae,0x20,0x8d,
    0x02,0x10,0x2a,0x00,0x23,0xc8,0x96,0x41,0xe8,0x01,0x00,0x9d,0x8e,0xd3,0xbd,0x78,0xf1,0xe9,0x20,0x8d,
    0x02,0x10,0x2a,0x00,0x23,0xcc,0xdb,0x00,0xd4,0x01,0x8d,0xfd,0x48,0xb3,0xb1,0x33,0x56,0xd3,0x20,0x8d,
    0x02,0x10,0x2a,0x00,0x23,0xcc,0xdb,0x78,0xa1,0x01,0x00,0x00,0x00,0x00,0x00,0x00,0x06,0x3f,0x20,0x8d,
    0x02,0x10,0x2a,0x00,0x23,0xcc,0xe1,0x74,0x99,0x01,0xa3,0x19,0xaf,0x95,0x2b,0x46,0xd9,0xe0,0x20,0x8d,
    0x02,0x10,0x2a,0x00,0x4d,0x80,0x00,0x00,0x00,0x00,0x00,0x00,0x00,0x00,0x00,0x00,0x00,0x01,0x20,0x8d,
    0x02,0x10,0x2a,0x00,0x60,0x20,0x4a,0x80,0x69,0x78,0x00,0x00,0x00,0x00,0x00,0x00,0x00,0x10,0x20,0x8d,
    0x02,0x10,0x2a,0x00,0x60,0x20,0xb2,0xc8,0x1e,0x00,0x68,0x52,0x1a,0x2f,0x7f,0xb1,0xe9,0x0f,0x20,0x8d,
    0x02,0x10,0x2a,0x00,0x7c,0x80,0x00,0x00,0x00,0xbc,0x00,0x00,0x00,0x00,0x00,0x00,0x10,0x01,0x20,0x8d,
    0x02,0x10,0x2a,0x00,0x8a,0x60,0xe0,0x12,0x0a,0x00,0x00,0x00,0x00,0x00,0x00,0x00,0x90,0x01,0x20,0x8d,
    0x02,0x10,0x2a,0x00,0xbb,0xa0,0x12,0x04,0x37,0x00,0x02,0x1e,0x06,0xff,0xfe,0x4a,0x53,0x78,0x20,0x8d,
    0x02,0x10,0x2a,0x00,0xd4,0xe0,0x01,0x07,0x4f,0x02,0x7a,0xf2,0x9e,0xff,0xfe,0x90,0x31,0xe0,0x20,0x8d,
    0x02,0x10,0x2a,0x00,0xd4,0xe0,0x01,0x25,0x38,0x15,0x8a,0xae,0xdd,0xff,0xfe,0x03,0xeb,0x7b,0x20,0x8d,
    0x02,0x10,0x2a,0x00,0x0e,0xe2,0x4d,0x00,0x06,0xb0,0x00,0x00,0x00,0x00,0x10,0x00,0x00,0x01,0x20,0x8d,
    0x02,0x10,0x2a,0x00,0x0f,0x2a,0xe0,0x8f,0x2d,0x00,0x77,0x98,0x6e,0xa6,0x7e,0xa3,0xc9,0x60,0x20,0x8d,
    0x02,0x10,0x2a,0x01,0x02,0x39,0x04,0x07,0xa7,0x00,0x00,0x00,0x00,0x00,0x00,0x00,0x00,0x01,0x20,0x8d,
    0x02,0x10,0x2a,0x01,0x02,0x61,0x02,0x1c,0xad,0x00,0xed,0x34,0x0c,0x85,0x33,0x91,0xd6,0x94,0x20,0x8d,
    0x02,0x10,0x2a,0x01,0x4b,0x00,0xbf,0x36,0x88,0x01,0xd2,0xbf,0x9c,0xff,0xfe,0x45,0x9a,0x60,0x20,0x8d,
    0x02,0x10,0x2a,0x01,0x04,0xf8,0x01,0x3a,0x10,0xe6,0x00,0x00,0x00,0x00,0x00,0x00,0x00,0x02,0x20,0x8d,
    0x02,0x10,0x2a,0x01,0x04,0xf8,0x01,0x3b,0x16,0x91,0x00,0x00,0x00,0x00,0x00,0x00,0x01,0x02,0x20,0x8d,
    0x02,0x10,0x2a,0x01,0x04,0xf8,0x01,0x72,0x34,0xc5,0x00,0x00,0x00,0x00,0x00,0x00,0x00,0x02,0x20,0x8d,
    0x02,0x10,0x2a,0x01,0x04,0xf8,0x02,0x42,0x40,0x97,0x00,0x00,0x00,0x00,0x00,0x00,0x00,0x02,0x20,0x8d,
    0x02,0x10,0x2a,0x01,0x04,0xf8,0x02,0x51,0x2b,0x03,0x00,0x00,0x00,0x00,0x00,0x00,0x00,0x02,0x20,0x8d,
    0x02,0x10,0x2a,0x01,0x04,0xf8,0x02,0x62,0x1a,0x54,0x00,0x00,0x00,0x00,0x00,0x00,0x00,0x02,0x20,0x8d,
    0x02,0x10,0x2a,0x01,0x04,0xf8,0x02,0x62,0x52,0x52,0x00,0x00,0x00,0x00,0x00,0x00,0x00,0x02,0x20,0x8d,
    0x02,0x10,0x2a,0x01,0x04,0xf9,0x30,0x51,0x1c,0xe8,0xa6,0x8f,0x00,0x00,0x00,0x00,0x1d,0x38,0x20,0x8d,
    0x02,0x10,0x2a,0x01,0x04,0xf9,0x30,0x90,0x34,0x0c,0x00,0x00,0x00,0x00,0x00,0x00,0x00,0x02,0x20,0x8d,
    0x02,0x10,0x2a,0x01,0x04,0xf9,0xff,0xf1,0x00,0x2f,0x00,0x04,0x00,0x00,0x00,0x00,0x00,0x0a,0x20,0x8d,
    0x02,0x10,0x2a,0x01,0x04,0xff,0x01,0xf0,0xc3,0xc1,0x00,0x00,0x00,0x00,0x00,0x00,0x00,0x01,0x20,0x8d,
    0x02,0x10,0x2a,0x01,0x04,0xff,0x00,0xf0,0x97,0x7c,0x00,0x00,0x00,0x00,0x00,0x00,0x00,0x01,0x20,0x8d,
    0x02,0x10,0x2a,0x01,0x05,0xf0,0xc0,0x01,0x01,0x08,0x00,0x1e,0x00,0x00,0x00,0x00,0x00,0x01,0x20,0x8d,
    0x02,0x10,0x2a,0x01,0x7e,0x04,0x00,0x00,0x00,0x00,0x20,0x00,0xce,0xff,0xfe,0xba,0x6c,0xe1,0x20,0x8d,
    0x02,0x10,0x2a,0x01,0x87,0x40,0x00,0x01,0x00,0x1a,0x00,0x00,0x00,0x00,0x00,0x00,0xd3,0xb2,0x20,0x8d,
    0x02,0x10,0x2a,0x01,0x87,0x40,0x00,0x01,0x07,0x53,0x00,0x00,0x00,0x00,0x00,0x00,0xe5,0xcb,0x20,0x8d,
    0x02,0x10,0x2a,0x01,0x9f,0x40,0xa0,0x00,0x00,0x00,0xb4,0x53,0x8e,0xff,0xfe,0x36,0x82,0x0b,0x20,0x8d,
    0x02,0x10,0x2a,0x01,0xcb,0x00,0x14,0x28,0xea,0x00,0x56,0xbf,0x64,0xff,0xfe,0x1e,0x34,0x03,0x20,0x8d,
    0x02,0x10,0x2a,0x01,0xcb,0x00,0x0b,0x9a,0x04,0x00,0x3a,0x05,0x25,0xff,0xfe,0x37,0x35,0x12,0x20,0x8d,
    0x02,0x10,0x2a,0x01,0xcb,0x00,0x0b,0x9a,0x04,0x00,0xf0,0x39,0xed,0x2b,0xa8,0x84,0xae,0x23,0x20,0x8d,
    0x02,0x10,0x2a,0x01,0xcb,0x05,0x94,0x75,0x8f,0x00,0x8e,0x59,0x89,0x64,0x05,0xba,0xf8,0xca,0x20,0x8d,
    0x02,0x10,0x2a,0x01,0xcb,0x19,0x95,0x89,0xb8,0x00,0x92,0x2b,0x34,0xff,0xfe,0x35,0x41,0x91,0x20,0x8d,
    0x02,0x10,0x2a,0x01,0x0e,0x0a,0x10,0x47,0xee,0x41,0x00,0x00,0x00,0x00,0x00,0x00,0x05,0x42,0x20,0x8d,
    0x02,0x10,0x2a,0x01,0x0e,0x0a,0x05,0xfb,0x66,0xb0,0x45,0x1e,0xc7,0x15,0x0b,0x14,0x0b,0xd9,0x20,0x8d,
    0x02,0x10,0x2a,0x01,0x0e,0x0a,0x08,0x02,0x9d,0x30,0xe5,0xf2,0x63,0x26,0x43,0xd5,0xfe,0xa2,0x20,0x8d,
    0x02,0x10,0x2a,0x01,0x0e,0x0a,0x09,0xd8,0xc2,0x50,0x4e,0xcc,0x6a,0xff,0xfe,0xaf,0x8e,0xcd,0x20,0x8d,
    0x02,0x10,0x2a,0x01,0x0e,0x0a,0x0b,0x46,0x2e,0x30,0x82,0xe8,0x2c,0xff,0xfe,0xbc,0xae,0x5c,0x20,0x8d,
    0x02,0x10,0x2a,0x01,0x0e,0x0a,0x0b,0x97,0xec,0xe0,0xbe,0x24,0x11,0xff,0xfe,0xb7,0x9d,0x9a,0x20,0x8d,
    0x02,0x10,0x2a,0x01,0x0e,0x0a,0x0d,0x13,0xd8,0x10,0x49,0x9e,0xa8,0xa6,0x62,0xe8,0x0b,0x50,0x20,0x8d,
    0x02,0x10,0x2a,0x01,0x0e,0x0a,0x0d,0xae,0xfc,0x10,0x8e,0x86,0xdd,0xff,0xfe,0x61,0x30,0xc9,0x20,0x8d,
    0x02,0x10,0x2a,0x01,0x0e,0x0a,0x0e,0x6e,0x6b,0xb0,0x02,0xe0,0x4c,0xff,0xfe,0x68,0x02,0x32,0x20,0x8d,
    0x02,0x10,0x2a,0x01,0x0e,0x0a,0x0e,0x86,0x29,0x60,0x0b,0x98,0x53,0xb0,0x21,0xf4,0x62,0x28,0x20,0x8d,
    0x02,0x10,0x2a,0x01,0x0e,0x11,0x10,0x07,0xd1,0xa0,0xcf,0x88,0xb2,0xfa,0x0a,0x28,0x42,0x29,0x20,0x8d,
    0x02,0x10,0x2a,0x01,0x0e,0x11,0x70,0x0e,0x02,0xb0,0xb7,0x40,0x43,0x72,0xbc,0x40,0x9b,0x83,0x20,0x8d,
    0x02,0x10,0x2a,0x02,0x12,0x10,0x24,0x41,0xe5,0x00,0xbb,0x72,0x97,0x93,0x7f,0xb0,0xff,0xb2,0x20,0x8d,
    0x02,0x10,0x2a,0x02,0x12,0x10,0x2e,0x3f,0x7d,0x00,0xe8,0x66,0x66,0x0e,0x07,0x35,0x33,0x9c,0x20,0x8d,
    0x02,0x10,0x2a,0x02,0x12,0x10,0x3e,0x02,0x25,0xc7,0x6e,0x4b,0x90,0xff,0xfe,0x32,0xbe,0x4c,0x20,0x8d,
    0x02,0x10,0x2a,0x02,0x12,0x10,0x3e,0x24,0x64,0x00,0x92,0x7b,0xea,0x4d,0x27,0x31,0x49,0xaa,0x20,0x8d,
    0x02,0x10,0x2a,0x02,0x12,0x10,0x4a,0xba,0xe8,0x00,0x21,0xec,0x03,0x46,0xa2,0x9f,0x90,0xbe,0x20,0x8d,
    0x02,0x10,0x2a,0x02,0x01,0x68,0x20,0x00,0x01,0x19,0x22,0x7c,0x14,0xff,0xfe,0xf4,0x85,0x3c,0x20,0x8d,
    0x02,0x10,0x2a,0x02,0x01,0x68,0x20,0x00,0x00,0x97,0x00,0x00,0x00,0x00,0x00,0x00,0x01,0x1c,0x20,0x8d,
    0x02,0x10,0x2a,0x02,0x01,0x68,0x21,0xe5,0xfe,0x00,0x96,0xde,0x80,0xff,0xfe,0xa3,0xfd,0x00,0x20,0x8d,
    0x02,0x10,0x2a,0x02,0x01,0x68,0x23,0xa9,0xff,0xff,0x54,0x6f,0x5e,0xff,0xfe,0x1f,0x00,0x26,0x20,0x8d,
    0x02,0x10,0x2a,0x02,0x01,0x68,0x5d,0x42,0xfa,0xac,0x00,0xbc,0x00,0x01,0x00,0x00,0x00,0x07,0x20,0x8d,
    0x02,0x10,0x2a,0x02,0x01,0x68,0x62,0xa7,0x00,0x00,0x00,0x00,0x00,0x00,0x00,0x00,0x0b,0x1c,0x20,0x8d,
    0x02,0x10,0x2a,0x02,0x01,0x68,0xb5,0xcf,0x00,0x04,0x00,0x00,0x00,0x00,0x00,0x00,0x00,0x00,0x20,0x8d,
    0x02,0x10,0x2a,0x02,0x01,0x69,0x4b,0xa5,0x00,0x04,0x3c,0x5c,0x3d,0xff,0xfe,0x47,0x25,0x1e,0x20,0x8d,
    0x02,0x10,0x2a,0x02,0x01,0x6a,0xc2,0x00,0x00,0x00,0x00,0x00,0x00,0x00,0x00,0x00,0x01,0x5d,0x20,0x8d,
    0x02,0x10,0x2a,0x02,0x17,0x48,0xdd,0x5c,0xef,0x20,0xee,0x8e,0xb5,0xff,0xfe,0x75,0x3f,0x03,0x20,0x8d,
    0x02,0x10,0x2a,0x02,0x17,0xd0,0x05,0x33,0x1d,0x00,0x00,0x00,0x00,0x00,0x00,0x00,0x01,0x10,0x20,0x8d,
    0x02,0x10,0x2a,0x02,0x17,0xd0,0x05,0x33,0x1d,0x00,0x00,0x00,0x00,0x00,0x00,0x00,0x00,0xbd,0x20,0x8d,
    0x02,0x10,0x2a,0x02,0x01,0xa8,0x01,0x00,0x6b,0x01,0x1a,0x66,0xda,0xff,0xfe,0x34,0x79,0x36,0x20,0x8d,
    0x02,0x10,0x2a,0x02,0x21,0x68,0x0a,0x04,0x44,0x03,0x00,0x00,0x00,0x00,0x00,0x00,0x00,0x01,0x20,0x8d,
    0x02,0x10,0x2a,0x02,0x21,0xb4,0x20,0x36,0x3e,0x00,0x28,0x38,0xcd,0xe4,0xbf,0x88,0x33,0x5f,0x20,0x8d,
    0x02,0x10,0x2a,0x02,0x21,0xb4,0x4a,0x7f,0xc5,0x00,0x18,0xfa,0x01,0xf2,0x0d,0xbf,0xb8,0x7d,0x20,0x8d,
    0x02,0x10,0x2a,0x02,0x21,0xb4,0xa2,0x6a,0x6d,0x00,0xec,0xbd,0x9d,0x02,0x1b,0xbf,0x92,0x94,0x20,0x8d,
    0x02,0x10,0x2a,0x02,0x21,0xb4,0xbc,0x17,0x09,0x00,0x6a,0x1d,0xef,0xff,0xfe,0x2f,0xc0,0x92,0x20,0x8d,
    0x02,0x10,0x2a,0x02,0x22,0x0b,0x20,0x00,0xf8,0x00,0xfb,0x46,0x25,0xd3,0x84,0xc7,0x20,0xc0,0x20,0x8d,
    0x02,0x10,0x2a,0x02,0x24,0x79,0x00,0x38,0x08,0x00,0x00,0x00,0x00,0x00,0x00,0x00,0x00,0x01,0x20,0x8d,
    0x02,0x10,0x2a,0x02,0x24,0x79,0x00,0x3f,0x18,0x00,0x00,0x00,0x00,0x00,0x00,0x00,0x00,0x01,0x20,0x8d,
    0x02,0x10,0x2a,0x02,0x24,0x79,0x00,0x48,0x35,0x00,0x00,0x00,0x00,0x00,0x00,0x00,0x00,0x01,0x20,0x8d,
    0x02,0x10,0x2a,0x02,0x27,0x80,0x90,0x00,0x00,0x70,0x00,0x00,0x00,0x00,0x00,0x00,0x00,0x01,0x20,0x8d,
    0x02,0x10,0x2a,0x02,0x27,0x80,0x90,0x00,0x00,0x70,0x00,0x00,0x00,0x00,0x00,0x00,0x00,0x0f,0x20,0x8d,
    0x02,0x10,0x2a,0x02,0x29,0xe0,0x00,0x01,0x04,0x20,0x00,0x00,0x00,0x00,0x00,0x00,0x00,0x64,0x20,0x8d,
    0x02,0x10,0x2a,0x02,0x2f,0x07,0x32,0x0c,0xdb,0x00,0x02,0xe3,0x4c,0xff,0xfe,0xa6,0x17,0x77,0x20,0x8d,
    0x02,0x10,0x2a,0x02,0x31,0x02,0x4c,0x51,0xe7,0x00,0x2f,0x2f,0x7d,0x34,0xbc,0xc4,0x66,0xba,0x20,0x8d,
    0x02,0x10,0x2a,0x02,0x31,0x02,0xa6,0x18,0x07,0xe0,0x89,0x2a,0xe3,0xd3,0xda,0x4b,0xe2,0x45,0x20,0x8d,
    0x02,0x10,0x2a,0x02,0x05,0xa0,0x44,0x0a,0xfc,0x11,0x00,0x00,0x00,0x00,0x00,0x00,0x00,0x10,0x20,0x8d,
    0x02,0x10,0x2a,0x02,0x05,0xa0,0x44,0x1e,0x47,0x01,0x00,0x00,0x00,0x00,0x00,0x00,0x00,0x10,0x20,0x8d,
    0x02,0x10,0x2a,0x02,0x6e,0xa0,0xd3,0x2f,0x00,0x00,0x00,0x00,0x00,0x00,0xc8,0xc0,0xa0,0x28,0x20,0x8d,
    0x02,0x10,0x2a,0x02,0x7a,0x01,0x00,0x00,0x00,0x00,0x00,0x91,0x02,0x28,0x00,0x45,0x01,0x30,0x20,0x8d,
    0x02,0x10,0x2a,0x02,0x80,0x70,0x87,0x87,0xc9,0xc0,0x3e,0x95,0x55,0x73,0x40,0x6d,0x06,0x6f,0x20,0x8d,
    0x02,0x10,0x2a,0x02,0x80,0x70,0xa2,0x84,0xb0,0x20,0xda,0xb8,0xb5,0x27,0x84,0x1c,0x45,0x1c,0x20,0x8d,
    0x02,0x10,0x2a,0x02,0x80,0x71,0xb6,0x83,0x2d,0x60,0x00,0x00,0x00,0x00,0x00,0x00,0x4f,0xeb,0x20,0x8d,
    0x02,0x10,0x2a,0x02,0x80,0x71,0xb6,0x83,0x2d,0x60,0x00,0x00,0x00,0x00,0x00,0x00,0x83,0xa4,0x20,0x8d,
    0x02,0x10,0x2a,0x02,0x81,0x08,0x8a,0xab,0x21,0x00,0xfc,0x9b,0x0a,0xff,0xfe,0xb3,0xcf,0x72,0x20,0x8d,
    0x02,0x10,0x2a,0x02,0x81,0x09,0xbd,0x0a,0x8e,0x00,0x67,0x9c,0x52,0x6e,0xd5,0x4c,0xf0,0xfa,0x20,0x8d,
    0x02,0x10,0x2a,0x02,0x81,0x0d,0x6d,0x05,0x26,0x00,0x4e,0x52,0x62,0xff,0xfe,0x19,0x03,0x46,0x20,0x8d,
    0x02,0x10,0x2a,0x02,0x83,0x08,0x02,0x16,0x6f,0x00,0x5c,0xb7,0xff,0x7d,0x5f,0x82,0x18,0x17,0x20,0x8d,
    0x02,0x10,0x2a,0x02,0x83,0x08,0x02,0x16,0x6f,0x00,0x00,0x00,0x00,0x00,0x00,0x00,0x05,0x7b,0x20,0x8d,
    0x02,0x10,0x2a,0x02,0x83,0x08,0x81,0x88,0x51,0x00,0xab,0x4b,0x48,0x02,0x01,0x66,0xfa,0x84,0x20,0x8d,
    0x02,0x10,0x2a,0x02,0x09,0x08,0xdf,0x56,0x9b,0xa0,0x2e,0xcf,0x67,0xff,0xfe,0xd0,0x89,0x0d,0x20,0x8d,
    0x02,0x10,0x2a,0x02,0xa0,0x3f,0xca,0x02,0x78,0x00,0x96,0x57,0xa5,0xff,0xfe,0x63,0x07,0x20,0x20,0x8d,
    0x02,0x10,0x2a,0x02,0xa0,0x3f,0xd9,0xdf,0xfe,0x00,0x96,0x57,0xa5,0xff,0xfe,0x63,0x07,0x20,0x20,0x8d,
    0x02,0x10,0x2a,0x02,0xa3,0x10,0xc2,0xe6,0xe1,0x00,0xa2,0x48,0x1c,0xff,0xfe,0x97,0x4c,0xd1,0x20,0x8d,
    0x02,0x10,0x2a,0x02,0xa4,0x50,0x6e,0x64,0x00,0x00,0x5a,0x47,0xca,0xff,0xfe,0x7b,0x97,0x47,0x20,0x8d,
    0x02,0x10,0x2a,0x02,0xa4,0x57,0x1a,0x1b,0x00,0xf4,0x00,0x00,0x00,0x00,0x00,0x10,0x00,0x33,0x20,0x8d,
    0x02,0x10,0x2a,0x02,0xa4,0x5a,0x94,0xcd,0xf0,0x0d,0x00,0x00,0x00,0x00,0x00,0x00,0x00,0x01,0x20,0x8d,
    0x02,0x10,0x2a,0x02,0xa4,0x5a,0xc7,0xc7,0x00,0x05,0x33,0x15,0x64,0xae,0x85,0x18,0xdb,0x03,0x20,0x8d,
    0x02,0x10,0x2a,0x02,0xa4,0x68,0x61,0xf8,0x00,0x01,0x00,0x00,0x00,0x00,0x00,0x00,0x00,0x02,0x20,0x8d,
    0x02,0x10,0x2a,0x02,0xa4,0x69,0x3e,0xda,0x00,0x01,0xbe,0x24,0x11,0xff,0xfe,0xb3,0xff,0xc2,0x20,0x8d,
    0x02,0x10,0x2a,0x02,0xa4,0x6e,0x2e,0x2c,0x00,0x00,0x08,0x8c,0x5c,0xb5,0xc2,0x6e,0xcf,0x51,0x20,0x8d,
    0x02,0x10,0x2a,0x02,0xa4,0x6e,0xc5,0x6e,0x00,0x99,0x92,0xe2,0xba,0xff,0xfe,0x27,0x0d,0x44,0x20,0x8d,
    0x02,0x10,0x2a,0x02,0xa4,0x71,0xd8,0x84,0x00,0x02,0x00,0x00,0x00,0x00,0x00,0x00,0x00,0x40,0x20,0x8d,
    0x02,0x10,0x2a,0x02,0xa4,0x74,0x2c,0xcd,0x00,0x01,0x4a,0x69,0x0b,0x7f,0xb8,0x85,0x49,0x89,0x20,0x8d,
    0x02,0x10,0x2a,0x02,0xc2,0x06,0x30,0x12,0x80,0x83,0x00,0x00,0x00,0x00,0x00,0x00,0x00,0x01,0x20,0x8d,
    0x02,0x10,0x2a,0x02,0xc2,0x07,0x20,0x14,0x87,0x57,0x00,0x00,0x00,0x00,0x00,0x00,0x00,0x01,0x20,0x8d,
    0x02,0x10,0x2a,0x02,0xc2,0x07,0x22,0x47,0x59,0x35,0x00,0x00,0x00,0x00,0x00,0x00,0x00,0x01,0x20,0x8d,
    0x02,0x10,0x2a,0x02,0xc2,0x07,0x22,0x61,0x71,0x92,0x00,0x00,0x00,0x00,0x00,0x00,0x00,0x01,0x20,0x8d,
    0x02,0x10,0x2a,0x02,0xc2,0x07,0x22,0x63,0x73,0x92,0x00,0x00,0x00,0x00,0x00,0x00,0x00,0x01,0x20,0x8d,
    0x02,0x10,0x2a,0x02,0xc2,0x07,0x23,0x12,0x89,0x23,0x00,0x00,0x00,0x00,0x00,0x00,0x00,0x01,0x20,0x8d,
    0x02,0x10,0x2a,0x02,0xc2,0x07,0x23,0x16,0x88,0x39,0x00,0x00,0x00,0x00,0x00,0x00,0x00,0x01,0x20,0x8d,
    0x02,0x10,0x2a,0x02,0xc2,0x07,0x23,0x35,0x28,0x42,0x00,0x00,0x00,0x00,0x00,0x00,0x00,0x01,0x20,0x8d,
    0x02,0x10,0x2a,0x02,0xc2,0x07,0x23,0x41,0x85,0x09,0x00,0x00,0x00,0x00,0x00,0x00,0x00,0x01,0x20,0x8d,
    0x02,0x10,0x2a,0x02,0xc2,0x07,0x30,0x20,0x13,0x23,0x00,0x00,0x00,0x00,0x00,0x00,0x00,0x01,0x20,0x8d,
    0x02,0x10,0x2a,0x02,0xcb,0x43,0x40,0x00,0x00,0x00,0x00,0x00,0x00,0x00,0x00,0x00,0x01,0x78,0x20,0x8d,
    0x02,0x10,0x2a,0x02,0x0e,0x5e,0x00,0x01,0x00,0x10,0x00,0x00,0x00,0x00,0x00,0x00,0x00,0x27,0x20,0x8d,
    0x02,0x10,0x2a,0x03,0x1a,0xc0,0x2e,0x92,0xe7,0xbb,0x4f,0xa4,0x31,0x48,0x82,0x9e,0xca,0x00,0x20,0x8d,
    0x02,0x10,0x2a,0x03,0x40,0x00,0x00,0x2a,0x00,0x9f,0xa4,0x74,0xd5,0xff,0xfe,0xb2,0x3f,0x72,0x20,0x8d,
    0x02,0x10,0x2a,0x03,0x40,0x00,0x00,0x5f,0x0c,0xfc,0x14,0xc3,0x0e,0xff,0xfe,0xb5,0x1c,0x1a,0x20,0x8d,
    0x02,0x10,0x2a,0x03,0x40,0x00,0x00,0x06,0x56,0xf3,0x48,0x0a,0xe9,0xff,0xfe,0x36,0xe7,0xbb,0x20,0x8d,
    0x02,0x10,0x2a,0x03,0x40,0x00,0x00,0x6b,0x00,0xc6,0x24,0xe9,0x1d,0xff,0xfe,0xfc,0x87,0xd4,0x20,0x8d,
    0x02,0x10,0x2a,0x03,0x60,0x00,0x08,0x70,0x00,0x00,0x00,0x46,0x00,0x23,0x00,0x87,0x02,0x18,0x20,0x8d,
    0x02,0x10,0x2a,0x03,0xb0,0xc0,0x00,0x01,0x00,0xe0,0x00,0x00,0x00,0x00,0x1a,0x17,0xc0,0x02,0x20,0x8d,
    0x02,0x10,0x2a,0x03,0xb0,0xc0,0x00,0x02,0x00,0xf0,0x00,0x00,0x00,0x00,0x1b,0xed,0x90,0x01,0x20,0x8d,
    0x02,0x10,0x2a,0x03,0xb0,0xc0,0x00,0x03,0x00,0xf0,0x00,0x00,0x00,0x00,0x2c,0xc5,0x20,0x00,0x20,0x8d,
    0x02,0x10,0x2a,0x03,0xb5,0x80,0xac,0x04,0x85,0x01,0x58,0x5d,0xdb,0xff,0xfe,0xb3,0x5f,0x4b,0x20,0x8d,
    0x02,0x10,0x2a,0x03,0xcf,0xc0,0x80,0x00,0x00,0x0b,0x00,0x00,0x00,0x00,0x5f,0xd6,0x37,0x35,0x20,0x8d,
    0x02,0x10,0x2a,0x03,0x0e,0xc0,0x00,0x00,0x09,0x28,0x00,0x00,0x00,0x00,0x07,0x01,0x07,0x01,0x20,0x8d,
    0x02,0x10,0x2a,0x04,0x02,0x05,0x03,0x01,0x79,0x00,0x10,0x73,0xee,0x7c,0x91,0xf8,0xcd,0x6f,0x20,0x8d,
    0x02,0x10,0x2a,0x04,0x48,0x80,0x00,0x00,0x00,0x00,0x00,0x00,0x00,0x00,0x00,0x00,0x70,0x2e,0x20,0x8d,
    0x02,0x10,0x2a,0x04,0x52,0xc0,0x01,0x33,0x7e,0xb2,0x00,0x00,0x00,0x00,0x00,0x00,0x13,0x37,0x20,0x8d,
    0x02,0x10,0x2a,0x04,0xec,0x81,0x01,0x00,0x30,0x49,0x00,0x00,0x00,0x00,0x00,0x00,0x00,0x77,0x20,0x8d,
    0x02,0x10,0x2a,0x04,0xec,0xc0,0x00,0x08,0x00,0xa8,0x00,0x00,0x06,0xa2,0x00,0x00,0x00,0x00,0x20,0x8d,
    0x02,0x10,0x2a,0x05,0x35,0x80,0xd1,0x01,0x37,0x00,0x00,0x00,0x00,0x00,0x00,0x00,0x00,0x00,0x20,0x8d,
    0x02,0x10,0x2a,0x05,0x4c,0xc0,0x00,0x00,0x03,0x21,0x00,0x00,0x00,0x00,0x00,0x00,0x00,0x02,0x20,0x8d,
    0x02,0x10,0x2a,0x05,0x6d,0x40,0xb9,0x4e,0xd1,0x00,0x02,0x30,0x48,0xff,0xfe,0xdf,0x14,0x32,0x20,0x8d,
    0x02,0x10,0x2a,0x05,0xd0,0x14,0x0a,0x55,0x40,0x00,0xc1,0xc4,0xb4,0x7c,0xcb,0xe7,0x10,0xb4,0x20,0x8d,
    0x02,0x10,0x2a,0x05,0xd0,0x16,0x09,0x8f,0x52,0x00,0xb1,0xfd,0x46,0xdf,0x72,0xf5,0x85,0x72,0x20,0x8d,
    0x02,0x10,0x2a,0x05,0xd0,0x18,0x0a,0x75,0x6c,0x00,0x44,0x8e,0x79,0x70,0x92,0xd4,0x36,0x8a,0x20,0x8d,
    0x02,0x10,0x2a,0x05,0xd0,0x1c,0x06,0x72,0x92,0x00,0x99,0x2b,0xe3,0x21,0x8d,0xb3,0xc7,0x34,0x20,0x8d,
    0x02,0x10,0x2a,0x06,0xdd,0x00,0x00,0x01,0x00,0x26,0x02,0x25,0x90,0xff,0xfe,0x36,0x8f,0x88,0x20,0x8d,
    0x02,0x10,0x2a,0x06,0xdd,0x00,0x00,0x01,0x00,0x02,0x02,0x25,0x90,0xff,0xfe,0x36,0x8f,0x88,0x20,0x8d,
    0x02,0x10,0x2a,0x06,0xe8,0x81,0x34,0x08,0x00,0x02,0x00,0x00,0x00,0x00,0x00,0x00,0x00,0x02,0x20,0x8d,
    0x02,0x10,0x2a,0x07,0x9a,0x07,0x00,0x03,0x00,0x00,0x00,0x00,0x00,0x00,0x00,0x02,0x01,0x05,0x20,0x8d,
    0x02,0x10,0x2a,0x09,0x04,0xc0,0x01,0x00,0xc1,0x21,0x00,0x00,0x00,0x00,0x00,0x00,0x5e,0x83,0x20,0x8d,
    0x02,0x10,0x2a,0x09,0xb2,0x80,0xfe,0x01,0x00,0x3b,0x00,0x00,0x00,0x00,0x00,0x00,0x00,0x02,0x20,0x8d,
    0x02,0x10,0x2a,0x0a,0x4c,0xc0,0x01,0x01,0x03,0xc7,0x88,0x52,0xf6,0xff,0xfe,0x76,0x62,0x4f,0x20,0x8d,
    0x02,0x10,0x2a,0x0a,0x4c,0xc0,0x00,0x01,0x11,0x74,0x98,0xf6,0x3c,0xff,0xfe,0x03,0xc1,0x9c,0x20,0x8d,
    0x02,0x10,0x2a,0x0a,0x4c,0xc0,0x20,0x00,0x86,0x18,0x88,0x75,0x24,0xff,0xfe,0x2b,0x81,0x7a,0x20,0x8d,
    0x02,0x10,0x2a,0x0a,0x4c,0xc0,0x00,0x80,0x56,0xfa,0xb4,0x2f,0x2e,0xff,0xfe,0x16,0x32,0x4f,0x20,0x8d,
    0x02,0x10,0x2a,0x0a,0x4c,0xc0,0x00,0xc1,0x3a,0x69,0xe4,0x27,0x20,0xff,0xfe,0x45,0x45,0xa2,0x20,0x8d,
    0x02,0x10,0x2a,0x0a,0x4c,0xc0,0x00,0xc1,0x06,0xab,0x84,0xb3,0x05,0xff,0xfe,0xa3,0x47,0xf6,0x20,0x8d,
    0x02,0x10,0x2a,0x0a,0x4c,0xc0,0x00,0xc1,0xc4,0x25,0x48,0xf6,0x1d,0xff,0xfe,0xe5,0x9d,0x0a,0x20,0x8d,
    0x02,0x10,0x2a,0x0a,0x4c,0xc0,0x00,0xc2,0x50,0xdc,0x64,0x55,0x00,0xff,0xfe,0x16,0x5a,0x88,0x20,0x8d,
    0x02,0x10,0x2a,0x0a,0x51,0xc4,0x00,0x05,0xd6,0xba,0x00,0x00,0x00,0x00,0x00,0x00,0x00,0x00,0x20,0x8d,
    0x02,0x10,0x2a,0x0b,0x8c,0x40,0x00,0x03,0x00,0x00,0x00,0x00,0x00,0x00,0x00,0x00,0x00,0x08,0x20,0x8d,
    0x02,0x10,0x2a,0x0b,0xf4,0xc0,0x00,0x7f,0x42,0x01,0x81,0x03,0x39,0x62,0xfc,0xa3,0x48,0x08,0x20,0x8d,
    0x02,0x10,0x2a,0x0d,0x27,0x87,0x00,0x1e,0x05,0xdd,0x00,0xb0,0x20,0x09,0x00,0x01,0x00,0x03,0x20,0x8d,
    0x02,0x10,0x2a,0x0d,0x33,0x41,0xb9,0x2c,0xf9,0x00,0xfe,0x5d,0xb8,0x5f,0x23,0x62,0x21,0x31,0x20,0x8d,
    0x02,0x10,0x2a,0x0d,0x33,0x41,0xbb,0xeb,0x44,0x04,0x00,0x00,0x00,0x00,0x00,0x00,0x01,0x35,0x20,0x8d,
    0x02,0x10,0x2a,0x0d,0x33,0x44,0x58,0x01,0x5b,0xc5,0x02,0x1b,0x21,0xff,0xfe,0x33,0x12,0x09,0x20,0x8d,
    0x02,0x10,0x2a,0x0d,0x81,0x44,0x00,0x00,0x01,0x17,0x00,0x00,0x00,0x00,0x00,0x00,0xca,0xfe,0x20,0x8d,
    0x02,0x10,0x2a,0x0e,0x1d,0x47,0xd2,0x8c,0x41,0x00,0x96,0xc6,0x91,0xff,0xfe,0x1e,0x20,0x64,0x20,0x8d,
    0x02,0x10,0x2a,0x0e,0x8f,0x02,0x21,0xd1,0x01,0x44,0x00,0x00,0x00,0x00,0x00,0x00,0x01,0x01,0x20,0x8d,
    0x02,0x10,0x2a,0x0e,0xcb,0x01,0x00,0x63,0xd5,0xad,0x00,0x69,0x00,0x69,0x00,0x69,0x00,0x69,0x20,0x8d,
    0x02,0x10,0x2a,0x0e,0xe7,0x01,0x10,0x98,0x01,0x14,0x00,0x00,0x00,0x00,0x00,0x00,0x01,0x42,0x20,0x8d,
    0x02,0x10,0x2a,0x0f,0xb7,0x80,0x03,0x00,0x00,0x01,0x00,0x00,0x00,0x00,0x00,0x00,0x00,0x02,0x20,0x8d,
    0x02,0x10,0x2a,0x10,0x37,0x81,0x19,0xb8,0x00,0x0b,0x00,0x00,0x20,0x09,0x00,0x01,0x00,0x03,0x20,0x8d,
    0x02,0x10,0x2a,0x10,0x37,0x81,0x5a,0x8f,0x00,0x69,0x00,0x00,0x00,0x00,0x00,0x00,0x69,0x69,0x20,0x8d,
    0x02,0x10,0x2a,0x10,0x87,0x02,0x00,0x00,0x1c,0x00,0x00,0x00,0x00,0x00,0x00,0x00,0x7c,0x04,0x20,0x8d,
    0x02,0x10,0x2a,0x10,0x93,0x00,0x05,0x20,0x01,0x00,0x00,0x00,0x00,0x00,0x00,0x00,0x01,0x61,0x20,0x8d,
    0x02,0x10,0x2a,0x11,0x61,0x00,0x00,0x00,0x00,0x22,0x2e,0x60,0x0c,0xff,0xfe,0xbc,0x13,0xdf,0x20,0x8d,
    0x02,0x10,0x2a,0x11,0x61,0x00,0x00,0x00,0x00,0x23,0xae,0x1f,0x6b,0xff,0xfe,0xd5,0x14,0x6a,0x20,0x8d,
    0x02,0x10,0x2a,0x11,0x61,0x00,0x00,0x00,0x52,0x16,0x00,0x00,0x00,0x00,0x00,0x00,0x00,0x00,0x20,0x8d,
    0x02,0x10,0x2a,0x11,0x06,0xc7,0x0f,0x04,0x02,0x41,0x00,0x00,0x00,0x00,0x00,0x01,0x00,0x03,0x20,0x8d,
    0x02,0x10,0x2a,0x11,0x06,0xc7,0x0f,0x06,0x00,0x6d,0x00,0x00,0x00,0x00,0x00,0x00,0x00,0x02,0x20,0x8d,
    0x02,0x10,0x2a,0x11,0x06,0xc7,0x0f,0x06,0x00,0x0c,0x00,0x00,0x00,0x00,0x00,0x00,0x00,0x02,0x20,0x8d,
    0x02,0x10,0x2a,0x11,0xd5,0x40,0x05,0x31,0xb0,0x0b,0x00,0x00,0x00,0x00,0x00,0x00,0x00,0x05,0x20,0x8d,
    0x02,0x10,0x2a,0x12,0x8e,0x40,0x56,0x68,0xe4,0x16,0x00,0x00,0x00,0x00,0x00,0x00,0x00,0x01,0x20,0x8d,
    0x02,0x10,0x2a,0x12,0x8e,0x40,0x56,0x68,0xe4,0x19,0x00,0x00,0x00,0x00,0x00,0x00,0x00,0x01,0x20,0x8d,
    0x02,0x10,0x2a,0x12,0x8e,0x40,0x56,0x68,0xe4,0x1a,0x00,0x00,0x00,0x00,0x00,0x00,0x00,0x01,0x20,0x8d,
    0x02,0x10,0x2a,0x12,0x8e,0x40,0x56,0x68,0xe4,0x1f,0x00,0x00,0x00,0x00,0x00,0x00,0x00,0x01,0x20,0x8d,
    0x02,0x10,0x2a,0x12,0x8e,0x40,0x56,0x68,0xe4,0x21,0x00,0x00,0x00,0x00,0x00,0x00,0x00,0x01,0x20,0x8d,
    0x02,0x10,0x2a,0x12,0x8e,0x40,0x56,0x68,0xe4,0x22,0x00,0x00,0x00,0x00,0x00,0x00,0x00,0x01,0x20,0x8d,
    0x02,0x10,0x2a,0x12,0x8e,0x40,0x56,0x68,0xe4,0x2b,0x00,0x00,0x00,0x00,0x00,0x00,0x00,0x01,0x20,0x8d,
    0x02,0x10,0x2a,0x12,0x8e,0x40,0x56,0x68,0xe4,0x2c,0x00,0x00,0x00,0x00,0x00,0x00,0x00,0x01,0x20,0x8d,
    0x02,0x10,0x2a,0x12,0x8e,0x40,0x56,0x68,0xe4,0x2d,0x00,0x00,0x00,0x00,0x00,0x00,0x00,0x01,0x20,0x8d,
    0x02,0x10,0x2a,0x12,0x8e,0x40,0x56,0x68,0xe4,0x2e,0x00,0x00,0x00,0x00,0x00,0x00,0x00,0x01,0x20,0x8d,
    0x02,0x10,0x2a,0x13,0x4a,0xc0,0x00,0x10,0x00,0x00,0xf8,0x16,0x3e,0xff,0xfe,0xe0,0x49,0x11,0x20,0x8d,
    0x02,0x10,0x2a,0x13,0xe7,0x44,0x38,0x52,0x4b,0x00,0x00,0x00,0x00,0x00,0x00,0x00,0x1c,0xe0,0x20,0x8d,
    0x02,0x10,0x2a,0x14,0x75,0x80,0xe5,0x68,0x00,0x5c,0x00,0x00,0x00,0x00,0x00,0x00,0x00,0x01,0x20,0x8d,
    0x02,0x10,0x2a,0x14,0x75,0x80,0xe5,0x68,0x00,0x0a,0x00,0x00,0x00,0x00,0x00,0x00,0x00,0x01,0x20,0x8d,
    0x02,0x10,0x2c,0x0f,0xfb,0x18,0x04,0x02,0x00,0x05,0x00,0x00,0x00,0x00,0x00,0x00,0x00,0x03,0x20,0x8d,
    0x04,0x20,0xd7,0x30,0x9b,0x00,0xba,0x6a,0x3d,0x6c,0xf3,0x8f,0x64,0x1f,0x6d,0xa7,0x09,0x3a,0xa4,0xe5,0x3b,0xf6,0xbe,0x48,0xb7,0xfa,0x98,0x23,0xf4,0xf1,0xac,0xc1,0xe9,0x1e,0x20,0x8d,
    0x04,0x20,0xd0,0x33,0x59,0x18,0xed,0x39,0xcf,0xe3,0x7f,0xd5,0x43,0x37,0x2d,0xbd,0x99,0xc0,0xd6,0xcd,0x61,0x2c,0x68,0x8c,0xaa,0x09,0x09,0xe5,0x92,0xbd,0x7f,0xca,0xe8,0xd3,0x20,0x8d,
    0x04,0x20,0xd0,0xe9,0x28,0xe9,0x72,0x0b,0xd5,0xc3,0xa5,0x1c,0xe1,0x1b,0xeb,0x17,0xf5,0xbc,0x29,0x62,0x02,0xb4,0x28,0xa7,0xfa,0x4b,0x11,0x5c,0x15,0xdd,0x66,0x87,0x0d,0x41,0x20,0x8d,
    0x04,0x20,0xd1,0x3b,0xd2,0xa0,0xe2,0xec,0x52,0x86,0xfd,0x8b,0xd9,0xfa,0x2d,0x3a,0xae,0xc0,0xde,0x09,0xbd,0x63,0xa3,0xb5,0x52,0xb6,0xc6,0x19,0x71,0xb5,0x61,0x46,0xea,0x22,0x20,0x8d,
    0x04,0x20,0xd1,0x71,0xc3,0xfe,0x89,0xe3,0xf3,0xa7,0x5d,0x19,0xda,0x9a,0x00,0x66,0xd5,0x14,0x77,0x54,0x3e,0xda,0xf9,0x49,0x26,0x1d,0x44,0xb6,0x39,0x06,0x47,0xb5,0x0e,0x64,0x20,0x8d,
    0x04,0x20,0xd1,0x72,0xb4,0x42,0xfe,0x80,0xf4,0x3f,0xea,0xb4,0x0f,0x9e,0x6d,0x01,0x2c,0x31,0x79,0x62,0xbe,0xc1,0xaf,0x97,0x5b,0x92,0x67,0xe1,0x87,0x1b,0x10,0xd6,0x1e,0xa0,0x20,0x8d,
    0x04,0x20,0xd1,0xab,0x30,0x04,0xd5,0x03,0x71,0x94,0xd8,0x9c,0xe9,0xab,0xfc,0x9f,0x09,0x80,0xba,0x7f,0xdf,0xdd,0x38,0x62,0x6e,0x44,0x1c,0xbf,0x36,0x4b,0x98,0x81,0xfd,0x3d,0x20,0x8d,
    0x04,0x20,0xd1,0xdb,0xb0,0xcf,0x7a,0x6a,0xba,0x68,0x9c,0x55,0x0f,0x47,0xd3,0x92,0x37,0xe9,0x1b,0x2d,0x59,0xc0,0x55,0xb4,0x86,0xdc,0xaf,0x8a,0x23,0x22,0x87,0xd4,0xa2,0x3f,0x20,0x8d,
    0x04,0x20,0xd3,0x0c,0xcb,0xc4,0x08,0xc3,0xef,0xb1,0xd8,0xca,0xca,0x5c,0xdb,0x09,0xe7,0x51,0x64,0xcc,0x5f,0x14,0x49,0x3c,0x56,0x84,0xec,0xe6,0x40,0xd2,0xca,0x16,0x09,0x1f,0x20,0x8d,
    0x04,0x20,0xd3,0x94,0x68,0x72,0xf2,0x69,0x7a,0xc9,0xf6,0x16,0x0a,0xc8,0x70,0x93,0xe8,0x33,0xf7,0xcf,0x97,0x4d,0xed,0xad,0x24,0x47,0x14,0xbf,0x95,0x3e,0x17,0x8b,0x9a,0x0e,0x20,0x8d,
    0x04,0x20,0xd3,0xc4,0x71,0x69,0x97,0xe1,0x85,0xc3,0x8b,0x85,0x47,0xf6,0xc1,0x37,0x3b,0x70,0x56,0x02,0xfb,0x9b,0x2e,0x0e,0x73,0x13,0x74,0xf2,0x2c,0x94,0x94,0xee,0xa2,0xa0,0x20,0x8d,
    0x04,0x20,0xd3,0xce,0x2e,0x2b,0xf3,0x8d,0x34,0x31,0x2c,0x73,0x8f,0x8a,0xe8,0xe6,0x14,0x82,0x62,0x56,0xeb,0xe7,0x37,0x18,0x59,0xf0,0xcf,0x41,0x14,0xe8,0xbb,0xc8,0x83,0x21,0x20,0x8d,
    0x04,0x20,0xd4,0x5e,0x52,0x3b,0xf8,0xfe,0xdd,0x9b,0x6d,0x70,0x02,0x40,0xb2,0x77,0x07,0x71,0x8e,0xb1,0x61,0x8c,0x75,0x15,0xf4,0x64,0x17,0x8f,0x66,0x0c,0x8b,0x1b,0x47,0x93,0x20,0x8d,
    0x04,0x20,0xd5,0xec,0x6f,0x36,0x1a,0xc1,0x49,0xf6,0x2c,0xcd,0x9d,0xbe,0x69,0x1d,0xc7,0x62,0x49,0xab,0xf9,0x85,0x74,0x9c,0xed,0x98,0xc7,0x63,0x44,0xcd,0xc6,0x15,0x07,0xfd,0x20,0x8d,
    0x04,0x20,0xd6,0x38,0x0b,0xc7,0x66,0xd3,0xdd,0xac,0x8d,0x7f,0x4d,0x8a,0xf6,0x8e,0x48,0x65,0x38,0xd7,0xad,0xf6,0x17,0x60,0xd4,0xc1,0x19,0xe0,0x16,0xb8,0xa6,0x42,0xe5,0x73,0x20,0x8d,
    0x04,0x20,0xdf,0x58,0x7e,0x9e,0x9c,0x2b,0xa4,0x66,0x7b,0x87,0x10,0x15,0xc5,0xb5,0xbf,0xd8,0x6e,0xb9,0xad,0x1d,0x52,0x0d,0x03,0xf1,0xa2,0xaa,0x2e,0x69,0xfb,0x74,0x08,0xe8,0x20,0x8d,
    0x04,0x20,0xdf,0x8e,0xff,0xca,0x6c,0x57,0x5b,0x5f,0x58,0x75,0xaa,0xbd,0x58,0x1c,0xcf,0x1b,0xd8,0xfb,0xb1,0x34,0x42,0x97,0x98,0xa0,0xe7,0xed,0x3c,0xd3,0xb9,0x7c,0x6c,0x59,0x20,0x8d,
    0x04,0x20,0xd8,0xa0,0x71,0x28,0x96,0x4a,0x54,0x41,0x25,0x94,0x0a,0xc9,0x5a,0x51,0xba,0xd9,0xd2,0x19,0x9a,0xad,0xe9,0xe4,0xc0,0x1a,0x7d,0xce,0x4a,0x67,0x6d,0x43,0x8f,0x7a,0x20,0x8d,
    0x04,0x20,0xd8,0xa9,0x40,0xe8,0x32,0xb4,0xf5,0x7f,0x4a,0x83,0x5d,0x6e,0x11,0x6e,0x60,0x2b,0x32,0x49,0xbd,0x2b,0xa5,0x54,0x94,0xcb,0xb5,0xc3,0x2d,0xd8,0x1d,0x90,0x90,0x34,0x20,0x8d,
    0x04,0x20,0xd9,0x10,0x47,0x0a,0xe1,0x9a,0xfc,0x6b,0x56,0xec,0x92,0x84,0xf3,0x83,0x12,0x49,0xee,0xd3,0x56,0xd8,0xd2,0x1d,0xfd,0x43,0xf0,0x04,0xb5,0x6d,0xaa,0x58,0xd6,0x89,0x20,0x8d,
    0x04,0x20,0xda,0x30,0x0d,0xbf,0x28,0xec,0xa7,0xd8,0x6f,0x53,0x0e,0x83,0x73,0xf7,0xbe,0x45,0x10,0x62,0x98,0x7f,0x90,0x81,0x53,0x2b,0x2c,0xf6,0x43,0x7c,0xf3,0x6d,0x01,0x59,0x20,0x8d,
    0x04,0x20,0xda,0x5a,0xf0,0xbc,0x46,0xd1,0x42,0xfe,0xc9,0xa8,0x3b,0x4a,0x61,0x9d,0x1a,0x6f,0xe7,0xfe,0xd5,0x3e,0x8d,0x03,0xa4,0x36,0xf5,0x06,0x34,0x61,0x92,0x19,0xc2,0x09,0x20,0x8d,
    0x04,0x20,0xda,0x9e,0x76,0x96,0xc7,0x0a,0x4b,0x6a,0x3c,0x1a,0x8e,0x4c,0xde,0xa9,0x82,0xd3,0xdb,0xcf,0x13,0x1a,0x48,0x4d,0x3c,0x6a,0x82,0x8b,0xf8,0x11,0x60,0x20,0xef,0x75,0x20,0x8d,
    0x04,0x20,0xda,0xce,0xa7,0xb1,0x9f,0xfd,0xa1,0xe9,0xcd,0x54,0xe3,0x8a,0xf2,0x20,0xfe,0xdc,0x19,0x1e,0x06,0x96,0xde,0x3e,0xb9,0x88,0xa2,0x28,0x9e,0xf2,0x7a,0xd2,0x04,0x84,0x20,0x8d,
    0x04,0x20,0xda,0xe9,0x62,0x7c,0x1b,0xc9,0x4a,0x5b,0x4b,0xaf,0x73,0x1a,0x73,0x9a,0x12,0x53,0xae,0x16,0xb5,0x85,0xb0,0x3f,0x70,0x27,0xfd,0x60,0x46,0x31,0x8e,0xba,0x2b,0x96,0x20,0x8d,
    0x04,0x20,0xdb,0x7b,0x37,0x72,0x9c,0xd0,0xa3,0x0f,0xb2,0x83,0x6f,0x2a,0x26,0xc5,0xe5,0x41,0x4f,0x51,0x8c,0xf7,0x01,0xd9,0x88,0x54,0x21,0x7f,0x7f,0xec,0x8a,0x3e,0xb3,0xf0,0x20,0x8d,
    0x04,0x20,0xdb,0x71,0xb2,0x26,0x4b,0xea,0x22,0xc6,0xb2,0x17,0x83,0xb1,0xb2,0xb6,0x95,0x3a,0xfc,0x3e,0x0b,0x51,0xff,0xf6,0xbb,0x74,0xef,0x3a,0xd7,0xd9,0x5f,0xa5,0x2b,0x26,0x20,0x8d,
    0x04,0x20,0xdc,0x1b,0x15,0x4a,0x79,0x3c,0xde,0x49,0x4f,0xdd,0xb0,0x2a,0xd5,0xfc,0x8c,0x1a,0x59,0xb6,0xc8,0xda,0x44,0x1e,0x87,0x30,0x10,0xf8,0x7d,0x98,0x4d,0x7b,0x90,0x65,0x20,0x8d,
    0x04,0x20,0xdc,0x2a,0x43,0x7c,0x87,0x61,0xda,0x82,0xc2,0x35,0xf4,0xa1,0x70,0x28,0x2c,0xa7,0xa0,0x54,0x83,0x41,0x68,0x3c,0x2d,0x8f,0xb4,0x1c,0x33,0x5a,0xff,0xca,0x05,0xf3,0x20,0x8d,
    0x04,0x20,0xdc,0xe9,0x1e,0x1e,0xaf,0x3a,0x58,0x8b,0x08,0x12,0x9e,0xed,0x13,0xf9,0x0d,0x6c,0x0e,0xa5,0xa1,0xac,0x77,0x9c,0x6a,0xe0,0x52,0x1a,0xc6,0x6a,0x8b,0xb4,0x9d,0x72,0x20,0x8d,
    0x04,0x20,0xdd,0x28,0x29,0x02,0x49,0xea,0xd8,0x01,0x85,0x7a,0x4c,0x7e,0x87,0x50,0x28,0x01,0x4f,0x0e,0xf8,0x27,0xca,0x0a,0x0c,0x8f,0xca,0xa7,0xb5,0xae,0x2d,0xaa,0xc4,0x46,0x20,0x8d,
    0x04,0x20,0xdd,0x97,0xcd,0x86,0xc8,0xdb,0x29,0x05,0xb6,0xed,0x3d,0xcc,0xbf,0x61,0xdc,0x6c,0x49,0x70,0xa9,0x7f,0x67,0x95,0x5c,0xf1,0x48,0xfb,0x02,0x81,0xf5,0xe6,0x91,0x14,0x20,0x8d,
    0x04,0x20,0xde,0x24,0x92,0x1d,0xf4,0xdd,0x09,0xf1,0xa1,0xd9,0x91,0x32,0x17,0x51,0x6e,0x4b,0xd1,0x41,0x1d,0xaa,0x9d,0x2c,0x7d,0xfc,0xcb,0xe0,0x7d,0x2a,0xd4,0x22,0xbf,0xa4,0x20,0x8d,
    0x04,0x20,0xde,0x6d,0x51,0x5b,0x22,0x64,0xbd,0x02,0x03,0xa9,0x9f,0xef,0xcc,0x13,0x5c,0x11,0xd4,0x94,0x81,0x69,0x4a,0x99,0x25,0x04,0x41,0xd8,0x3f,0xd8,0x0d,0x6b,0xcd,0x5e,0x20,0x8d,
    0x04,0x20,0xe6,0x9e,0xc0,0x10,0xc4,0x1e,0x8b,0x5e,0x73,0xc6,0x5e,0x3a,0xf0,0x15,0x89,0x2d,0x9f,0xbf,0x75,0x07,0x34,0xdd,0xc5,0xe8,0xca,0x85,0xc6,0xfb,0x1d,0x85,0xf8,0x27,0x20,0x8d,
    0x04,0x20,0xe7,0x5e,0x32,0x9b,0x14,0xd0,0x98,0xdd,0xb8,0xe0,0x24,0xfb,0xd2,0x08,0x91,0x10,0xa3,0xbc,0x45,0x19,0xb9,0xea,0xc8,0xe1,0xf7,0x20,0x83,0x65,0x06,0x00,0xbc,0x3b,0x20,0x8d,
    0x04,0x20,0xe7,0x99,0x9e,0x01,0xc4,0x11,0x8b,0xde,0x7b,0xc5,0xcc,0xf7,0x62,0xf6,0x48,0xf0,0xb7,0x92,0x96,0x7c,0x47,0xd9,0xff,0x45,0x05,0x51,0xef,0x07,0x84,0xb3,0x55,0x7c,0x20,0x8d,
    0x04,0x20,0xe7,0xc6,0xef,0x1d,0x6f,0xc0,0x5b,0x41,0x86,0x41,0xa6,0x35,0x3d,0x2b,0xb6,0x00,0xa6,0x76,0xbd,0xc6,0xaf,0xa1,0xd9,0x83,0xee,0x43,0x3b,0x7c,0x33,0x11,0x9e,0x17,0x20,0x8d,
    0x04,0x20,0xe0,0x31,0x8e,0x3f,0x4b,0x94,0x09,0xf1,0x6e,0x14,0x88,0x4f,0x25,0x0c,0x1b,0x30,0x28,0xd1,0x1a,0x48,0x5b,0xf3,0xbd,0xd8,0xc2,0x75,0x33,0x0e,0x69,0xaf,0xb3,0x6e,0x20,0x8d,
    0x04,0x20,0xe0,0xc9,0xde,0x1f,0xaa,0xbd,0xc1,0xfa,0x1f,0x68,0xc4,0x3d,0xfb,0xf6,0x8e,0xfb,0xb1,0x0e,0x9a,0xa0,0x55,0x73,0x4c,0xef,0x2f,0x3c,0x7f,0x4a,0x2c,0x69,0x3c,0x46,0x20,0x8d,
    0x04,0x20,0xe1,0x86,0xf0,0xdd,0xac,0x5f,0x63,0xf4,0x9e,0x83,0x7c,0xb7,0xc9,0xc2,0x3d,0x4c,0x45,0xd1,0x50,0xfd,0x42,0xc1,0x43,0x05,0xd9,0x0c,0x63,0x0e,0x54,0xdb,0x86,0x7f,0x20,0x8d,
    0x04,0x20,0xe2,0x5b,0x29,0x40,0x48,0x78,0x65,0xed,0xcf,0xdf,0x21,0xe3,0xac,0xb5,0x29,0x61,0x83,0x26,0x73,0x96,0xd4,0x56,0x4e,0x85,0xdd,0xb7,0xc0,0xe9,0x4c,0x36,0x2f,0x54,0x20,0x8d,
    0x04,0x20,0xe2,0x71,0xe2,0x19,0x2a,0x6f,0xa0,0xdf,0xe6,0xba,0xce,0x91,0xbf,0x1e,0x57,0x77,0x18,0xa0,0x8b,0x05,0x1e,0xee,0xde,0x9a,0x64,0x9f,0x0b,0x82,0xbf,0x36,0xdc,0xe7,0x20,0x8d,
    0x04,0x20,0xe3,0x12,0xec,0xe0,0x96,0x68,0x18,0x6b,0xe8,0x50,0x90,0x00,0x5a,0x31,0xc4,0xb1,0x8e,0xc2,0x49,0x79,0x32,0xd8,0x6c,0x7f,0x2c,0x17,0x14,0xd6,0x47,0x37,0x5f,0x7b,0x20,0x8d,
    0x04,0x20,0xe3,0x22,0x3a,0xfc,0x02,0x81,0x91,0xc6,0x65,0x79,0x6f,0x0e,0xcf,0x3e,0xa6,0xad,0x2c,0xf0,0x19,0x6a,0xb9,0x14,0x54,0xb8,0x52,0x64,0x31,0xe4,0x79,0x8b,0x8e,0x46,0x20,0x8d,
    0x04,0x20,0xe3,0xfb,0xfe,0x0a,0x33,0x0f,0xcb,0x71,0x60,0x05,0x8d,0xfc,0x89,0xcc,0x68,0x42,0xbd,0xd0,0xf3,0x32,0x57,0x70,0x8f,0x2f,0xf6,0x93,0x15,0x5d,0x66,0xdf,0x18,0x9c,0x20,0x8d,
    0x04,0x20,0xe4,0xc3,0x77,0x17,0x36,0xab,0x14,0xbf,0x00,0x8c,0x32,0x6d,0x2d,0xea,0x76,0x88,0x69,0x9e,0x29,0xa8,0xc0,0xe3,0x1e,0xc8,0xab,0x31,0x20,0x84,0xa8,0x11,0x41,0x7a,0x20,0x8d,
    0x04,0x20,0xe4,0xe9,0x46,0x3d,0x89,0x40,0x3b,0x15,0x1e,0x26,0x28,0xbc,0xac,0xd0,0xab,0xaa,0x8f,0xa8,0xff,0x5e,0xae,0x89,0x15,0x1b,0x58,0x2b,0x1e,0x4c,0xaa,0x3a,0x4b,0xe6,0x20,0x8d,
    0x04,0x20,0xe5,0x42,0xea,0x01,0xc8,0x44,0xc2,0xe3,0x96,0xc1,0xaf,0xd4,0x46,0xad,0x93,0x54,0x02,0x86,0x47,0x67,0x14,0x06,0xa1,0xcc,0x45,0x3e,0x87,0xe1,0x3c,0x6f,0xdc,0x1b,0x20,0x8d,
    0x04,0x20,0xe5,0x51,0x8f,0x04,0xd5,0x52,0xf8,0xaf,0xf0,0xf5,0x40,0x9a,0xc1,0x03,0x2f,0xf6,0xf4,0x8b,0x2a,0x36,0x17,0xea,0x7d,0x72,0xf9,0xb5,0x02,0x84,0xcb,0x91,0xf9,0xf7,0x20,0x8d,
    0x04,0x20,0xe6,0x6c,0xaa,0x4a,0x57,0x9a,0x70,0xa7,0x12,0x75,0xeb,0x0c,0x16,0x10,0xd8,0x6c,0xe0,0x82,0xea,0x78,0x45,0x9b,0x7d,0x15,0x8b,0x44,0x1d,0xe5,0xa9,0x59,0xe0,0x57,0x20,0x8d,
    0x04,0x20,0xee,0xca,0x19,0xfb,0x19,0x3f,0x28,0xef,0xf8,0xf5,0xff,0xec,0xf8,0xbf,0x29,0x5a,0x32,0x48,0xe3,0x39,0x55,0x5f,0x71,0x4b,0x5f,0x52,0xc9,0xc1,0x46,0x77,0x60,0x68,0x20,0x8d,
    0x04,0x20,0xef,0xa8,0xda,0x13,0xbd,0xf1,0xa4,0x7b,0x94,0x02,0xdd,0x2c,0xa9,0xa7,0x94,0xbf,0x73,0xbc,0xf4,0xc3,0x8b,0x66,0x24,0x92,0xb5,0x27,0xa3,0x18,0xdf,0xb6,0x38,0x52,0x20,0x8d,
    0x04,0x20,0xef,0xe4,0x22,0x5b,0x2f,0x29,0x12,0xfa,0x5c,0x11,0x4c,0x42,0xf9,0x88,0x9a,0xd5,0x91,0xc5,0x29,0x61,0x78,0xa5,0x6d,0x3e,0xa8,0x11,0x84,0xb1,0x1c,0xd0,0x64,0xa3,0x20,0x8d,
    0x04,0x20,0xe9,0x0a,0xa5,0xb6,0x4f,0xcf,0x2a,0x27,0x42,0xf2,0xf9,0x4e,0x40,0x34,0xd8,0x3b,0x7a,0xad,0x19,0xfd,0x28,0xd4,0x18,0x92,0xc4,0x7b,0xdc,0x69,0xb7,0xde,0x03,0x65,0x20,0x8d,
    0x04,0x20,0xe9,0x7e,0x6d,0x0d,0x58,0x2f,0x14,0x66,0x98,0xec,0x14,0xe6,0xae,0x85,0x4c,0x8f,0xc5,0xff,0x00,0xce,0xa4,0x89,0x9e,0xd8,0xa3,0x84,0x5e,0x9a,0x4b,0x16,0x72,0x7e,0x20,0x8d,
    0x04,0x20,0xe9,0x5d,0xb3,0xc6,0xf4,0x35,0x4c,0x60,0x56,0x85,0xc3,0xfb,0x2f,0x0e,0xf1,0x90,0x16,0x4e,0xa9,0xa9,0x1f,0x27,0xb2,0x84,0x16,0x52,0x06,0xbc,0xd1,0xef,0x1f,0x06,0x20,0x8d,
    0x04,0x20,0xe9,0xbe,0x48,0xa4,0x7f,0xcd,0xf3,0x60,0x47,0x9a,0x08,0x8d,0x8a,0x4a,0x32,0x19,0xb6,0x20,0x60,0x4b,0xbe,0x5f,0xe0,0x76,0xe9,0x72,0x0d,0xc6,0xc6,0x49,0xbd,0x49,0x20,0x8d,
    0x04,0x20,0xea,0x3e,0x6b,0x2a,0x45,0x25,0x2f,0x2c,0x0b,0xb3,0x88,0x2d,0x10,0x45,0x0d,0x00,0xa8,0x40,0x7c,0xef,0x78,0xc8,0x99,0x19,0x82,0x09,0xa1,0xe8,0x6b,0x70,0x48,0xbb,0x20,0x8d,
    0x04,0x20,0xea,0x2e,0x50,0xca,0xd3,0xb4,0x8c,0x8c,0x11,0xa0,0x86,0x9e,0x1f,0x06,0x2e,0x7d,0x67,0xa9,0x49,0x69,0x4a,0x68,0x2e,0x79,0x85,0x7b,0x83,0xd7,0xc5,0xdb,0xef,0x13,0x20,0x8d,
    0x04,0x20,0xeb,0x03,0x13,0xac,0x63,0x5e,0xb2,0x6b,0x05,0x86,0x8c,0xdb,0x9d,0x51,0x5e,0x40,0xa3,0x1f,0x8e,0x78,0x08,0x0d,0x3c,0xec,0x05,0x57,0xc1,0x79,0x64,0x72,0x96,0x74,0x20,0x8d,
    0x04,0x20,0xec,0x63,0x2d,0xc0,0xb8,0xb1,0xa4,0xdf,0x5f,0xad,0xf1,0xf0,0x51,0x80,0xe9,0x87,0x71,0x24,0xe9,0x71,0xfc,0xc7,0x7a,0xa5,0x22,0x4b,0xc3,0x9f,0x7f,0x5f,0xec,0x03,0x20,0x8d,
    0x04,0x20,0xed,0xc7,0x1a,0xdc,0x02,0xc3,0x97,0x3c,0xcf,0x71,0x08,0xf4,0xbd,0xc3,0x3e,0xe7,0x5b,0xbc,0x56,0xa7,0x75,0xc9,0x7e,0x8f,0x9c,0x78,0x08,0x6d,0x2f,0xf7,0x70,0x1f,0x20,0x8d,
    0x04,0x20,0xee,0x24,0x92,0xc2,0xa9,0xbc,0x9c,0x17,0x82,0x73,0x5c,0x02,0xa4,0x4b,0x00,0x7b,0x82,0x0a,0x37,0xf0,0x93,0x3d,0x53,0xab,0x38,0x4f,0x55,0xe3,0xa0,0x23,0x23,0x63,0x20,0x8d,
    0x04,0x20,0xf7,0x35,0x24,0x66,0x62,0x17,0xd8,0x64,0xf7,0xe2,0x7c,0x37,0x2b,0xf3,0x0b,0xfa,0xcb,0xc7,0x8a,0x67,0xa4,0xfe,0x25,0xa0,0x6b,0x2b,0xc1,0x9a,0x1d,0xa0,0xf4,0xc3,0x20,0x8d,
    0x04,0x20,0xf7,0x37,0x9b,0x69,0xa5,0x66,0x65,0xdd,0x8c,0x41,0x4f,0x15,0x30,0x35,0xc9,0x9c,0x7f,0xa3,0x1a,0x69,0xb5,0xe7,0x74,0x0f,0x4e,0xb5,0xa9,0x99,0x22,0xaf,0x8e,0x61,0x20,0x8d,
    0x04,0x20,0xf1,0x81,0x8c,0xc4,0xc0,0xfb,0x7c,0x39,0xef,0x7b,0x9a,0x0e,0xe0,0x2c,0x73,0x67,0x4b,0xc4,0x82,0xae,0x66,0x9f,0xd8,0x15,0xc8,0xb1,0x4e,0x4f,0x12,0x5d,0xe4,0x54,0x20,0x8d,
    0x04,0x20,0xf6,0x16,0xf5,0x02,0xc6,0x0a,0xa1,0x73,0x06,0xc5,0xd1,0x0e,0xa4,0xcd,0x6c,0x61,0xca,0x46,0xea,0xfc,0x7f,0x46,0xd9,0x32,0x0c,0x39,0xea,0xc2,0x88,0xe0,0x43,0x6a,0x20,0x8d,
    0x04,0x20,0xfe,0x86,0x16,0x91,0x88,0xe9,0xba,0x89,0xd5,0x31,0xc8,0x02,0x6c,0xe2,0x0b,0x9d,0x75,0xa6,0x5f,0x1b,0x6f,0x12,0x82,0x05,0x93,0x92,0x9a,0x19,0xf3,0xdc,0xbb,0x4a,0x20,0x8d,
    0x04,0x20,0xff,0x35,0xb4,0x25,0x2b,0xa7,0x07,0xae,0x53,0x13,0xb8,0xed,0x41,0x97,0xda,0xf2,0x8f,0x1d,0xaa,0xb0,0xbe,0x5a,0xb2,0xf9,0x11,0x43,0xd6,0x3c,0x22,0x4e,0x2d,0x1c,0x20,0x8d,
    0x04,0x20,0xff,0x5c,0x9e,0x10,0xac,0xb8,0xc3,0xbf,0xe7,0xf2,0x2d,0xa6,0x69,0x56,0x02,0x34,0xbb,0xef,0x4a,0x4d,0xeb,0x8b,0x08,0x72,0x92,0xa9,0x92,0x60,0xfb,0x2f,0xa4,0xcf,0x20,0x8d,
    0x04,0x20,0xf8,0x7c,0x84,0xd8,0x7c,0xdb,0xe9,0x1f,0xf4,0x03,0x46,0xc2,0x8e,0xc7,0x19,0x8f,0xd7,0xba,0x4f,0x6f,0xde,0xc7,0x01,0x0d,0x8b,0x99,0xe6,0x5e,0x83,0x87,0x2f,0x14,0x20,0x8d,
    0x04,0x20,0xf8,0x40,0xfe,0x01,0xf8,0x9e,0xef,0xcb,0x73,0x89,0xfe,0xe8,0x8d,0xdd,0x02,0xff,0xcf,0x56,0xea,0xd0,0xd6,0xf9,0x94,0x41,0x6d,0x78,0x7a,0x26,0x56,0x0f,0xe8,0x1b,0x20,0x8d,
    0x04,0x20,0xf8,0xd9,0xe9,0xea,0xf9,0xb0,0x00,0x2c,0x08,0x74,0x75,0xe7,0xf9,0x15,0xf9,0xcc,0x5a,0x85,0x3d,0x69,0x04,0x0f,0xe6,0xbf,0x78,0xfd,0x69,0x2f,0x9b,0xbb,0x49,0x00,0x20,0x8d,
    0x04,0x20,0xf9,0x8a,0x2e,0x0c,0x85,0x4b,0x0e,0x09,0x3c,0xfb,0xe1,0x50,0x09,0x79,0x02,0xad,0xc9,0xaf,0x06,0xb4,0xd1,0xd1,0x28,0xbc,0x07,0xef,0x3d,0x68,0x24,0x25,0xb0,0xbc,0x20,0x8d,
    0x04,0x20,0xfa,0x18,0x0b,0x13,0x44,0xd6,0x32,0x2f,0x3a,0x88,0x25,0x4b,0x89,0x52,0x4f,0x61,0x2e,0xa7,0xff,0x8f,0x83,0xd5,0x80,0x6d,0x0b,0xe5,0xbb,0xb8,0x7a,0xd0,0xe2,0xfc,0x20,0x8d,
    0x04,0x20,0xfa,0x5f,0x52,0x1f,0x2a,0x46,0x2f,0x7d,0xce,0x2c,0xf1,0xf4,0xb7,0xab,0x76,0x4d,0xe6,0x7d,0xda,0x82,0x0f,0xa4,0x33,0xbc,0x52,0xdb,0xca,0x11,0x55,0x08,0x9a,0xdf,0x20,0x8d,
    0x04,0x20,0xfb,0x76,0x4b,0x60,0x20,0xd0,0xa7,0x28,0xf5,0xda,0xac,0xdd,0xd9,0xd7,0x73,0xf4,0x42,0x5d,0x64,0x4c,0xb0,0x3f,0x37,0x78,0xba,0xf8,0xc6,0xe5,0x75,0x5d,0x76,0x51,0x20,0x8d,
    0x04,0x20,0xfb,0x45,0x35,0x66,0x45,0x58,0x92,0x39,0xf2,0xb4,0xee,0xa3,0x65,0xae,0xa3,0xb9,0x12,0x82,0xb0,0xc1,0xb6,0x98,0x96,0x42,0xd4,0x35,0x01,0x3b,0x23,0x90,0x2f,0x63,0x20,0x8d,
    0x04,0x20,0xfb,0x57,0x96,0x5b,0x5f,0x95,0x10,0x06,0x15,0x36,0xdc,0x67,0x68,0xcf,0x85,0x8a,0x82,0x0b,0x49,0x3f,0x37,0xee,0xd1,0x3c,0x96,0x4a,0xc2,0x23,0x72,0xa7,0x72,0xcf,0x20,0x8d,
    0x04,0x20,0xfc,0xd1,0x60,0x34,0x14,0x7e,0xcf,0x21,0x89,0x88,0x10,0x3a,0x7e,0xb7,0x01,0x01,0x80,0xce,0xe3,0x18,0x6b,0x29,0x41,0x50,0x93,0x49,0x46,0xb8,0x28,0xce,0x16,0x2e,0x20,0x8d,
    0x04,0x20,0xfd,0xae,0xaf,0x35,0x92,0xef,0x94,0x4c,0x3b,0x49,0xc5,0x34,0x4a,0xd2,0x0d,0x52,0x6b,0xa6,0x62,0xf1,0x3a,0x79,0xaa,0xd5,0x91,0xe9,0xa2,0xe5,0xa2,0x33,0x63,0x5d,0x20,0x8d,
    0x04,0x20,0x06,0xfd,0x4b,0xca,0x9e,0x14,0x7d,0xb2,0x35,0x1d,0x5f,0xfe,0x26,0x2c,0x40,0xe7,0xda,0xe0,0x2f,0x71,0x7f,0x88,0x49,0x16,0xa0,0xc5,0xdf,0x78,0x2b,0x31,0x60,0xe8,0x20,0x8d,
    0x04,0x20,0x07,0x1c,0x98,0xb9,0xe9,0xe3,0x5f,0x6e,0xbf,0xa9,0x21,0xb6,0xce,0xca,0x0c,0x38,0x08,0xb3,0xf8,0x46,0x81,0x2a,0x24,0x6e,0x22,0x19,0x52,0xbb,0x68,0xaa,0x54,0x47,0x20,0x8d,
    0x04,0x20,0x07,0x6b,0xc9,0xd4,0xe6,0x9a,0x32,0xbb,0x90,0x9a,0x34,0x46,0x1f,0x30,0x87,0xa5,0x38,0x18,0x5e,0x03,0xa2,0x5d,0x71,0x98,0xb6,0x1a,0x86,0xdc,0xc3,0x8a,0xf9,0x82,0x20,0x8d,
    0x04,0x20,0x07,0x6a,0x48,0xd8,0x13,0x53,0x75,0x37,0xac,0x0e,0xd6,0xf5,0x23,0x5c,0xbd,0x39,0xa4,0xdc,0x86,0xdf,0x63,0xe3,0x30,0xd8,0x12,0x6c,0x23,0xe5,0x3f,0xa3,0x3c,0xfc,0x20,0x8d,
    0x04,0x20,0x07,0xf7,0x5a,0x55,0x7d,0x54,0xac,0x84,0x61,0x2d,0x9a,0x05,0x95,0x8d,0xf2,0xb2,0xed,0x9a,0x60,0xb8,0x99,0x49,0x9e,0xf8,0x5e,0x53,0x08,0x70,0x8f,0xff,0x36,0x59,0x20,0x8d,
    0x04,0x20,0x00,0xf2,0xfb,0xb6,0x03,0x62,0xc8,0xd4,0x98,0x32,0xf4,0xf5,0x15,0x9b,0xc3,0xa9,0xe4,0xc4,0xcb,0x03,0xf3,0x31,0xaf,0x95,0x3f,0x04,0x7c,0xd4,0x93,0x17,0x03,0x17,0x20,0x8d,
    0x04,0x20,0x01,0x63,0x0c,0x34,0xec,0xf0,0x17,0xf8,0xc1,0x56,0xf2,0xf2,0x7f,0x39,0xda,0xa3,0x2d,0x31,0xfc,0x20,0xe4,0xfd,0xe0,0x2c,0x6b,0xa7,0x90,0x8a,0xfb,0x6e,0x86,0x75,0x20,0x8d,
    0x04,0x20,0x02,0x62,0xdd,0x66,0xa9,0xde,0x0b,0x0c,0xd5,0xd9,0x71,0xba,0xae,0x37,0x8f,0xf4,0xcf,0x2b,0x6a,0x08,0xd0,0x39,0xf6,0x25,0xa9,0xd2,0x9a,0xae,0x42,0x4e,0x52,0x79,0x20,0x8d,
    0x04,0x20,0x02,0xae,0xc5,0xbf,0x50,0x93,0xc6,0x19,0xcf,0xff,0xbb,0xf3,0x9d,0x40,0x84,0x94,0xbb,0x0e,0x47,0x87,0x63,0x69,0xe5,0x3b,0x5d,0x7d,0x0b,0x9b,0x5a,0x51,0xf4,0x06,0x20,0x8d,
    0x04,0x20,0x03,0x9a,0xd6,0x1f,0xdc,0x29,0x36,0xf8,0xb7,0x99,0x43,0x6b,0xce,0xc1,0x47,0xa8,0xe5,0xec,0x15,0xc0,0x01,0xc5,0xde,0x39,0x96,0x92,0x02,0x81,0x87,0xa6,0xa6,0x63,0x20,0x8d,
    0x04,0x20,0x04,0x1f,0x36,0x30,0x42,0xe0,0xec,0xc2,0xfd,0x13,0xde,0xbd,0x45,0x23,0x77,0x99,0xfe,0x0f,0xd7,0xe3,0x6a,0xee,0x6d,0xa1,0xec,0x0e,0xee,0x32,0x3c,0x2d,0x50,0x67,0x20,0x8d,
    0x04,0x20,0x04,0x6c,0x55,0x28,0x4f,0xb0,0xfd,0xa5,0xbb,0x9f,0x73,0x99,0x10,0xe4,0x2e,0xf8,0x46,0x1c,0x92,0x8e,0x41,0x24,0xb5,0xc9,0xb2,0xe1,0x12,0x1f,0x11,0x49,0xcf,0x2a,0x20,0x8d,
    0x04,0x20,0x04,0xa4,0x08,0xa1,0xc1,0x7e,0x39,0x62,0x5a,0x2e,0x12,0x1c,0xcd,0x4d,0xd7,0x3c,0x9e,0x1a,0x2b,0x2d,0xce,0x7c,0x02,0x45,0xe2,0xb7,0xb2,0xd3,0x95,0xb1,0x4e,0xab,0x20,0x8d,
    0x04,0x20,0x05,0x0f,0x74,0x37,0xb4,0x0c,0xc9,0xbe,0x6e,0x9e,0x90,0x8f,0x59,0xde,0x9c,0x5d,0xd1,0x8a,0x11,0x5c,0xc4,0x9e,0xd5,0xc1,0xcc,0xfc,0x70,0x22,0x6c,0x5d,0x77,0x73,0x20,0x8d,
    0x04,0x20,0x05,0xf9,0x2d,0x8c,0xf6,0x8a,0x63,0x42,0x2f,0xf1,0xec,0x5a,0xaf,0x0b,0x7c,0x3b,0x60,0x89,0x8b,0x18,0x7e,0x14,0x6e,0x5f,0x67,0x0f,0x00,0x87,0xe9,0x26,0xb6,0x9c,0x20,0x8d,
    0x04,0x20,0x0e,0xbf,0x25,0xac,0x53,0x0a,0xd6,0x9c,0xc6,0x71,0x59,0x96,0xb8,0xc8,0x52,0x21,0xc2,0xf9,0x95,0x81,0xc0,0x11,0x4e,0x6c,0x03,0x6e,0x81,0x24,0x22,0xa0,0x5d,0xc1,0x20,0x8d,
    0x04,0x20,0x0e,0x8f,0xb3,0x1c,0x91,0xe4,0xa8,0x10,0x9c,0x98,0xbf,0x76,0x9b,0x2f,0x40,0x9e,0x7c,0x85,0x09,0xe7,0x70,0x07,0xcd,0x55,0x2d,0x4e,0x61,0x7d,0x66,0xad,0x09,0x6a,0x20,0x8d,
    0x04,0x20,0x0f,0x39,0x09,0xd0,0xbf,0x53,0xf3,0xbc,0xc3,0x8f,0x4c,0xa2,0xa1,0x02,0x3a,0xc5,0x6a,0xc6,0x36,0xcb,0x8e,0xd3,0x71,0xe9,0xbc,0x64,0x5a,0x6c,0x8b,0x7c,0x31,0x9c,0x20,0x8d,
    0x04,0x20,0x0f,0x61,0x8d,0xcc,0xff,0x4d,0x8a,0x34,0xe5,0x89,0xd0,0x48,0x95,0xbb,0x2c,0x4f,0x49,0x68,0x4c,0x27,0xe0,0x83,0xb1,0xba,0x27,0xb9,0x0b,0x44,0x4f,0xf7,0x39,0xbc,0x20,0x8d,
    0x04,0x20,0x0f,0xf0,0x07,0x1b,0xb8,0xa4,0x07,0x90,0x7d,0xa3,0xfd,0x93,0xa7,0x0b,0x6f,0xb5,0x64,0x75,0x83,0x4d,0x16,0x9b,0xd5,0xfa,0x70,0xca,0x55,0x0c,0xe7,0x79,0xa7,0x7f,0x20,0x8d,
    0x04,0x20,0x08,0xaf,0x84,0x2b,0xee,0x4f,0x42,0xe9,0x51,0x3a,0x02,0x76,0x1a,0x5d,0x45,0x55,0x5f,0xcc,0x92,0xe5,0xa0,0xe7,0xc0,0x64,0x01,0xcf,0x8b,0x9b,0x0e,0x2d,0xbf,0x3c,0x20,0x8d,
    0x04,0x20,0x09,0x53,0xdc,0x85,0x74,0xdf,0x7a,0x3c,0xc6,0xe5,0x96,0xd4,0x8f,0x0c,0xa7,0xff,0xce,0xe5,0xc8,0x1b,0x37,0x7b,0xed,0x28,0x05,0xe6,0x5c,0x72,0x45,0x06,0xfa,0xec,0x20,0x8d,
    0x04,0x20,0x09,0xdc,0x6c,0x0f,0x3e,0xb2,0x68,0xf0,0xc1,0x0c,0xce,0xa2,0x4d,0xbd,0x6e,0x83,0x2f,0x35,0x4b,0xc3,0xbe,0x7e,0xf0,0xd3,0x99,0xcb,0xb8,0xf7,0xf8,0x0e,0x27,0xfb,0x20,0x8d,
    0x04,0x20,0x0c,0x5c,0x6e,0xce,0xdb,0xfe,0x79,0xdc,0xc5,0x3c,0x83,0x1b,0x6a,0xe0,0x89,0x22,0x9a,0xe1,0xe3,0x8a,0xca,0xfc,0xcf,0x65,0xa7,0x54,0x57,0x95,0xce,0xc1,0x0f,0x62,0x20,0x8d,
    0x04,0x20,0x0d,0x34,0xdd,0xdc,0xb9,0x46,0x1d,0xb3,0x3e,0x79,0xdf,0x75,0xfa,0x4d,0x71,0x32,0x08,0x73,0xf6,0x99,0xd8,0x2c,0x04,0x2d,0x04,0xe1,0xdc,0xd0,0x5d,0xb2,0x7c,0xd1,0x20,0x8d,
    0x04,0x20,0x0d,0xb9,0x16,0xb2,0x2d,0x36,0xee,0xda,0x71,0xec,0xb0,0xa4,0x8e,0xca,0x78,0x85,0x82,0xb4,0xd3,0xb8,0x69,0x81,0x85,0xc4,0x95,0x72,0x4a,0x4f,0x4d,0x6e,0x37,0x2f,0x20,0x8d,
    0x04,0x20,0x0e,0x58,0x0c,0xd1,0x1b,0x6a,0x74,0x20,0x67,0x86,0x3c,0x74,0xb9,0x0b,0x10,0x5b,0xf5,0xcf,0xc6,0x5a,0xd5,0xb6,0x0f,0x96,0xb9,0xd5,0x11,0xa9,0x81,0xb9,0xef,0x6a,0x20,0x8d,
    0x04,0x20,0x17,0x42,0x27,0x63,0x03,0xed,0x2f,0xb5,0x56,0x80,0xd9,0xb6,0xee,0x6e,0x3b,0xda,0x15,0x92,0x6c,0xb3,0xc3,0x85,0xfb,0xbd,0x4a,0xf3,0x88,0xd6,0x8a,0x6e,0xbb,0x5f,0x20,0x8d,
    0x04,0x20,0x17,0xdb,0xc2,0x99,0x3b,0x5a,0x7b,0x65,0xc5,0x0c,0x67,0xd5,0xcb,0xf2,0x12,0x3f,0x0b,0x35,0xb9,0x44,0x1a,0xd2,0xeb,0x61,0x32,0x55,0xf0,0xfa,0xd1,0xcd,0xa0,0x50,0x20,0x8d,
    0x04,0x20,0x10,0x17,0x00,0x0a,0x49,0xb1,0x20,0x64,0x37,0xbd,0x6e,0x04,0x54,0xf8,0x3d,0x18,0x6c,0x1b,0x8a,0xdd,0x9d,0xc6,0x04,0x96,0x09,0x71,0x1e,0x4b,0x1c,0xf6,0x67,0x47,0x20,0x8d,
    0x04,0x20,0x10,0x57,0xae,0x78,0xdb,0x28,0xd8,0xce,0xb5,0x09,0xa7,0x66,0xd2,0x00,0x54,0x68,0xc2,0xc4,0xb4,0xf8,0x4a,0x2f,0x5b,0x40,0x52,0x2e,0x17,0x84,0xc4,0xf6,0xe6,0xbd,0x20,0x8d,
    0x04,0x20,0x10,0x62,0x9a,0x5a,0xac,0x00,0xc0,0x0e,0x23,0xee,0x62,0x5c,0xdb,0x2d,0x9e,0x5f,0xc9,0x84,0xaa,0x68,0xa3,0x3f,0xd1,0x40,0x6b,0x22,0x22,0xb1,0x3f,0xef,0x1a,0x67,0x20,0x8d,
    0x04,0x20,0x10,0xfb,0x36,0x43,0x1f,0x9f,0x4a,0x97,0xdf,0x68,0xba,0xc0,0xa3,0xef,0x53,0x03,0x0b,0xb4,0xde,0xcd,0x11,0xe2,0x37,0xfb,0xea,0xad,0x4d,0x60,0x22,0x2f,0xb1,0x78,0x20,0x8d,
    0x04,0x20,0x11,0x3f,0x0a,0x34,0x3a,0x4e,0x0e,0xa7,0x40,0x77,0x44,0x62,0xc6,0x92,0xd5,0x4f,0x6c,0x72,0x84,0xc1,0x81,0xea,0xe7,0x22,0x76,0x35,0xce,0x10,0x33,0xff,0xd4,0x29,0x20,0x8d,
    0x04,0x20,0x11,0xe8,0xbf,0x2e,0xd0,0xcc,0xd3,0xe5,0xc4,0x21,0xe1,0x1c,0x1f,0xd1,0x3e,0xae,0xbe,0xbc,0x86,0x86,0x81,0xdf,0xfc,0x80,0xff,0x69,0xed,0x45,0x87,0x57,0x7b,0x1c,0x20,0x8d,
    0x04,0x20,0x14,0x2a,0x0d,0xcc,0x0f,0xf8,0x22,0xe5,0xa2,0x90,0xa6,0x4c,0xd5,0xf4,0x22,0x92,0x36,0xca,0x8d,0xe4,0x99,0xa6,0x52,0x2c,0x42,0x2c,0xfc,0x4e,0x1a,0x00,0x9e,0x40,0x20,0x8d,
    0x04,0x20,0x15,0x7e,0xa4,0xcb,0x79,0x82,0x6f,0x74,0x02,0xff,0x9d,0x29,0x16,0x40,0x9b,0xf4,0xcc,0xea,0x53,0x65,0x83,0x33,0xe1,0x25,0x44,0x54,0xf6,0x0a,0x48,0xc1,0x62,0xa8,0x20,0x8d,
    0x04,0x20,0x16,0x07,0x60,0xa0,0xde,0x47,0x61,0x2b,0x74,0x49,0xb0,0x9d,0xfa,0x86,0x7e,0x79,0x6e,0xf0,0x3d,0x22,0x48,0x88,0xf1,0x87,0x5b,0x1f,0xfa,0x10,0x3b,0x4f,0xea,0x37,0x20,0x8d,
    0x04,0x20,0x16,0x4b,0x4f,0xed,0xd8,0x23,0x30,0x6b,0xb5,0xce,0xa3,0x14,0x4d,0x59,0x60,0x4a,0x7b,0xa5,0xbc,0xf5,0x7a,0x6d,0x16,0xd7,0xd8,0x96,0xfd,0xb5,0xd5,0x13,0x08,0x3f,0x20,0x8d,
    0x04,0x20,0x18,0x47,0x8e,0x33,0x99,0xdd,0x59,0xac,0x11,0xc3,0xbd,0xab,0xcb,0x1a,0x2d,0x02,0xa9,0x4b,0x72,0x4e,0x65,0x90,0xe1,0xa5,0x69,0x62,0x72,0xb3,0x97,0x2b,0x6e,0x0b,0x20,0x8d,
    0x04,0x20,0x19,0xbe,0xb5,0xd7,0x8a,0x80,0xf2,0x07,0x55,0x97,0xa6,0x13,0xee,0x7d,0xd3,0x67,0x09,0xe7,0x54,0x30,0xf7,0x52,0x95,0xde,0x99,0x2e,0x07,0x96,0x44,0xaa,0xae,0xeb,0x20,0x8d,
    0x04,0x20,0x1a,0x95,0x50,0x8d,0x02,0xa0,0x2c,0x3a,0xc6,0xe9,0x72,0x55,0x38,0xb1,0xff,0xa7,0x3b,0xdf,0xe4,0xa0,0x1e,0x89,0x51,0xe8,0x79,0x27,0xac,0x92,0x2a,0xf5,0xfc,0xdf,0x20,0x8d,
    0x04,0x20,0x1a,0xf6,0x1b,0x0b,0xd5,0xeb,0x44,0x16,0xa1,0x9d,0xea,0x50,0x9d,0xf8,0xcb,0x66,0x8e,0x41,0x5f,0x35,0x82,0x93,0xe8,0x4e,0x2d,0xeb,0x5a,0x39,0xef,0x0a,0xcb,0x20,0x20,0x8d,
    0x04,0x20,0x1a,0xd1,0xd8,0xcb,0x54,0x04,0xc7,0xb0,0xbb,0x1e,0xce,0x36,0xe2,0xf1,0x24,0xa6,0x96,0xec,0x5a,0x21,0x54,0x99,0x56,0xcc,0xe2,0xdf,0xcd,0xb5,0xcc,0xb8,0x8c,0x38,0x20,0x8d,
    0x04,0x20,0x1b,0x2b,0x84,0x3a,0x18,0xd6,0x79,0x03,0xdc,0x35,0xf8,0x16,0x78,0xc2,0x05,0x3c,0xa8,0xd0,0xe3,0x41,0x59,0xc5,0x43,0x73,0x94,0x06,0xaf,0x60,0xdb,0x6e,0x65,0x4a,0x20,0x8d,
    0x04,0x20,0x1b,0x73,0x6d,0x65,0x9f,0xb2,0xc5,0x73,0xbc,0x10,0x2d,0x48,0x5a,0x7a,0xd8,0xe3,0x42,0xf0,0x3f,0x1c,0x3e,0x69,0xd0,0x5a,0xd7,0x22,0x7e,0x51,0x55,0x5b,0xbf,0x8c,0x20,0x8d,
    0x04,0x20,0x1b,0xa2,0x11,0x15,0x8a,0x75,0xb6,0xfb,0x3a,0xa8,0x39,0x30,0xd0,0x8d,0x16,0x8f,0xb8,0x80,0xe7,0x5b,0x30,0x2b,0xdb,0x2f,0xa0,0x2c,0xca,0x6a,0x5d,0xb0,0xd5,0x74,0x20,0x8d,
    0x04,0x20,0x1b,0xee,0xb2,0x55,0x67,0x1d,0x24,0x87,0x1d,0x4f,0x9e,0x9b,0x9c,0xb1,0x7e,0xff,0x2c,0x45,0x74,0x89,0x3f,0x49,0xe2,0x06,0xb4,0x7f,0x97,0xf1,0xaa,0xb6,0x14,0x38,0x20,0x8d,
    0x04,0x20,0x1c,0x4a,0x3a,0xd7,0xfc,0x4e,0x3e,0x55,0x64,0xbb,0x39,0xda,0x11,0x86,0x91,0x48,0x5f,0x3f,0xc4,0x0e,0x9e,0x1b,0x21,0x68,0x20,0x20,0x52,0xd1,0x6d,0x0b,0xdb,0x25,0x20,0x8d,
    0x04,0x20,0x1c,0x8e,0xfb,0x07,0x67,0x12,0xcc,0x4a,0x0c,0x8b,0xbe,0x8b,0xb9,0xdd,0x81,0x45,0x7a,0xfc,0x91,0xe4,0xad,0x14,0xfa,0x00,0x1c,0x41,0xc3,0x2f,0x20,0x24,0xfc,0x79,0x20,0x8d,
    0x04,0x20,0x1d,0x0a,0xe0,0x0b,0xf9,0x10,0x82,0xd9,0xd3,0x69,0xfd,0x34,0x74,0x16,0x7c,0xec,0xca,0x7c,0x84,0xd9,0x6a,0x57,0xa6,0x86,0x73,0x8a,0x5f,0x3b,0x58,0x8e,0x62,0xe5,0x20,0x8d,
    0x04,0x20,0x1d,0x0c,0x27,0xbf,0x7d,0x49,0x5d,0x06,0x1b,0xb5,0x48,0x9f,0x59,0x28,0x89,0x2b,0x40,0xe6,0x64,0x7c,0x4b,0x46,0x6d,0x51,0x43,0xc3,0xfd,0x31,0x47,0x3f,0x32,0xdf,0x20,0x8d,
    0x04,0x20,0x1d,0x2f,0xc7,0x54,0x09,0x89,0xaf,0x03,0x90,0x6a,0xf9,0x82,0x19,0xb4,0xdf,0x05,0xee,0xca,0x20,0xc9,0x24,0x7e,0xca,0x09,0xd5,0xf2,0x1f,0xb3,0x85,0x8f,0x2a,0xb8,0x20,0x8d,
    0x04,0x20,0x1d,0xb5,0xb4,0xe1,0x45,0xa7,0x41,0xe4,0xc4,0xbf,0x82,0xd1,0xb8,0xbe,0x17,0x85,0x7d,0x02,0x97,0xdc,0xec,0x68,0x5f,0x76,0x1a,0xb1,0xc3,0xf7,0xae,0x22,0x48,0x54,0x20,0x8d,
    0x04,0x20,0x1d,0x9d,0x67,0xa8,0xf7,0x08,0x7d,0x11,0x06,0xaf,0x3d,0x1e,0xd0,0x62,0x28,0xb6,0x6b,0xa6,0x10,0xce,0xa4,0x09,0x10,0x48,0xa7,0xe4,0x4d,0xf7,0xa3,0x2c,0x27,0x95,0x20,0x8d,
    0x04,0x20,0x27,0x5b,0x65,0xc0,0x29,0xd6,0xb2,0xd5,0x6b,0x55,0x46,0xfa,0x36,0xe4,0x7b,0xb1,0x2d,0x57,0xea,0x8e,0x19,0xb4,0x50,0xfb,0xa8,0xf3,0xab,0x7b,0x20,0xa0,0x95,0x41,0x20,0x8d,
    0x04,0x20,0x27,0x85,0x4c,0x8b,0x80,0x16,0xab,0x53,0xa3,0x22,0xa9,0xf9,0x89,0x6c,0x82,0xd2,0x82,0x78,0x0b,0x9e,0x29,0xc4,0xf5,0xdb,0xce,0x22,0xac,0x6d,0x6a,0x64,0x4e,0x68,0x20,0x8d,
    0x04,0x20,0x27,0x9d,0x98,0x4b,0x54,0x78,0xb1,0x12,0xe5,0xca,0x3a,0xae,0xc7,0x76,0xd2,0x20,0x93,0x28,0xd6,0x9e,0x25,0x66,0xa3,0xc9,0x28,0xb6,0x99,0xcc,0xa2,0x34,0xf3,0x0e,0x20,0x8d,
    0x04,0x20,0x20,0x16,0xf5,0xd7,0x72,0x15,0x50,0xb3,0xad,0xbc,0xbb,0x72,0x7f,0xff,0xa1,0x19,0x69,0x1a,0xab,0x3c,0x66,0xa9,0xcd,0x09,0x9b,0xb9,0xf7,0xc7,0x3a,0xfc,0x23,0x69,0x20,0x8d,
    0x04,0x20,0x20,0x5c,0x50,0x51,0x1c,0xa1,0xa6,0x0f,0x47,0xb2,0x06,0x44,0xfb,0x29,0xc9,0xcd,0x80,0xed,0x1d,0xa9,0x07,0x0a,0x59,0xad,0xc9,0x9f,0x70,0xce,0x1c,0x63,0x5b,0xad,0x20,0x8d,
    0x04,0x20,0x21,0x43,0x07,0xed,0x4e,0xfb,0xc0,0x8d,0x16,0x3c,0xc7,0xa7,0xcf,0x15,0xf6,0x14,0x5a,0x76,0xa8,0xb9,0xac,0xb8,0xef,0x66,0x06,0x05,0x63,0x4b,0xa8,0xc1,0x70,0x38,0x20,0x8d,
    0x04,0x20,0x21,0xc5,0xa1,0xd9,0x1b,0x97,0x03,0xee,0xfc,0xdf,0x48,0xa8,0x85,0x1b,0xa9,0x1c,0x33,0x1d,0x4f,0x5a,0x58,0xe0,0xc7,0x12,0xa7,0xb3,0x8a,0x1e,0xbd,0x46,0xbf,0x58,0x20,0x8d,
    0x04,0x20,0x22,0x05,0x29,0xdf,0xf6,0x63,0x36,0x29,0x79,0x8e,0xa7,0xaf,0x60,0xe9,0x77,0x9c,0x89,0xe2,0x05,0xf5,0x38,0x39,0x1f,0xba,0xf7,0xb6,0x66,0x81,0x0e,0xa0,0x3c,0xc0,0x20,0x8d,
    0x04,0x20,0x22,0xc0,0x25,0x8e,0x13,0x6c,0x3f,0x5c,0x1f,0x30,0x6b,0xb2,0x59,0xf0,0xae,0x3f,0x0e,0x82,0x57,0xd0,0x28,0x85,0xb1,0x68,0x79,0xfd,0x78,0x45,0x44,0xc4,0xcb,0x88,0x20,0x8d,
    0x04,0x20,0x23,0xdb,0x75,0xf3,0x60,0x68,0x87,0x87,0xb7,0xa6,0x2c,0x2c,0xa6,0x6c,0x69,0x23,0xf3,0xcf,0x0b,0x2a,0x08,0xa0,0x03,0xbb,0x59,0x11,0x49,0xc1,0xa5,0xa7,0xdb,0x30,0x20,0x8d,
    0x04,0x20,0x24,0x3b,0x63,0xd6,0xfe,0x31,0xc0,0xa7,0xde,0x00,0x66,0x9c,0xd2,0x8e,0x42,0xd6,0x27,0x7b,0xff,0xce,0x7e,0x07,0xa5,0x3e,0x77,0xc8,0x95,0xfd,0xb7,0x7b,0xa9,0x8e,0x20,0x8d,
    0x04,0x20,0x24,0x49,0x68,0x20,0xf1,0x95,0x82,0x3a,0xb6,0xd2,0x7b,0x2d,0xaa,0xc2,0x06,0x32,0x08,0xb7,0x42,0x0a,0x6d,0x44,0x55,0xde,0x9c,0x6a,0x9c,0x69,0x86,0x69,0xf5,0x0f,0x20,0x8d,
    0x04,0x20,0x24,0xbd,0x1b,0xad,0xb9,0xa0,0xe1,0xd6,0xb0,0x2a,0x12,0xcc,0xdf,0xcf,0x4f,0x39,0x52,0x03,0xcf,0xce,0x20,0x70,0xf9,0x78,0x34,0x46,0xcf,0x52,0xb2,0x79,0x61,0x26,0x20,0x8d,
    0x04,0x20,0x24,0xee,0x0d,0x75,0x61,0x6b,0x38,0xe8,0xed,0x1f,0xf8,0xfd,0x19,0x42,0xa4,0xf3,0x50,0xcc,0x92,0xbc,0xae,0xf5,0x60,0xa7,0x12,0x08,0x01,0x16,0x35,0x2d,0x80,0x72,0x20,0x8d,
    0x04,0x20,0x25,0x7a,0xf8,0xbf,0x6b,0xca,0x8f,0xcb,0x9e,0xca,0x93,0xa8,0x58,0x37,0x46,0xdb,0xa5,0x48,0x8e,0x90,0x48,0x7c,0x50,0xea,0xfe,0x37,0xca,0xdf,0xc4,0x5b,0xe7,0x75,0x20,0x8d,
    0x04,0x20,0x25,0xac,0xc4,0x7e,0xce,0xa6,0xc3,0x55,0x44,0x6d,0x7c,0xb0,0xd5,0x1a,0xfa,0x70,0x56,0x1a,0xdf,0x42,0x16,0x04,0x6b,0xac,0xff,0xb9,0x0b,0x06,0x8e,0xe5,0x07,0xa7,0x20,0x8d,
    0x04,0x20,0x2e,0xe3,0xec,0x6c,0x56,0xfb,0x03,0x2b,0xed,0xe4,0x20,0xaa,0x4d,0xf0,0xc0,0x27,0xbf,0x2e,0xf9,0xf2,0x1e,0x11,0x9d,0xa2,0xfa,0x4b,0xb1,0x81,0xfa,0xdd,0xf1,0x27,0x20,0x8d,
    0x04,0x20,0x2e,0xef,0x0e,0x55,0xab,0x76,0xb3,0x82,0x41,0xe9,0x6a,0x40,0x5f,0x7f,0x8d,0xce,0x6e,0x5b,0x2f,0x2f,0xd2,0x79,0x7a,0xe1,0x46,0x50,0xd5,0xb8,0xbd,0xc1,0xc3,0x11,0x20,0x8d,
    0x04,0x20,0x2f,0xb6,0x42,0x7d,0xc0,0x07,0x4d,0x7b,0x7c,0x9b,0xbe,0xd7,0x52,0xed,0x4c,0x7d,0xa2,0xba,0xb6,0xad,0x2a,0xe0,0x78,0x0c,0x73,0x53,0xb3,0x21,0xc6,0x57,0xa5,0xf8,0x20,0x8d,
    0x04,0x20,0x2f,0x96,0x89,0x6c,0x63,0x13,0xc3,0xf4,0x79,0x1a,0x13,0x0d,0x9e,0xc4,0x44,0x68,0xdd,0x70,0x1e,0x70,0x69,0x7c,0x26,0x36,0xed,0x4d,0x1a,0xf4,0x06,0xc9,0xc2,0x0d,0x20,0x8d,
    0x04,0x20,0x2f,0xfa,0xc2,0x0c,0x70,0x15,0xe0,0xf1,0x81,0x6e,0x3b,0x2e,0x05,0x34,0x2a,0x27,0x0c,0x3f,0x96,0xe0,0xb6,0x90,0x4c,0x85,0xa1,0x21,0xa2,0x38,0xcb,0xad,0x85,0xd3,0x20,0x8d,
    0x04,0x20,0x28,0x3a,0x6f,0x02,0x99,0x5e,0x2d,0x8b,0xe6,0xba,0x82,0x7d,0x7d,0xaa,0x3c,0xc2,0x80,0x89,0xcc,0x8c,0xaa,0xcf,0x96,0xea,0x24,0xae,0x02,0x3c,0x56,0xad,0xec,0xb8,0x20,0x8d,
    0x04,0x20,0x28,0x01,0x36,0x65,0x06,0x27,0x8b,0x89,0xff,0x7f,0x1d,0xc2,0x9b,0x7e,0x65,0x2c,0xdb,0x0e,0x18,0xab,0x16,0x85,0x76,0xe7,0xf3,0xa6,0x07,0x78,0x30,0x0d,0xd2,0x7f,0x20,0x8d,
    0x04,0x20,0x28,0x13,0xa3,0x1b,0xed,0xc5,0x74,0xc1,0x09,0x15,0x6c,0x79,0x9e,0xf3,0xd5,0x24,0x3e,0xb8,0xd7,0x28,0x52,0x8c,0x6a,0x8f,0x45,0xc0,0x32,0x6c,0x60,0x10,0x0f,0x35,0x20,0x8d,
    0x04,0x20,0x28,0x73,0x8a,0xcc,0x00,0x78,0x05,0xea,0x85,0x7c,0x87,0x04,0x0e,0xb7,0x86,0x5f,0xe7,0xc4,0x4c,0x0f,0xd4,0x03,0x61,0x14,0xd9,0xf5,0x5e,0xd9,0xd3,0x32,0x8e,0x13,0x20,0x8d,
    0x04,0x20,0x29,0xff,0x6a,0xeb,0x59,0xdd,0x4c,0x16,0x58,0xb9,0x2e,0x10,0x38,0x6e,0xbf,0x38,0x32,0x11,0xd3,0xef,0xec,0x08,0x6c,0x1d,0xdc,0xdd,0x57,0x55,0x0a,0x43,0x41,0x2e,0x20,0x8d,
    0x04,0x20,0x2a,0x74,0x5e,0x3d,0x51,0xa5,0x67,0xcf,0xed,0x37,0xf0,0xd1,0x68,0x82,0xcd,0xd2,0x0d,0xcd,0x3b,0xcb,0x25,0x29,0x6f,0x41,0x21,0x0d,0x2f,0xde,0x66,0x59,0x1d,0xb4,0x20,0x8d,
    0x04,0x20,0x2a,0xff,0xd1,0x22,0xf8,0xfb,0x8b,0x5d,0x52,0xc8,0x3c,0x46,0xc6,0x0c,0x87,0x56,0x37,0x96,0xf7,0x39,0xa1,0xf8,0xc0,0x54,0x05,0x67,0xc5,0x85,0xe1,0x1f,0xac,0xdc,0x20,0x8d,
    0x04,0x20,0x2c,0x0d,0x7c,0x80,0xba,0x42,0x5c,0x20,0xe5,0x6a,0x55,0x37,0x29,0xf4,0xa3,0xa9,0x1b,0x84,0x33,0xfd,0xd0,0x02,0xdd,0xcf,0x91,0x32,0xd7,0x1b,0x90,0xcc,0x7e,0xde,0x20,0x8d,
    0x04,0x20,0x2c,0x85,0x98,0xd7,0xe5,0x05,0xf4,0xbb,0xf8,0x35,0xac,0xa7,0xd7,0x87,0x1c,0xd7,0x3b,0xa3,0xf2,0xf9,0xb6,0x6d,0xa0,0x2b,0xd8,0xf1,0xfb,0xcf,0xbe,0xd2,0x8a,0x6a,0x20,0x8d,
    0x04,0x20,0x2c,0x8a,0x8c,0x66,0xbb,0x23,0xe0,0xc8,0x64,0xf6,0x9c,0x60,0x60,0xbc,0x14,0x49,0x02,0x99,0x67,0xc3,0x76,0x51,0x06,0x80,0x0d,0x25,0x3b,0xc1,0x88,0x2c,0x1f,0xd8,0x20,0x8d,
    0x04,0x20,0x2c,0xa8,0x2a,0x4f,0xfd,0xc6,0xd0,0x6a,0x68,0x56,0x00,0x13,0xbe,0xf5,0x78,0xcc,0x2c,0x0f,0xd3,0x22,0x7f,0x15,0x11,0x0f,0x8d,0x3a,0x0a,0x9a,0xf8,0x89,0x77,0x2e,0x20,0x8d,
    0x04,0x20,0x2c,0xf6,0x8c,0xe7,0x8b,0x63,0x4e,0x1e,0x8e,0x3d,0x9e,0xa4,0x3c,0x53,0xab,0x7f,0xf8,0x3c,0x4b,0xc4,0x00,0xb5,0x79,0xe5,0xe8,0xb4,0xc7,0x5d,0x8e,0xed,0x5a,0xc3,0x20,0x8d,
    0x04,0x20,0x2d,0x2a,0x2c,0x9c,0x9e,0xee,0x01,0x70,0x51,0x57,0x24,0xa8,0x15,0xa0,0x16,0xc3,0x29,0xab,0x10,0xb0,0xbf,0x5f,0x90,0xce,0x85,0xa4,0x92,0x8c,0xcf,0x2d,0x6b,0xec,0x20,0x8d,
    0x04,0x20,0x2e,0x7b,0xb2,0x2c,0xd3,0xd4,0xeb,0x3e,0x7c,0xd4,0x99,0x5a,0x15,0x6f,0x79,0x32,0x3a,0x66,0x01,0x12,0xf0,0xf8,0x7d,0x1c,0x30,0xd8,0x5f,0xae,0x73,0x55,0xf8,0x12,0x20,0x8d,
    0x04,0x20,0x2e,0x4a,0xf8,0x27,0x40,0xaf,0x5c,0x0e,0x06,0x7d,0x42,0x9e,0xb5,0x63,0xb1,0x46,0x8e,0xf6,0xd4,0xe6,0xfe,0x43,0x50,0x54,0x68,0x9d,0xe6,0xf7,0x37,0x33,0xe9,0xc3,0x20,0x8d,
    0x04,0x20,0x2e,0x52,0x0e,0xfc,0xd8,0x8b,0xc3,0xa9,0x7e,0x77,0xdd,0xf3,0x0a,0xb4,0x8e,0x55,0x20,0x09,0x3f,0x14,0xb0,0x3a,0x3f,0xda,0xaf,0x08,0xf1,0xda,0x51,0xc6,0x1e,0x98,0x20,0x8d,
    0x04,0x20,0x36,0xa2,0xbb,0xc7,0x12,0xa2,0xa7,0x15,0x9b,0xd1,0x12,0x39,0x2e,0xee,0xa5,0xa8,0xc7,0x8d,0x84,0x96,0x3f,0xa2,0x57,0x55,0xe6,0xa9,0x58,0x42,0xb9,0x81,0xd5,0x53,0x20,0x8d,
    0x04,0x20,0x36,0xe0,0xa9,0x7b,0x40,0x99,0x71,0x4e,0x67,0xc7,0x18,0x49,0x5f,0xee,0x68,0xe0,0x69,0xc3,0xe2,0xe0,0xdf,0x54,0xb0,0xa1,0x19,0x7c,0xdc,0x6b,0x7d,0xe6,0x4c,0xb1,0x20,0x8d,
    0x04,0x20,0x37,0x7b,0xe6,0x04,0x78,0x64,0xef,0x97,0x9a,0xa2,0xbb,0x58,0xd7,0x6d,0xcc,0x8a,0x70,0x6c,0x85,0x6f,0x5c,0x07,0x91,0xa7,0xeb,0x7c,0x56,0xad,0x8d,0x7a,0x49,0xf1,0x20,0x8d,
    0x04,0x20,0x37,0x6f,0x80,0x8f,0xf4,0x14,0xfd,0x60,0x10,0x97,0x8b,0xcd,0x0b,0xb8,0x39,0xda,0xcd,0x67,0x61,0x77,0x1d,0x90,0xe1,0x21,0x72,0x9f,0x06,0x18,0x70,0xc7,0x59,0x46,0x20,0x8d,
    0x04,0x20,0x31,0x7c,0xae,0x7e,0xda,0xe4,0x14,0xdf,0x08,0x0d,0x1a,0xdc,0x19,0xac,0x20,0xd0,0x99,0x57,0x17,0xf1,0x7e,0x1e,0x6c,0x41,0xe5,0x45,0x37,0x11,0x4e,0x18,0xdd,0x56,0x20,0x8d,
    0x04,0x20,0x31,0x9d,0x33,0xa1,0x8f,0xf4,0xa8,0x8c,0x6d,0x83,0x72,0xaa,0x30,0x8e,0x5e,0x9e,0x1d,0x55,0x69,0xea,0x1b,0x5f,0xd1,0x3f,0x6a,0x6b,0x19,0xa1,0x3e,0x4c,0xa3,0x03,0x20,0x8d,
    0x04,0x20,0x31,0xfa,0xd7,0x3f,0xff,0x98,0xe9,0xfd,0x49,0x8f,0x24,0xac,0xe0,0x60,0x04,0x94,0x7e,0x63,0x84,0x92,0x29,0xb6,0x96,0xde,0xad,0x21,0xbf,0xe3,0x5a,0x57,0x67,0xcf,0x20,0x8d,
    0x04,0x20,0x32,0x1d,0x68,0x0d,0xce,0xd6,0x4c,0xfd,0x99,0x11,0xcc,0x6c,0xab,0xfa,0xab,0xe0,0xb1,0x95,0x62,0xc9,0xa7,0x96,0xb1,0x16,0xf9,0xce,0x27,0xe3,0x98,0x33,0x01,0xb8,0x20,0x8d,
    0x04,0x20,0x32,0x6b,0x15,0x48,0x20,0xf6,0x0b,0x2b,0xe1,0xa7,0xb4,0x91,0x44,0xe9,0x60,0xa8,0x9c,0x1e,0x8c,0x60,0x03,0x50,0xb0,0x25,0x3b,0x01,0xcd,0x3a,0x9b,0x7f,0x16,0x41,0x20,0x8d,
    0x04,0x20,0x33,0x3c,0x29,0xa3,0xd1,0x8e,0x43,0x0e,0x0c,0xa7,0xbc,0xfa,0xdf,0x28,0x1e,0x12,0xfa,0xaf,0x7e,0xc8,0x37,0x02,0x01,0xae,0xc3,0x96,0xd9,0xf5,0x95,0x5a,0xda,0x1c,0x20,0x8d,
    0x04,0x20,0x33,0x60,0x48,0xcc,0xc2,0x38,0x6d,0x77,0x03,0xd3,0xe8,0xd6,0x25,0xac,0x23,0x3e,0x0b,0x12,0xb1,0x77,0x06,0x50,0xb8,0xed,0xcd,0x66,0x2f,0xdb,0x2f,0xa5,0x03,0xab,0x20,0x8d,
    0x04,0x20,0x35,0xe4,0x97,0x57,0x4e,0xe9,0x14,0xe3,0xd6,0xf3,0xbb,0x42,0xef,0xd8,0x82,0xc1,0x83,0x7f,0xe8,0x66,0x0e,0xf2,0x1d,0xad,0xed,0xc9,0xf9,0xb4,0xe2,0x83,0xe3,0xee,0x20,0x8d,
    0x04,0x20,0x36,0x0c,0x69,0xbd,0xb7,0x5c,0xcc,0x8f,0xdc,0xb6,0x5d,0x1d,0xc2,0x64,0x8f,0xb7,0xae,0x00,0x85,0x3a,0x00,0xae,0xda,0x1d,0xcf,0x57,0xef,0xb1,0x6f,0xba,0xcc,0x22,0x20,0x8d,
    0x04,0x20,0x3f,0x16,0x50,0x94,0x79,0xde,0xcf,0x97,0xea,0x42,0x80,0x27,0x42,0x6a,0x06,0xdb,0xec,0xa1,0xfd,0xf9,0x8c,0x4b,0xf5,0xb3,0x7f,0xda,0x5e,0x2e,0xd9,0x42,0x43,0x63,0x20,0x8d,
    0x04,0x20,0x3f,0x65,0xe7,0xb7,0x6a,0x19,0x9d,0xd2,0x2e,0x68,0xa3,0x9d,0xcb,0x0c,0x03,0x2f,0xa6,0x8c,0x23,0x29,0x19,0x08,0x2f,0x45,0x89,0xf6,0x44,0x77,0xca,0x15,0xc9,0xa0,0x20,0x8d,
    0x04,0x20,0x3f,0x90,0xad,0x1c,0xd0,0x89,0x5c,0xc7,0x08,0xe4,0x30,0x6d,0x13,0x93,0x61,0x78,0xb6,0xc2,0x6c,0x3d,0xe0,0xe8,0x1e,0xa2,0x69,0xb1,0x46,0x21,0x72,0xe2,0x2f,0x80,0x20,0x8d,
    0x04,0x20,0x3f,0xf0,0x5c,0x8b,0x9c,0xe8,0xca,0x12,0xc5,0x90,0xba,0x34,0x72,0x07,0x24,0xae,0x67,0xb7,0x5d,0x40,0x09,0x3c,0x13,0xf2,0xcb,0x07,0xa1,0xc1,0x78,0x19,0x75,0x5a,0x20,0x8d,
    0x04,0x20,0x38,0xe6,0xee,0x67,0xf0,0xf9,0xe3,0xe2,0x8e,0xa3,0x0e,0x7e,0xa6,0x43,0x78,0xe9,0x8c,0x4f,0x22,0x31,0x72,0xc4,0x93,0xa5,0xb8,0x2c,0x12,0x75,0x0b,0xed,0xe6,0x5e,0x20,0x8d,
    0x04,0x20,0x39,0x36,0x0b,0x58,0xd2,0x6f,0x6c,0x5a,0x75,0x23,0xf3,0x81,0xf6,0xc3,0xda,0xbc,0xca,0xb7,0x7f,0x42,0xfd,0x48,0x2f,0x70,0x30,0x70,0x7e,0x68,0x52,0x68,0x26,0xf1,0x20,0x8d,
    0x04,0x20,0x39,0x64,0x08,0xe9,0x6b,0x0b,0x43,0xd0,0x24,0x4a,0x2d,0x89,0xe4,0xf5,0x2e,0x09,0xcf,0x19,0x52,0x61,0x57,0x76,0xcd,0x3d,0xb2,0x8d,0x22,0x85,0x05,0xa7,0xa6,0x05,0x20,0x8d,
    0x04,0x20,0x39,0xc4,0xb3,0x2b,0x7f,0x65,0x1c,0x87,0xba,0x77,0x1a,0xea,0x46,0x18,0xdd,0x5d,0xe6,0x4d,0x54,0x3e,0xab,0xf4,0xab,0x9c,0xb9,0x13,0xed,0x63,0x9f,0xd7,0x35,0x3a,0x20,0x8d,
    0x04,0x20,0x3a,0x36,0xb9,0xd8,0xe4,0x58,0x4e,0x47,0x5d,0x05,0x87,0xd0,0x03,0xad,0x58,0xc6,0x8a,0x55,0x19,0x4c,0x07,0xa0,0xa8,0xd5,0x62,0x3f,0x91,0xf2,0x02,0x46,0x1e,0x19,0x20,0x8d,
    0x04,0x20,0x3a,0xcd,0x1e,0x6a,0x10,0x9a,0x6a,0x65,0x48,0xe1,0x64,0xb4,0xde,0x16,0x87,0xbe,0xe8,0xf4,0x3a,0xb3,0x13,0x67,0x43,0x62,0xa0,0xea,0x66,0x5a,0x40,0x8d,0x11,0xd7,0x20,0x8d,
    0x04,0x20,0x3a,0xdf,0x3c,0xa4,0x06,0x4c,0x58,0xe4,0x65,0x8a,0x68,0x5b,0x1f,0x23,0x88,0xe0,0xc4,0x1c,0x25,0x84,0xde,0xf5,0x8e,0x84,0xf5,0x63,0x79,0x6f,0xa9,0x95,0xec,0x03,0x20,0x8d,
    0x04,0x20,0x3b,0x66,0x78,0x1c,0xb9,0x67,0x2e,0x43,0x55,0x9a,0x69,0x61,0x06,0x1c,0x68,0x28,0x30,0x45,0xb3,0xa7,0x47,0x6b,0xae,0x63,0xf0,0x16,0x5a,0x00,0x32,0xb7,0x02,0x35,0x20,0x8d,
    0x04,0x20,0x3c,0x40,0xed,0xa3,0x93,0x38,0xea,0x3a,0x55,0xde,0xa2,0x4e,0x4f,0x9e,0x16,0xa5,0xe6,0x11,0xd6,0x55,0x38,0xbc,0xab,0x81,0x97,0x39,0x42,0x89,0xf3,0xda,0x8e,0x45,0x20,0x8d,
    0x04,0x20,0x3c,0xa9,0x5e,0x72,0x6a,0x3f,0xfb,0x6f,0x2d,0x29,0x1d,0x94,0xc1,0xc8,0x73,0xd4,0xe2,0x21,0x54,0x91,0xbe,0xe7,0x64,0x89,0x4f,0xac,0xc1,0xbc,0x0a,0xbc,0x4b,0x2c,0x20,0x8d,
    0x04,0x20,0x3d,0x32,0x80,0x6a,0x20,0x21,0xd9,0x83,0x74,0x3e,0xa5,0x2f,0x67,0xb9,0xd1,0x22,0xfe,0x3f,0x5a,0xfb,0xf9,0xd6,0xc6,0x38,0xe6,0xf2,0xf1,0x7b,0x99,0x73,0x2c,0x28,0x20,0x8d,
    0x04,0x20,0x3d,0xb0,0x84,0xa4,0xf5,0x16,0x59,0x7f,0x51,0x50,0xea,0x5a,0xfa,0x39,0x32,0xbb,0xfa,0xf2,0x62,0xcc,0x59,0xb5,0x2e,0x26,0x8e,0x7d,0xf3,0x7a,0x2f,0xff,0x33,0x5b,0x20,0x8d,
    0x04,0x20,0x3d,0xc9,0x4b,0x6d,0x6d,0x21,0x52,0x84,0x07,0x34,0xe7,0xd6,0xeb,0xc3,0xd4,0x82,0xa4,0x31,0x69,0xda,0x49,0x1f,0xc0,0xa4,0xbb,0xba,0x3e,0x57,0xa1,0x75,0xe7,0x37,0x20,0x8d,
    0x04,0x20,0x3d,0xef,0xe1,0x7e,0x35,0xa4,0x15,0x88,0x18,0xc5,0xe1,0x88,0x10,0xa0,0xb2,0xd0,0x40,0xb7,0x48,0x63,0x5a,0x26,0x58,0x76,0x74,0x59,0x55,0xe0,0x65,0xd0,0x16,0x0b,0x20,0x8d,
    0x04,0x20,0x3e,0x0d,0xa4,0xe1,0xff,0x68,0x50,0xb1,0x3b,0xf1,0x6d,0x42,0xe0,0x39,0xa6,0xa7,0x0f,0x89,0x59,0x82,0x17,0x55,0x96,0x27,0x90,0x65,0xf8,0xb1,0x04,0x83,0xce,0x8b,0x20,0x8d,
    0x04,0x20,0x47,0x6f,0xc5,0x15,0x6e,0x5f,0xbf,0xdf,0x74,0xb7,0xa0,0x4e,0x50,0x8f,0x5c,0x4c,0xd9,0x12,0xf4,0x8c,0xd6,0x2f,0x1b,0xe0,0x6b,0xa7,0x0d,0x9f,0x15,0x3a,0xfa,0xd6,0x20,0x8d,
    0x04,0x20,0x47,0xba,0x91,0xb6,0xae,0x70,0x39,0x81,0x0b,0xfc,0x77,0x53,0xaa,0x25,0x63,0x46,0x2f,0x26,0xfc,0x57,0x4e,0x5c,0xa7,0xba,0x84,0xa1,0xaa,0x3b,0xd6,0xc2,0xe3,0x11,0x20,0x8d,
    0x04,0x20,0x47,0xa2,0x62,0xea,0x70,0x14,0xd7,0xe4,0x00,0x00,0x03,0x81,0xe1,0xa5,0xe4,0xa2,0xac,0x0d,0x36,0xbb,0x78,0x58,0xf2,0x4e,0x36,0x0e,0x88,0x75,0x9e,0x0d,0x0c,0x83,0x20,0x8d,
    0x04,0x20,0x40,0x09,0x75,0xa9,0xa7,0x37,0xc2,0xc7,0x85,0xc6,0xe0,0xde,0xf7,0x87,0x07,0x45,0x92,0x47,0xc1,0x38,0x91,0x6b,0xc3,0x4f,0x2a,0xf6,0x1d,0x6e,0x6a,0xee,0xc5,0x78,0x20,0x8d,
    0x04,0x20,0x40,0x7f,0xca,0x53,0x89,0x11,0x52,0xe6,0x08,0x53,0x80,0x4d,0x14,0xfd,0x4d,0x98,0xc3,0x05,0x98,0x9e,0xca,0xfe,0x35,0x2b,0xc0,0x50,0xbc,0xc1,0x6c,0x81,0x12,0xdb,0x20,0x8d,
    0x04,0x20,0x42,0x0f,0xfb,0x84,0xf2,0x50,0xad,0x5b,0x59,0xf2,0x8c,0x75,0x88,0x67,0x43,0xa3,0x5a,0x5b,0xa6,0x22,0x62,0xa7,0x97,0xc6,0x08,0x71,0x89,0x97,0x06,0x5d,0x33,0x1e,0x20,0x8d,
    0x04,0x20,0x43,0x56,0x13,0xfe,0x2c,0xc5,0xd3,0xa4,0x12,0x66,0x42,0x0d,0x2f,0xc0,0x23,0x86,0x30,0xcc,0xe8,0x54,0x66,0x9e,0x5d,0xe7,0x22,0xc1,0x3f,0x86,0xc6,0x0c,0x60,0x04,0x20,0x8d,
    0x04,0x20,0x43,0x60,0x4b,0xfe,0x06,0xf7,0x7d,0xab,0x59,0x07,0x79,0xf5,0xdd,0x74,0x03,0x12,0x49,0x4a,0x10,0x84,0x8e,0x8d,0x92,0xb4,0x1a,0x76,0x5e,0x81,0xab,0x7b,0xea,0x3f,0x20,0x8d,
    0x04,0x20,0x43,0x8e,0x41,0x9b,0x96,0x90,0x0c,0xec,0x6d,0x05,0x45,0x84,0x50,0xf4,0x07,0x36,0x5f,0x02,0xfb,0xb8,0x1c,0x69,0xcc,0xf1,0x4a,0x94,0xc6,0x0f,0x18,0xce,0x51,0x1a,0x20,0x8d,
    0x04,0x20,0x45,0x3a,0x2f,0x4c,0x24,0x51,0xb6,0xe9,0xc9,0x5c,0x72,0x24,0x93,0xeb,0xc0,0xf9,0x9d,0x8b,0x41,0xc4,0x7c,0x77,0xaa,0xf3,0x45,0x22,0xf7,0x47,0x3b,0x1f,0x05,0x91,0x20,0x8d,
    0x04,0x20,0x45,0xd3,0x09,0xe9,0xd4,0xb9,0x0c,0xd9,0xfd,0x20,0x07,0x2c,0x02,0xdb,0x11,0x77,0x31,0x59,0x62,0x64,0xed,0x4a,0x80,0x5a,0x29,0x2e,0x06,0x72,0xfe,0x1e,0x21,0xb3,0x20,0x8d,
    0x04,0x20,0x4e,0xa6,0xb6,0x56,0x66,0xbb,0x27,0x83,0x30,0xde,0xc3,0x40,0x22,0xd9,0xe0,0x95,0xf4,0xc0,0xff,0x3e,0x50,0x88,0xd2,0x86,0xc9,0xdb,0x44,0xfc,0xcb,0x47,0x7c,0x9d,0x20,0x8d,
    0x04,0x20,0x4e,0xfe,0x51,0x4f,0xcd,0x24,0x0b,0x6b,0x59,0x1e,0xd1,0x17,0x4b,0xf1,0x40,0x15,0x3f,0xdd,0x92,0xeb,0x72,0x52,0x7a,0x41,0xc9,0xef,0x4d,0x62,0x9f,0xe7,0x2c,0xa2,0x20,0x8d,
    0x04,0x20,0x4e,0xed,0x4a,0x49,0x10,0xd2,0xc9,0x38,0xdb,0xd2,0x1b,0x29,0x2a,0xc4,0x4d,0x16,0x1f,0xfc,0x9f,0x7e,0x35,0x3a,0x5f,0x2c,0xb4,0xe6,0xa3,0x8b,0x4a,0x8f,0xe2,0xd6,0x20,0x8d,
    0x04,0x20,0x4f,0x0e,0x2f,0x0c,0x27,0xbf,0x49,0x6e,0xe0,0x1b,0xf0,0x8c,0x7c,0xcc,0x4d,0x6b,0x40,0xe1,0xcb,0x5c,0x49,0xf9,0x59,0xd8,0xf7,0x35,0x1f,0xd9,0x6f,0x7b,0x30,0x50,0x20,0x8d,
    0x04,0x20,0x4f,0x4f,0x69,0x66,0xc5,0xf7,0x8a,0x13,0xa6,0x89,0x82,0x62,0x75,0x03,0x24,0x32,0x8b,0xd2,0xc8,0x54,0xab,0xdb,0x05,0xb6,0x31,0x49,0x00,0x85,0x34,0xe8,0xd7,0xbe,0x20,0x8d,
    0x04,0x20,0x4f,0xac,0x32,0x9a,0xbd,0x8f,0x8d,0xba,0xda,0x9a,0x8b,0x8c,0x0e,0x97,0x09,0xaf,0xba,0xda,0xab,0x00,0x36,0x84,0x04,0x03,0x69,0x78,0xea,0xd0,0xdd,0xe7,0x0b,0xb4,0x20,0x8d,
    0x04,0x20,0x48,0x3f,0xf6,0x5d,0x3e,0x75,0x9d,0x24,0xd0,0x7b,0x0a,0xe0,0x15,0xee,0xa6,0xca,0x10,0x22,0x52,0x1a,0x87,0x69,0x51,0x90,0xdd,0x47,0xee,0xe0,0xbd,0xed,0xbe,0x3d,0x20,0x8d,
    0x04,0x20,0x48,0x03,0x5d,0xe9,0xf8,0x22,0x03,0x28,0xcd,0xdd,0x16,0x88,0xe9,0xb4,0xdd,0x7e,0x75,0x73,0x2a,0xbc,0xc3,0xd1,0x8d,0xbc,0xe5,0x43,0xcd,0x33,0x38,0x0b,0x48,0xc5,0x20,0x8d,
    0x04,0x20,0x48,0x87,0x5c,0x3e,0xc7,0xbb,0x09,0x80,0x03,0xcd,0x89,0x84,0x80,0x08,0x9d,0x97,0x38,0xac,0x2c,0xfe,0xe1,0x50,0x69,0x93,0xe8,0xd7,0x1b,0x71,0x10,0x39,0x90,0x77,0x20,0x8d,
    0x04,0x20,0x48,0x8c,0x27,0x1d,0xb1,0x0c,0xa9,0x87,0xaf,0x9e,0x7e,0xae,0xdd,0xc0,0x4e,0xb8,0x05,0x0d,0x9a,0x15,0xe4,0xdf,0x64,0x0f,0x32,0x1b,0x84,0x2c,0x35,0xf7,0x18,0xa8,0x20,0x8d,
    0x04,0x20,0x48,0x96,0x83,0xaf,0x49,0x86,0xfb,0xbb,0xff,0xfb,0xfe,0xea,0x11,0xc1,0xaa,0x45,0xc2,0x3c,0x5e,0x11,0xe9,0xa3,0xc4,0x45,0x52,0x42,0xc8,0x59,0x56,0xf5,0xff,0x50,0x20,0x8d,
    0x04,0x20,0x49,0xbd,0x27,0x2b,0x06,0xb8,0xd5,0x5b,0x5f,0xb7,0x85,0xbd,0xab,0x60,0x66,0xbe,0xeb,0x07,0x36,0x53,0xce,0x1f,0x49,0x0b,0x00,0xca,0x60,0x3f,0x5f,0xa7,0x59,0xe0,0x20,0x8d,
    0x04,0x20,0x49,0xc2,0x27,0xee,0x81,0x16,0xe4,0x66,0x6b,0xba,0x7d,0x49,0x5b,0x4b,0x80,0x6c,0xd5,0x92,0xbb,0xaf,0xdb,0xc8,0xaa,0x12,0x5d,0xba,0x40,0xd6,0x9c,0x9c,0x6f,0xd3,0x20,0x8d,
    0x04,0x20,0x4a,0x01,0x34,0x86,0xb3,0x56,0x8b,0x06,0xfd,0xf0,0x55,0xe4,0x9a,0xac,0x3c,0x1a,0x31,0xec,0xad,0x9d,0x77,0xec,0x03,0xfd,0x13,0x55,0x5d,0x4a,0xf0,0x01,0x90,0x58,0x20,0x8d,
    0x04,0x20,0x4a,0x2b,0x7c,0xb8,0xf9,0x86,0xf8,0x0c,0xaa,0x35,0xb5,0xc3,0xea,0x9b,0x45,0xbe,0x92,0xd9,0x45,0x5a,0xa5,0x1b,0xcd,0xd1,0x6f,0xaf,0xd8,0x61,0x0f,0x30,0x57,0x3b,0x20,0x8d,
    0x04,0x20,0x4a,0x68,0x5f,0xff,0xee,0x5c,0x8b,0x91,0xf2,0x34,0x51,0x7e,0x0d,0x33,0xcb,0xc1,0x58,0xc9,0xbd,0xd5,0xf2,0x66,0x2e,0x36,0xa9,0x03,0x25,0x28,0x5b,0x01,0x36,0x47,0x20,0x8d,
    0x04,0x20,0x4a,0x96,0x46,0x34,0xde,0x8f,0xd0,0xda,0x25,0x62,0xdd,0xa8,0x59,0xa3,0x63,0x42,0xff,0xe9,0xf1,0x84,0x75,0xad,0xab,0x80,0x5c,0x92,0xb1,0x32,0x6a,0x14,0xcc,0xd3,0x20,0x8d,
    0x04,0x20,0x4b,0xc2,0xba,0xb6,0x4e,0x8b,0x3b,0x07,0x1c,0xa9,0x80,0x08,0x48,0x9b,0xf2,0x2f,0x41,0xbe,0x4f,0x8d,0xb1,0x23,0x69,0x5b,0x2a,0x86,0xc5,0xff,0xf9,0x5c,0xb8,0xc2,0x20,0x8d,
    0x04,0x20,0x4c,0x21,0x0a,0xd2,0x68,0xa7,0x8a,0x24,0x25,0xe8,0x33,0x19,0x19,0x50,0x9a,0x07,0x9c,0x82,0xf6,0xec,0x8f,0xdf,0x2b,0x0d,0x86,0xed,0x0e,0x94,0x16,0xb4,0x38,0xa6,0x20,0x8d,
    0x04,0x20,0x4d,0xbe,0x50,0xca,0x47,0x47,0xa2,0xe3,0x62,0x37,0xf4,0x50,0x16,0xe4,0x04,0xde,0xda,0x96,0xcc,0x6c,0xa8,0x82,0x11,0xa6,0x69,0x3f,0xed,0xc9,0xad,0x1b,0xc6,0xd8,0x20,0x8d,
    0x04,0x20,0x4e,0x43,0x05,0x12,0x0e,0xf7,0x58,0x8c,0xab,0x30,0x3c,0xde,0x20,0xc0,0x8b,0x55,0x63,0xd3,0x32,0x50,0x2d,0xb9,0x71,0x24,0x88,0x2b,0x7d,0x8e,0x8c,0x9e,0x17,0xba,0x20,0x8d,
    0x04,0x20,0x56,0x8a,0x21,0x0d,0x6a,0x8a,0x1a,0x37,0x86,0x18,0xfd,0x72,0x7b,0xa2,0xc0,0x3b,0x23,0xdb,0xf5,0xe1,0x86,0x2f,0xe0,0x53,0x5a,0x8e,0xcf,0xe7,0x17,0x8a,0xe9,0x84,0x20,0x8d,
    0x04,0x20,0x56,0xd2,0xc8,0x93,0x31,0x39,0xb3,0xb3,0x24,0xb6,0x62,0x0a,0x16,0xb3,0xef,0x9d,0x6a,0x30,0x6f,0xae,0x8e,0xd9,0x31,0x32,0x4e,0xf4,0xeb,0xc9,0x4f,0xde,0x38,0xd4,0x20,0x8d,
    0x04,0x20,0x57,0x2a,0x01,0xc4,0x23,0xb1,0x8f,0xd3,0x06,0xf0,0xa4,0x54,0x53,0xa3,0xa0,0x0f,0xf5,0x79,0x9d,0x59,0x54,0x73,0xae,0x5c,0xc1,0x7a,0xb9,0x39,0x6d,0x5c,0xc0,0x55,0x20,0x8d,
    0x04,0x20,0x57,0x49,0x67,0x3b,0x1f,0x92,0xae,0x77,0xf6,0xb9,0xf0,0x13,0x95,0x28,0x8a,0x55,0x2a,0x48,0xd5,0x94,0xdf,0xf4,0x88,0xe6,0xf8,0x1d,0x9b,0xa6,0xb9,0xc4,0xdf,0xeb,0x20,0x8d,
    0x04,0x20,0x57,0xc6,0xcd,0x95,0x62,0x1b,0x5b,0xa0,0x4d,0xa6,0xc4,0x5a,0x90,0x6b,0x8a,0x04,0x8e,0xfc,0xf6,0x53,0xe0,0x50,0x31,0x27,0x48,0xd5,0xf6,0xad,0xd7,0x8c,0x4e,0x0f,0x20,0x8d,
    0x04,0x20,0x50,0x4f,0x69,0x5c,0xd9,0xbc,0x46,0x57,0xec,0xd5,0x03,0x5c,0x8a,0xf0,0x89,0x4d,0x44,0x78,0x30,0x8f,0x1e,0x3e,0xb5,0xe5,0x1c,0x72,0x2b,0x8a,0xa8,0xce,0xc3,0x46,0x20,0x8d,
    0x04,0x20,0x50,0xdd,0x7a,0x76,0x5c,0xb1,0x62,0x1a,0x13,0xf1,0x76,0x39,0xb9,0x56,0xa7,0x48,0x67,0x0a,0xc7,0xbe,0x3e,0x10,0x79,0x2e,0x69,0x26,0x00,0x1a,0xa1,0x6a,0xee,0xda,0x20,0x8d,
    0x04,0x20,0x51,0x9a,0xf1,0x2b,0xbd,0x43,0x7f,0x26,0x2d,0x12,0x0a,0x25,0x04,0xbf,0xe8,0x28,0xff,0x99,0xcf,0x23,0xf9,0xfb,0x16,0xc8,0xff,0xc4,0xcb,0x30,0xc0,0xc4,0x04,0xe7,0x20,0x8d,
    0x04,0x20,0x52,0x88,0x94,0x78,0xf3,0xdc,0x01,0xe6,0x7f,0xa3,0x45,0x97,0x78,0x08,0xf3,0x3c,0xef,0xe4,0xf0,0x8a,0x56,0xf4,0xf6,0x1c,0xc0,0x20,0xbd,0x32,0xe9,0xbe,0x43,0x87,0x20,0x8d,
    0x04,0x20,0x52,0xff,0x56,0xd9,0x22,0x5a,0x9e,0xc3,0xae,0x93,0x72,0xd1,0xdd,0x28,0x4e,0x23,0x1a,0x7d,0x0f,0x1d,0x07,0xb4,0xd7,0xba,0x6b,0x84,0x69,0xcd,0x35,0x3b,0x08,0xfa,0x20,0x8d,
    0x04,0x20,0x53,0x11,0x64,0x69,0x2a,0x90,0x3c,0x8e,0xac,0x73,0x58,0x31,0x1f,0xcd,0x42,0xf1,0x6e,0xf3,0xf8,0xa3,0xeb,0x38,0xef,0x8f,0xff,0x55,0x8a,0xe8,0x53,0xbb,0xc3,0x68,0x20,0x8d,
    0x04,0x20,0x53,0x1b,0xb5,0xc2,0x1d,0xfa,0xb2,0xef,0x29,0x58,0x78,0x24,0x66,0x66,0x77,0x02,0xba,0x94,0x0e,0x82,0xfc,0x81,0xc9,0x41,0x7d,0xce,0x64,0x37,0xb4,0xbb,0x84,0x70,0x20,0x8d,
    0x04,0x20,0x53,0xf7,0xe7,0xcf,0x2d,0x0e,0xa4,0x69,0x55,0x71,0x33,0x8d,0x02,0x7f,0x0f,0xfe,0xaa,0x96,0x21,0x1b,0x77,0x68,0x85,0x4a,0x09,0xf6,0x92,0x0d,0x1e,0xd9,0x06,0x22,0x20,0x8d,
    0x04,0x20,0x54,0x4d,0x7a,0xcf,0x57,0x5b,0x9e,0x7a,0x8a,0x5d,0xcc,0x80,0xba,0x59,0x47,0xe3,0xba,0x12,0x4a,0x58,0xca,0x5d,0xa9,0x29,0xe2,0xaf,0x9f,0xd1,0x76,0x67,0xb5,0xae,0x20,0x8d,
    0x04,0x20,0x55,0x0e,0x53,0x99,0x77,0xbc,0x63,0x86,0x29,0x3c,0xfc,0x86,0xcc,0x89,0xb1,0x31,0xe8,0xb7,0x94,0xe8,0xe7,0x5c,0xe2,0x82,0x61,0x47,0x8e,0x69,0xae,0x96,0x75,0x8b,0x20,0x8d,
    0x04,0x20,0x55,0x2f,0xa8,0xb6,0x43,0xfa,0xbf,0xed,0xcb,0xd3,0x86,0xde,0xc4,0x89,0x29,0x07,0xfd,0x96,0x82,0xfd,0x65,0xa2,0x14,0x46,0xb6,0x64,0xc3,0xef,0xcd,0x9b,0x11,0xaf,0x20,0x8d,
    0x04,0x20,0x55,0x62,0x74,0xe3,0xec,0xe6,0xe9,0x25,0x87,0x92,0x0d,0x6b,0x67,0x5b,0x6d,0xbf,0x5e,0x8d,0x25,0x3f,0x2f,0x0e,0x08,0x90,0x1e,0x18,0x46,0xec,0x41,0xe7,0xa9,0x5f,0x20,0x8d,
    0x04,0x20,0x55,0x9e,0xc3,0x3e,0xc9,0xbd,0x14,0x6a,0x17,0xb0,0xce,0x79,0x80,0x9b,0x91,0x60,0xbc,0x54,0x58,0x55,0x6a,0xff,0xdd,0x1d,0x69,0xfc,0xf4,0x56,0x4e,0x8a,0xf0,0x20,0x20,0x8d,
    0x04,0x20,0x5e,0x92,0x77,0xc8,0x98,0xcc,0xdd,0x57,0xa4,0x4d,0x85,0xf9,0x29,0xa6,0x5d,0x46,0x02,0xfe,0x1e,0x24,0x8c,0x42,0x76,0xce,0x50,0x10,0xe4,0x84,0x34,0x0a,0x8c,0xff,0x20,0x8d,
    0x04,0x20,0x5e,0xc2,0xa5,0x9d,0xfb,0xda,0x50,0x68,0x35,0xd7,0x8e,0xdd,0xff,0x31,0x56,0x2a,0x72,0x2f,0x71,0x87,0x5e,0x09,0xcb,0xb4,0xff,0x07,0x3c,0xe3,0x7f,0x2c,0xe4,0xda,0x20,0x8d,
    0x04,0x20,0x5e,0xe1,0x6d,0x04,0xd6,0x69,0x6c,0x4c,0x35,0x03,0xd5,0x81,0x93,0x50,0xf3,0xae,0x22,0xbf,0x22,0x39,0xba,0x7f,0xab,0x85,0x1c,0x51,0x8e,0xde,0xa5,0x00,0xdf,0x0a,0x20,0x8d,
    0x04,0x20,0x5f,0x57,0x62,0x2d,0x27,0x69,0xf8,0x42,0xb1,0x97,0xa5,0xfb,0x69,0x61,0xe6,0xd2,0x01,0xfe,0xfb,0xa7,0x66,0xde,0x62,0x03,0xc0,0xfa,0x4d,0x80,0xef,0xda,0x85,0xed,0x20,0x8d,
    0x04,0x20,0x5f,0x63,0x68,0x39,0xa1,0x92,0xb7,0xcd,0xd1,0x4a,0x62,0x26,0x3a,0x13,0xaa,0x13,0x5b,0xb6,0xba,0xe0,0x60,0x4f,0xa0,0xd6,0xb0,0x17,0x4e,0x08,0x09,0x7d,0xff,0x6f,0x20,0x8d,
    0x04,0x20,0x5f,0xb8,0x12,0xed,0x14,0xbb,0x50,0x7e,0xf2,0xb3,0xc2,0x06,0x35,0xbe,0x61,0x0a,0x5b,0x11,0x82,0x84,0xbc,0x63,0x6c,0x0a,0xc5,0x4c,0x45,0x39,0xb1,0xa5,0x39,0x3a,0x20,0x8d,
    0x04,0x20,0x5f,0x94,0x62,0xd3,0x2f,0x19,0xa2,0x3c,0xff,0x63,0x6a,0x38,0xd7,0x0e,0x6e,0xa3,0x7b,0xf3,0x88,0x51,0x2d,0xc1,0x12,0x89,0x02,0xd0,0xb6,0x6f,0x5a,0x7a,0x57,0xeb,0x20,0x8d,
    0x04,0x20,0x5f,0xaf,0xe6,0x49,0x93,0xcd,0xd9,0x05,0x4c,0x42,0xbe,0xa0,0x6a,0x2c,0x38,0x5f,0x86,0xe3,0xe2,0x10,0x28,0x32,0x59,0xb0,0x57,0x7a,0xe7,0x13,0xe2,0x04,0xb6,0xfd,0x20,0x8d,
    0x04,0x20,0x5f,0xf5,0x1f,0x9c,0xe6,0x5d,0xcb,0x5d,0x52,0x77,0xb3,0x15,0x94,0x7f,0xa3,0xde,0x37,0xe9,0x28,0x44,0xf6,0xb7,0x4e,0x3d,0x96,0xe2,0x75,0xf9,0xa8,0x3c,0x6f,0x98,0x20,0x8d,
    0x04,0x20,0x58,0xc5,0xcb,0xd8,0x97,0xa1,0xff,0xea,0xac,0x88,0x60,0x33,0xcc,0x8b,0xd6,0x00,0x2b,0x9d,0x5a,0xe3,0xd7,0xdc,0xc0,0x37,0x4d,0x48,0x22,0xe1,0x77,0x1a,0x6e,0x41,0x20,0x8d,
    0x04,0x20,0x59,0xfd,0xfb,0x63,0x9a,0x83,0xb3,0x49,0x5a,0xa7,0x83,0x24,0x4c,0x3e,0xd5,0xdf,0xe7,0x68,0xee,0x1f,0x7b,0x82,0x7c,0x35,0x6c,0x62,0x4c,0x9d,0x83,0x15,0x3b,0x71,0x20,0x8d,
    0x04,0x20,0x5a,0x08,0x3e,0x66,0x57,0xc8,0x89,0x86,0xc8,0xec,0xcf,0xe4,0x94,0xc2,0x29,0xda,0x68,0x27,0x4a,0x45,0x59,0x04,0x66,0x49,0xf6,0x52,0xe8,0xed,0x3c,0x46,0x79,0xf0,0x20,0x8d,
    0x04,0x20,0x5a,0x62,0x28,0x42,0x03,0xca,0x5f,0xb6,0xdc,0xde,0xe1,0x2f,0xaa,0x9a,0x3c,0x68,0x77,0x13,0xee,0x8d,0x43,0x0a,0xc8,0x83,0x40,0x62,0x23,0xa0,0x42,0xd2,0x7e,0xe3,0x20,0x8d,
    0x04,0x20,0x5a,0xbe,0xf4,0x6d,0x99,0xf6,0xfe,0x21,0x36,0xd6,0x8f,0x62,0x8c,0x1b,0xa9,0x26,0x04,0x62,0x7d,0xd1,0xc3,0x98,0xe1,0x43,0xd1,0x30,0xe4,0x25,0xda,0xd5,0xcc,0x6c,0x20,0x8d,
    0x04,0x20,0x5a,0x8b,0x21,0xbc,0xd9,0xb5,0xd1,0xb9,0x78,0x27,0xf8,0xe7,0x37,0x4e,0x19,0xe7,0x90,0xe8,0xbc,0x59,0x10,0xcd,0x4f,0xbe,0x3c,0x8c,0x74,0xec,0x9a,0x81,0xb0,0xa7,0x20,0x8d,
    0x04,0x20,0x5b,0x21,0x2f,0xb5,0x43,0x51,0x50,0xd1,0x54,0xa1,0xc5,0xd7,0x0d,0xd0,0x40,0x67,0xdd,0xbd,0x14,0xe5,0xcc,0x02,0xf7,0x60,0xfb,0x7f,0x11,0x08,0x49,0xbc,0xa5,0x6f,0x20,0x8d,
    0x04,0x20,0x5b,0x9a,0x00,0xf9,0xac,0x02,0x94,0xa8,0x9e,0x6c,0x02,0x70,0xbf,0xa2,0xf6,0x38,0xf3,0x7f,0x17,0xe5,0xae,0xe4,0x22,0x72,0x24,0x8e,0x88,0x09,0x13,0xf2,0xbd,0x3b,0x20,0x8d,
    0x04,0x20,0x5b,0xea,0x22,0xff,0x8b,0xb3,0x73,0xbf,0xa3,0x9d,0xd9,0xcd,0x4d,0x61,0x09,0xf6,0x5c,0xf1,0xee,0x51,0xbb,0x0b,0x7e,0xf4,0x54,0x65,0xbd,0xf5,0xac,0x9f,0x17,0xa5,0x20,0x8d,
    0x04,0x20,0x5c,0x76,0xd1,0xbb,0x83,0xeb,0x24,0x48,0x88,0x93,0x7f,0x40,0x9d,0x24,0xe0,0xf5,0x65,0x0a,0x44,0xd0,0x8a,0xdb,0x45,0xe7,0xc8,0xf2,0xc3,0xe5,0xac,0x02,0x04,0xf0,0x20,0x8d,
    0x04,0x20,0x5c,0xbe,0xcf,0x6e,0xeb,0xb1,0xd4,0x61,0x7d,0x98,0x16,0x3d,0xbc,0x9f,0x48,0xbe,0xb0,0x20,0x7a,0xa6,0x98,0xa6,0x76,0xbe,0x0a,0x20,0x28,0xe4,0x6c,0xde,0x8e,0xc7,0x20,0x8d,
    0x04,0x20,0x5c,0xe6,0xea,0x64,0x4d,0xea,0x10,0x10,0x29,0xb8,0x99,0x66,0x84,0xb7,0x5d,0x88,0xc5,0x3b,0x60,0xde,0xe7,0xf5,0xfc,0xc0,0x6a,0x9b,0xaf,0xcc,0xad,0x87,0x27,0x25,0x20,0x8d,
    0x04,0x20,0x5e,0x11,0xff,0x6a,0x6b,0xea,0x52,0x32,0x82,0x9f,0xc8,0x47,0xa2,0xa1,0x2f,0x18,0x6e,0xcd,0x21,0xa1,0x9c,0x81,0x98,0x88,0xad,0x4d,0x5e,0xbd,0xa3,0x52,0x45,0xbf,0x20,0x8d,
    0x04,0x20,0x67,0x76,0x77,0x1c,0x62,0xb1,0x84,0xcd,0xac,0xd4,0x5b,0x11,0x2b,0x6e,0x33,0xc0,0xe5,0x9b,0x01,0x46,0xaf,0x02,0x43,0xe7,0x0c,0x32,0x73,0x53,0x30,0xd2,0xa6,0xa8,0x20,0x8d,
    0x04,0x20,0x67,0x4e,0xbb,0x40,0xb3,0x05,0x41,0x06,0x77,0x09,0x7c,0xc9,0xa8,0x61,0x07,0x27,0xd2,0x92,0x1c,0xe8,0x0a,0x26,0x2e,0x40,0x5b,0x58,0x99,0xc2,0x6b,0x10,0xb2,0x06,0x20,0x8d,
    0x04,0x20,0x67,0x97,0xa3,0xa3,0x09,0x92,0xee,0x51,0x9e,0x5f,0x2e,0xea,0x36,0xc3,0x44,0xb0,0x26,0xfa,0x7e,0x74,0xd7,0x58,0x82,0xcd,0x2b,0xee,0x2e,0x2d,0x93,0x49,0xa6,0xc3,0x20,0x8d,
    0x04,0x20,0x60,0x0e,0x1f,0x65,0x87,0x53,0x1f,0x44,0xf2,0xfa,0x37,0x88,0x97,0x06,0x08,0xbf,0x2f,0xfd,0x8d,0x9f,0x0e,0xfb,0xbd,0xfb,0xaa,0x65,0x47,0xdf,0x37,0xdc,0x34,0x83,0x20,0x8d,
    0x04,0x20,0x60,0x48,0xbe,0x8d,0x55,0x7c,0xa9,0x9b,0x45,0xc5,0x5c,0x41,0x68,0x8e,0x47,0x26,0x0e,0x92,0x00,0xbf,0x20,0x3b,0x9d,0xd8,0x27,0x29,0xe0,0x17,0xb9,0x1e,0x6e,0xfb,0x20,0x8d,
    0x04,0x20,0x61,0x00,0xe2,0x50,0xe1,0x3b,0x92,0x32,0x44,0x46,0x9b,0x1a,0xdb,0x5f,0xba,0x4f,0x6a,0x89,0x9e,0x7f,0xd3,0x4e,0xb6,0xb5,0x5b,0xe4,0x98,0xb2,0x32,0x54,0x03,0xa2,0x20,0x8d,
    0x04,0x20,0x61,0x82,0x88,0xe0,0xd1,0x85,0x04,0x4a,0x53,0xe2,0x5f,0x7d,0xb3,0xcd,0xb1,0x48,0x39,0xaf,0x7f,0x8d,0x8f,0xf8,0xab,0x16,0xfa,0xec,0xa9,0xfa,0x92,0xaf,0xf4,0xbc,0x20,0x8d,
    0x04,0x20,0x61,0xf5,0xfb,0x29,0xce,0xbd,0x82,0xd0,0xec,0xcb,0x65,0x8c,0x5b,0x81,0x1a,0x02,0x32,0xa9,0x17,0x6f,0x92,0x82,0xec,0x2d,0x42,0xee,0xb9,0x10,0x82,0xe7,0x1f,0x2b,0x20,0x8d,
    0x04,0x20,0x61,0xe2,0xd3,0xcc,0x8e,0x63,0x32,0x2c,0x02,0xa3,0x4b,0x10,0x78,0xa7,0x52,0xfb,0x02,0xc6,0x0a,0x50,0x5b,0x2c,0x6c,0xa3,0x71,0x71,0x3d,0xf0,0x65,0x3c,0x68,0xcc,0x20,0x8d,
    0x04,0x20,0x61,0xe9,0x08,0x60,0x0d,0x5d,0x9a,0xc8,0x19,0x47,0x2c,0xbf,0xa6,0x46,0xc3,0x90,0x8d,0x3a,0x1f,0x34,0x76,0xd0,0x78,0xa7,0xce,0x36,0x79,0x37,0xed,0x8a,0xa3,0x1a,0x20,0x8d,
    0x04,0x20,0x62,0x74,0xb4,0xba,0xf0,0xd3,0x5e,0x4b,0x19,0xe8,0xa3,0x6d,0x18,0x8d,0xe0,0x52,0xcb,0x5a,0x09,0x06,0xf6,0x46,0xc1,0xca,0x40,0x74,0xea,0x29,0xe3,0x6e,0x29,0xe7,0x20,0x8d,
    0x04,0x20,0x62,0x6d,0x06,0x47,0x26,0xc5,0x56,0x6a,0xd9,0xe9,0x24,0xe3,0xd1,0x0f,0xcd,0x9e,0x4b,0x7f,0xb8,0x4d,0xda,0x71,0xce,0xc9,0x62,0x66,0x84,0x21,0x76,0x18,0x95,0xe0,0x20,0x8d,
    0x04,0x20,0x62,0xa7,0x44,0x41,0x67,0x0c,0x75,0x35,0x7d,0x2b,0xe2,0xfe,0x0b,0xab,0xac,0x08,0xce,0x42,0xa7,0xc9,0x14,0x57,0xd7,0x55,0xa1,0x78,0xa7,0x07,0x30,0x38,0x3a,0x15,0x20,0x8d,
    0x04,0x20,0x63,0x72,0x54,0xd4,0xa9,0x0c,0xce,0x0f,0x0c,0xad,0x2d,0x52,0x73,0x03,0xd2,0xfa,0x8a,0xaf,0xe4,0x35,0x5d,0xe2,0x6a,0xbe,0xaf,0xb2,0x33,0x8f,0x0c,0xca,0xbd,0xf1,0x20,0x8d,
    0x04,0x20,0x63,0xfb,0x3c,0xca,0x76,0x15,0x9a,0x38,0x50,0xba,0xf6,0x8d,0xa5,0x66,0xb0,0xca,0xb5,0x9f,0x2a,0x97,0xe4,0x77,0xa2,0x21,0xf4,0xb3,0x94,0x9a,0xd7,0x3d,0xc2,0x5b,0x20,0x8d,
    0x04,0x20,0x63,0xe4,0x48,0x09,0x67,0xc9,0xe8,0x7e,0xe8,0x86,0x6d,0x5d,0xcf,0xfc,0x01,0x1c,0xdc,0x52,0xe1,0xe5,0x66,0x65,0x76,0xd8,0xee,0xaf,0x44,0xba,0x5b,0x68,0x3e,0x35,0x20,0x8d,
    0x04,0x20,0x66,0x78,0x10,0xcb,0x9e,0xff,0x82,0xca,0xd7,0x15,0x6d,0x5e,0x9e,0xdd,0x9e,0x66,0x6d,0x3a,0x33,0x8c,0x84,0xe0,0x27,0xc8,0xe8,0xb8,0x21,0xa5,0xa8,0x8d,0xb1,0x7f,0x20,0x8d,
    0x04,0x20,0x66,0x54,0x9f,0xc9,0x62,0x87,0xf4,0x6b,0xb9,0xe0,0x5b,0xea,0x42,0x82,0x43,0xa4,0x73,0x6b,0x6e,0x19,0x67,0x90,0x5f,0x53,0x0e,0xa3,0xf7,0x74,0x5b,0x5c,0x6e,0x3d,0x20,0x8d,
    0x04,0x20,0x6e,0x92,0x6e,0x9e,0x3d,0xba,0xa0,0xd3,0xd6,0xa4,0x56,0x2a,0xb7,0xcf,0x74,0x67,0xe3,0x75,0xa6,0xcd,0x49,0xf9,0x18,0xab,0x11,0x18,0xc8,0x29,0x82,0xa0,0xba,0x80,0x20,0x8d,
    0x04,0x20,0x6e,0x9d,0x37,0x0e,0xf0,0xc7,0xd6,0xb9,0xb2,0x50,0x0a,0xb3,0xc5,0x93,0x43,0x9b,0x74,0x06,0xfd,0x4a,0x77,0x99,0xcf,0x0f,0x85,0x96,0x9d,0x6b,0x02,0x5f,0xd7,0x06,0x20,0x8d,
    0x04,0x20,0x6e,0xe6,0x68,0x15,0x0d,0x75,0x1f,0xe7,0xf5,0x58,0xc5,0xbb,0x08,0xab,0xe1,0x64,0x6b,0x8a,0x7d,0x63,0x36,0x72,0x8b,0x5a,0xdc,0x8b,0x4b,0x17,0x56,0x83,0x29,0x87,0x20,0x8d,
    0x04,0x20,0x6f,0xa4,0xf9,0xa1,0x58,0x7b,0x62,0xc2,0x32,0x13,0x8a,0x95,0xb0,0xdc,0xe8,0x03,0x23,0xd5,0x6b,0x99,0x64,0xae,0xef,0x4b,0x31,0x7a,0xc7,0x1c,0x75,0x08,0x17,0x4d,0x20,0x8d,
    0x04,0x20,0x6f,0xdc,0x5b,0x32,0x9f,0x88,0xa0,0x6e,0xf5,0xf7,0xaf,0x84,0x09,0xe7,0x84,0xc7,0x17,0x9a,0x5f,0x3d,0x53,0x8b,0x4a,0x77,0x14,0x73,0x17,0x1d,0x95,0x57,0x38,0x6a,0x20,0x8d,
    0x04,0x20,0x68,0x97,0x5b,0x43,0xe6,0xf9,0x4c,0x7a,0x23,0xf6,0xe6,0xba,0x91,0x5a,0xe1,0xae,0x82,0x07,0xec,0x18,0xd7,0xed,0x55,0x4a,0x19,0x1d,0xcd,0x61,0xb6,0x77,0x07,0x43,0x20,0x8d,
    0x04,0x20,0x69,0x02,0xf8,0x41,0x2b,0xb3,0xf3,0xb6,0x45,0x96,0x2c,0xde,0x51,0x98,0x31,0x04,0x09,0x3d,0xa3,0xca,0x99,0x7e,0x01,0x38,0x80,0x4b,0x27,0x30,0xf6,0xd6,0x50,0xf6,0x20,0x8d,
    0x04,0x20,0x69,0x31,0x6a,0xa7,0x98,0x94,0xb9,0xfa,0xf5,0x05,0x12,0xd1,0x58,0xb5,0x94,0x04,0x91,0x4f,0x05,0xfa,0x96,0x5b,0xdf,0x87,0x23,0xf8,0x70,0xaa,0xa2,0x7b,0x8a,0x2e,0x20,0x8d,
    0x04,0x20,0x6a,0xc0,0xdc,0xad,0xb5,0xbe,0x06,0x7d,0x99,0x06,0x7b,0x16,0xd3,0x2c,0x94,0x2c,0x86,0xf2,0x5e,0x98,0xa9,0xd3,0xab,0xdc,0x01,0x49,0xde,0xb8,0xe3,0x56,0x87,0x09,0x20,0x8d,
    0x04,0x20,0x6b,0x22,0x8b,0xfe,0x11,0xe9,0x5d,0x69,0xd6,0x13,0xfa,0x96,0x20,0x59,0xdd,0x7d,0xdf,0x12,0xc7,0xab,0x95,0x68,0xe9,0xf7,0x32,0x6a,0x74,0xf6,0x13,0xdc,0x9d,0xfa,0x20,0x8d,
    0x04,0x20,0x6b,0x31,0x4b,0x0c,0xf0,0x14,0x50,0xe9,0x1d,0x34,0xf8,0xfc,0xa4,0x7b,0x8b,0x2e,0x51,0xd0,0x68,0x29,0x13,0x39,0x04,0x7d,0x5d,0xf8,0x01,0x11,0x85,0xbe,0xe7,0x71,0x20,0x8d,
    0x04,0x20,0x6b,0x67,0x81,0x00,0xb3,0x85,0xdc,0x47,0x48,0x5e,0xac,0xee,0xce,0x5d,0x0e,0xd0,0xf2,0x86,0x10,0xcd,0xce,0x67,0xbe,0x34,0xc9,0x01,0x09,0xa0,0x67,0x1b,0xfa,0x64,0x20,0x8d,
    0x04,0x20,0x6c,0x15,0xca,0x3b,0xa4,0x3c,0x06,0xff,0x5f,0x1e,0x35,0xd8,0xaa,0x42,0x51,0x0e,0x95,0x73,0x0a,0xf6,0xce,0x92,0xd8,0x2c,0xa3,0x8d,0x36,0xb4,0x42,0x6f,0xac,0xcb,0x20,0x8d,
    0x04,0x20,0x6c,0x50,0xf8,0x92,0x28,0xd1,0xed,0xf0,0x73,0xe0,0x93,0x96,0xf3,0x66,0xe4,0xad,0xe6,0x22,0x24,0xbe,0x4b,0x71,0x14,0x29,0x87,0x52,0xcc,0x83,0x78,0xa5,0x49,0xc6,0x20,0x8d,
    0x04,0x20,0x6d,0x3e,0xa0,0xe6,0x70,0x73,0x83,0x1f,0xa1,0x9c,0x73,0xca,0x2f,0x2d,0x2e,0x87,0x30,0x81,0xaf,0x13,0x59,0xbe,0x34,0x45,0x02,0x9c,0x5c,0x4c,0xb1,0x3c,0xb7,0x3c,0x20,0x8d,
    0x04,0x20,0x6d,0x09,0xd1,0x4a,0x0e,0x56,0x5b,0x76,0xc0,0x31,0xd7,0xda,0x39,0xfe,0xae,0x78,0xd4,0x18,0xf9,0xe4,0x8d,0xac,0x45,0x9f,0x5d,0x1f,0xc5,0x47,0xac,0x45,0x6e,0xac,0x20,0x8d,
    0x04,0x20,0x6e,0x1d,0xb6,0x2f,0x59,0x7c,0x81,0x78,0xab,0xda,0xf2,0x38,0x9f,0xe6,0xd1,0x67,0xeb,0x3d,0x8b,0xa1,0xda,0x34,0x99,0x21,0x9e,0x7b,0x45,0x38,0x5e,0x4b,0xe0,0xd2,0x20,0x8d,
    0x04,0x20,0x76,0xc2,0xce,0xba,0x5a,0x05,0x24,0x19,0xcb,0xcf,0xa5,0x74,0xea,0x5e,0xba,0x8c,0x50,0x48,0x6b,0xaa,0xe9,0x58,0x5d,0xe1,0x78,0xa3,0xe8,0x65,0xee,0x1b,0x5b,0xba,0x20,0x8d,
    0x04,0x20,0x77,0x15,0xf9,0x87,0x0d,0xec,0xb5,0x2f,0xb1,0x74,0x79,0x2f,0x9b,0x73,0x33,0xdc,0x51,0x94,0x45,0x6a,0xda,0xf8,0xed,0xe7,0xf3,0x12,0xe2,0x49,0x8f,0x00,0x25,0xd3,0x20,0x8d,
    0x04,0x20,0x77,0x5c,0x3c,0x72,0xd7,0xc8,0x86,0x6a,0x08,0x94,0x29,0xe1,0xbd,0x84,0x76,0x2a,0xeb,0x8e,0x4f,0xca,0x84,0x3a,0xc9,0x21,0xff,0x1e,0x37,0xfe,0x0e,0xf4,0x86,0x67,0x20,0x8d,
    0x04,0x20,0x77,0xff,0x12,0x32,0x49,0x16,0x97,0x87,0xfb,0x3b,0xef,0xee,0x49,0x08,0x10,0xe8,0x1a,0xdb,0xf3,0xa0,0x2f,0xaa,0x14,0xde,0x4f,0xa3,0xbf,0xde,0x7a,0x26,0x7d,0xe8,0x20,0x8d,
    0x04,0x20,0x71,0x4b,0x92,0xc4,0x5a,0x94,0x57,0x73,0xfd,0x08,0x8d,0xca,0x82,0x5d,0xae,0x47,0x5b,0x48,0x90,0xf0,0x9e,0xf6,0x64,0x5e,0xa4,0xa3,0x3c,0xff,0x8f,0x54,0xa6,0x17,0x20,0x8d,
    0x04,0x20,0x71,0xad,0x14,0x7f,0x48,0xb7,0x2f,0xdd,0x8c,0x7a,0x13,0x19,0x4c,0xb6,0x30,0x87,0x35,0x55,0x01,0x22,0x48,0xd7,0x97,0x61,0x26,0x98,0x28,0x2e,0xa4,0x2a,0x7d,0x8d,0x20,0x8d,
    0x04,0x20,0x71,0xef,0x6d,0xed,0x1a,0x5b,0x5c,0x39,0x50,0xf7,0xb5,0x98,0x56,0xa0,0xd2,0xf6,0x33,0x28,0x32,0x3e,0x05,0x1a,0x56,0x79,0x8e,0xec,0x34,0x8a,0x64,0x4a,0x1d,0x90,0x20,0x8d,
    0x04,0x20,0x72,0x22,0x3e,0x59,0xc2,0x9b,0xf5,0x8d,0x44,0x44,0xb6,0x4b,0xce,0x76,0xa7,0x44,0x65,0xc4,0xb7,0xb0,0x4f,0x7b,0x81,0x9b,0xf2,0x46,0x95,0x44,0x1b,0x63,0xa5,0x3c,0x20,0x8d,
    0x04,0x20,0x72,0xbb,0xb9,0xfc,0x1c,0x48,0x73,0xec,0x93,0x0a,0x01,0x73,0x8c,0x23,0x8c,0x3f,0xb1,0x16,0x80,0xfb,0x8b,0x2b,0xa2,0xf7,0xcb,0x43,0x2b,0x56,0x73,0x19,0xa9,0x3f,0x20,0x8d,
    0x04,0x20,0x72,0xa4,0x87,0x06,0xe7,0x50,0x34,0x9f,0xd3,0xd6,0x87,0x70,0xbf,0xfe,0x91,0x6a,0x3c,0x04,0xc4,0xb7,0x6a,0xb2,0xda,0x1a,0x8a,0xed,0xc3,0x35,0xb5,0x33,0x32,0x77,0x20,0x8d,
    0x04,0x20,0x72,0xaf,0x70,0xf0,0xeb,0x25,0xd7,0x8d,0x9d,0xf4,0xcc,0x68,0x3a,0x0d,0x31,0xab,0xac,0xbf,0x43,0xeb,0x2e,0xcf,0xa2,0xe6,0x19,0xd3,0x37,0xc7,0x3a,0xe4,0x68,0x21,0x20,0x8d,
    0x04,0x20,0x74,0x39,0xea,0x59,0x70,0xd1,0x3a,0x44,0x48,0x7f,0xd1,0x51,0x4e,0x85,0x09,0x23,0xef,0x9e,0xc0,0xb1,0x5a,0x68,0x4c,0x25,0xc5,0x61,0xa2,0xcc,0x92,0x37,0xbe,0xe8,0x20,0x8d,
    0x04,0x20,0x74,0x01,0xde,0x22,0x5a,0x81,0x32,0xea,0xba,0xfc,0xb5,0x85,0x6f,0x35,0x2b,0xec,0x3d,0xd2,0xe9,0x20,0xf3,0x57,0x62,0x27,0xfa,0xf6,0x6b,0xd8,0xe3,0xd7,0x2c,0x12,0x20,0x8d,
    0x04,0x20,0x74,0x2b,0xdd,0x5f,0x65,0x4b,0x64,0x74,0x46,0xf1,0xec,0xc8,0xef,0x43,0xbe,0xc8,0x29,0x07,0xde,0xb6,0x8a,0xa1,0x38,0x08,0x40,0x9e,0x63,0x6d,0xc7,0xcd,0xc8,0x39,0x20,0x8d,
    0x04,0x20,0x74,0x86,0x0b,0xea,0x0d,0x6e,0x82,0x36,0xeb,0x17,0x12,0xf3,0x6b,0x1a,0xc9,0xe4,0xbd,0xde,0x90,0xf5,0xe3,0x7d,0x4a,0x26,0xd5,0x9a,0xe3,0xed,0x49,0xee,0xb5,0xb0,0x20,0x8d,
    0x04,0x20,0x74,0xf5,0x10,0x8f,0xf8,0xf7,0x9a,0x08,0xfa,0xc8,0x89,0x36,0xda,0x61,0x57,0x31,0x0f,0xce,0x7b,0xa7,0x73,0xa0,0x15,0xbe,0x3b,0x74,0x9c,0x78,0xc7,0xb9,0x0e,0x11,0x20,0x8d,
    0x04,0x20,0x75,0x88,0x36,0x83,0xc4,0xc1,0xbe,0x52,0x51,0x56,0x80,0x2b,0xc9,0xc5,0xd0,0xc5,0xa3,0x8e,0x65,0xfe,0x14,0xb4,0x68,0x11,0xbf,0xfe,0xea,0x49,0xf4,0x4f,0x8e,0x90,0x20,0x8d,
    0x04,0x20,0x76,0x08,0x70,0x20,0x4f,0xf5,0x0f,0x59,0x21,0xa3,0x1e,0x2f,0x97,0x1e,0x4f,0xff,0x32,0x30,0x8f,0x80,0x95,0x41,0x37,0x5b,0x07,0xaa,0x05,0x8b,0x1b,0xd0,0x8a,0x0f,0x20,0x8d,
    0x04,0x20,0x78,0x2d,0x2b,0x4e,0xd1,0x7e,0x55,0xc8,0xf5,0x4f,0x4a,0x2b,0x68,0xe1,0x14,0xe7,0x08,0x5e,0x11,0xda,0xbc,0xe8,0xcd,0x37,0xed,0x5a,0x7b,0xb3,0xfe,0xf0,0x69,0x54,0x20,0x8d,
    0x04,0x20,0x78,0xad,0xc9,0x97,0xd8,0x63,0xc1,0xe3,0xbd,0x63,0x1c,0xf4,0x49,0xee,0xf5,0x53,0x2c,0xcf,0xeb,0xd9,0x14,0x11,0x10,0xdf,0xce,0xb8,0xf0,0x0b,0x28,0x53,0x0b,0x2c,0x20,0x8d,
    0x04,0x20,0x78,0xc8,0xae,0xaf,0x79,0x5e,0x25,0x72,0xc4,0x99,0x66,0x10,0x75,0x3e,0xfa,0xbb,0xd8,0xc5,0x2d,0x17,0xb7,0x84,0x2e,0xb5,0xf0,0x58,0x81,0xcc,0xab,0xe9,0xac,0x94,0x20,0x8d,
    0x04,0x20,0x7a,0xb8,0x64,0x9b,0x0b,0x03,0xe9,0xc4,0x44,0xd3,0x49,0x2c,0x71,0x8c,0x9b,0x8c,0x84,0xdc,0x48,0xb7,0x14,0x7e,0xe6,0x52,0x31,0xcf,0x46,0xaf,0x9e,0x0b,0xa0,0xac,0x20,0x8d,
    0x04,0x20,0x7b,0x11,0xb6,0x51,0xff,0x1e,0x4c,0x91,0xa0,0xab,0xef,0x4f,0x14,0x28,0x4c,0x1a,0x2e,0x97,0xe8,0x20,0x8d,0xa2,0xcf,0xd7,0x22,0x28,0x22,0x15,0x97,0xf2,0xd9,0x25,0x20,0x8d,
    0x04,0x20,0x7b,0x73,0x2a,0xed,0x8f,0x10,0x0d,0x79,0x87,0x58,0xfa,0x5e,0x98,0x0c,0x4c,0x74,0x34,0x87,0x2f,0x1a,0x17,0x80,0x4e,0xdf,0xfe,0xd2,0xfb,0x6a,0x23,0x81,0xfc,0xff,0x20,0x8d,
    0x04,0x20,0x7b,0xbd,0xa9,0xa3,0x6a,0x89,0x36,0x80,0xef,0x55,0x2f,0x62,0xab,0x70,0x13,0x7a,0xab,0xa3,0x01,0x5b,0x69,0x5e,0xdb,0x14,0x26,0xe0,0x12,0x94,0xd2,0x5b,0x98,0x63,0x20,0x8d,
    0x04,0x20,0x7b,0xaa,0x5c,0xef,0xcf,0x71,0xa7,0x44,0x63,0xde,0x81,0x14,0x1b,0x0c,0x85,0x45,0x9c,0x8d,0x8b,0x73,0x4c,0xf0,0x9b,0x89,0x75,0x8f,0x78,0xf9,0x5b,0x9c,0x68,0xf5,0x20,0x8d,
    0x04,0x20,0x7c,0x76,0x3a,0x6c,0xdf,0xfa,0x21,0xd6,0x57,0xc8,0x96,0x71,0x21,0x30,0x9e,0x7f,0x04,0x10,0x66,0x4f,0x7c,0x7c,0xa7,0xb2,0x3d,0xb6,0x43,0x50,0x83,0x5f,0xcc,0xcf,0x20,0x8d,
    0x04,0x20,0x7d,0x93,0x21,0x8a,0xe0,0xb7,0x07,0xc7,0xa4,0xcc,0x4d,0x5f,0xe6,0x20,0xb8,0x4e,0xde,0x65,0x65,0xba,0x6f,0xac,0xf3,0x45,0xb8,0x6f,0x5d,0x79,0x3e,0x13,0x1c,0x7d,0x20,0x8d,
    0x04,0x20,0x7e,0x39,0x48,0x7d,0x20,0xa4,0x3f,0x62,0xcd,0x4d,0x07,0xaa,0xc8,0x25,0x15,0xea,0x92,0x56,0x4b,0x99,0xe4,0x17,0xb3,0x15,0x41,0x01,0xd5,0x7c,0x23,0x60,0x5d,0xae,0x20,0x8d,
    0x04,0x20,0x7e,0x0d,0x53,0x3f,0xb6,0xd0,0x86,0x42,0xee,0xbe,0x3c,0x0a,0x6b,0x5d,0xa2,0xbf,0x04,0x8c,0x4f,0x11,0xc4,0x39,0xdd,0xf1,0x4f,0x2f,0x22,0x2b,0x60,0x51,0xef,0xf2,0x20,0x8d,
    0x04,0x20,0x7e,0x30,0x66,0xb5,0x4d,0x37,0xbd,0xa4,0x4c,0xb8,0xbc,0x90,0x74,0x3e,0x18,0x50,0x88,0x6b,0x39,0x81,0x50,0xc3,0x77,0xbb,0x19,0x0b,0x0a,0xc6,0x84,0xbe,0x7f,0x80,0x20,0x8d,
    0x04,0x20,0x86,0xe7,0x54,0x64,0x5c,0x5c,0xda,0x4d,0x2c,0xab,0xfe,0xd8,0x48,0x2d,0x38,0xf2,0x7f,0x06,0x4e,0x37,0x00,0x78,0x33,0x6b,0x28,0xb2,0x7b,0x3f,0x11,0xd5,0x90,0xd4,0x20,0x8d,
    0x04,0x20,0x87,0x2b,0xe9,0x77,0xa4,0x12,0x00,0x17,0x58,0x15,0x8c,0x52,0xb4,0x22,0x46,0x58,0x85,0x80,0x74,0xbd,0xab,0x5d,0x57,0x0f,0x7c,0xb3,0x63,0xef,0x33,0x7e,0x4b,0xf4,0x20,0x8d,
    0x04,0x20,0x87,0x44,0x0f,0x76,0xac,0xec,0x61,0x55,0xa8,0x36,0x59,0x3d,0xb1,0xb8,0x31,0x2e,0x29,0xef,0xd7,0x20,0x50,0x66,0x1e,0x81,0x21,0xbe,0xb6,0x03,0x85,0xa2,0x97,0xdb,0x20,0x8d,
    0x04,0x20,0x87,0xe7,0x33,0xaf,0x14,0x6f,0xf1,0x8c,0x1f,0xaf,0xea,0x97,0x7f,0xdb,0x5c,0x58,0xfd,0xbe,0x9c,0x4c,0x0d,0x70,0x32,0x6e,0xaf,0x0d,0x25,0x34,0x8a,0xee,0x3f,0xc1,0x20,0x8d,
    0x04,0x20,0x80,0x6e,0x0d,0x8d,0xbb,0xe8,0x05,0xd1,0x1c,0x8a,0x60,0x6f,0xbb,0x73,0x67,0x42,0x8f,0x57,0xdf,0xa5,0x4d,0xef,0xb5,0x46,0x0f,0x6e,0x10,0x7b,0x0f,0x14,0x4b,0x26,0x20,0x8d,
    0x04,0x20,0x80,0xf8,0xdc,0xde,0x64,0x99,0x8f,0x6f,0x4b,0x5d,0x87,0xa7,0x7a,0xf8,0xa5,0x96,0x49,0x57,0x47,0xe3,0xa2,0x88,0x60,0x47,0x71,0xab,0x0c,0x9f,0xf3,0x97,0x41,0x3a,0x20,0x8d,
    0x04,0x20,0x81,0x8e,0xd2,0x57,0xc4,0x6d,0x7e,0x78,0xd7,0x29,0x14,0xf3,0x98,0x3f,0x99,0xad,0x1e,0x60,0x9f,0x45,0x34,0xef,0x4f,0x45,0x1a,0x1d,0x30,0xd9,0x46,0x59,0x9c,0x54,0x20,0x8d,
    0x04,0x20,0x82,0x10,0x6a,0x53,0xae,0x30,0xec,0xa1,0xb2,0x7b,0xbc,0xa2,0x18,0x5b,0xc8,0x25,0xce,0x1b,0xd5,0x54,0x3b,0x9c,0x74,0xc6,0xbc,0xf8,0x0b,0x90,0x63,0x15,0x24,0x84,0x20,0x8d,
    0x04,0x20,0x83,0x1c,0x2f,0x23,0x66,0x9a,0x3a,0xdd,0x9a,0x22,0x35,0x2d,0x0b,0x39,0x6a,0x95,0xfc,0x2d,0xfa,0x19,0x1a,0x64,0xe2,0x46,0x9d,0x6d,0x51,0xb5,0xe8,0x02,0xaf,0x93,0x20,0x8d,
    0x04,0x20,0x83,0xe9,0xb5,0xbe,0x73,0x70,0xf4,0xc5,0x75,0xfd,0x80,0x26,0xc7,0xc5,0x3d,0x2a,0xb1,0x93,0x0a,0x83,0x0c,0x06,0xb6,0x39,0x60,0x48,0xb5,0x90,0xfa,0xa7,0xbe,0x68,0x20,0x8d,
    0x04,0x20,0x84,0x0c,0x85,0x70,0x52,0x6b,0x63,0xe0,0x54,0x08,0x31,0xa4,0xe3,0x24,0x3a,0x80,0x56,0x63,0x18,0x9c,0xe1,0xb0,0xc9,0x49,0xf8,0x0b,0x3b,0x39,0x5f,0xa0,0x32,0x69,0x20,0x8d,
    0x04,0x20,0x84,0x60,0xcb,0x73,0x0b,0x26,0x80,0x45,0xaf,0x47,0x0e,0x83,0xfd,0x15,0xca,0x6d,0x51,0xa1,0x58,0xbd,0x92,0x6a,0x2b,0xc8,0x47,0xfd,0x83,0x3d,0x94,0xfc,0x22,0x27,0x20,0x8d,
    0x04,0x20,0x84,0xd7,0x25,0xe2,0xfb,0xf6,0x9c,0x52,0x2e,0x1c,0x8b,0x1b,0x6d,0xe2,0x7b,0xdc,0x46,0xc4,0x2c,0xe1,0x05,0x61,0xb7,0x0a,0xd7,0xd2,0x94,0xcd,0x44,0x67,0x49,0xa5,0x20,0x8d,
    0x04,0x20,0x85,0x29,0xf1,0x32,0x96,0x5e,0xb4,0xb5,0x4f,0xd8,0x04,0x2d,0x44,0xfc,0x4b,0x7e,0x91,0x3b,0xe1,0xfc,0x94,0x99,0x38,0x25,0x4e,0xae,0x12,0xd8,0xa9,0x61,0xb0,0x11,0x20,0x8d,
    0x04,0x20,0x85,0x30,0x12,0xe2,0x2d,0x31,0xa7,0x4a,0xca,0xa4,0x48,0xeb,0xa7,0xb5,0x47,0xc5,0x46,0x36,0x6c,0xf2,0x0b,0x83,0x84,0xd9,0x80,0x98,0x8b,0xe4,0xfb,0x00,0x4d,0x0e,0x20,0x8d,
    0x04,0x20,0x85,0x4d,0x79,0xa7,0x81,0x7a,0x74,0xcc,0xe7,0x34,0x96,0x83,0xb6,0xfd,0x8e,0x67,0x78,0xc4,0xc0,0x9d,0x00,0x59,0xb4,0xb1,0xca,0xd1,0xc3,0xdd,0xaa,0x0f,0xd3,0xd9,0x20,0x8d,
    0x04,0x20,0x85,0x57,0xc3,0xc1,0xce,0x72,0x81,0xb4,0xb8,0xd3,0x44,0xf7,0xc9,0xfc,0xde,0x8d,0x39,0xcd,0xdc,0x05,0xe9,0xb8,0xb1,0xf3,0xe8,0xf2,0x77,0x31,0x7d,0xb2,0x73,0x25,0x20,0x8d,
    0x04,0x20,0x85,0x89,0x89,0xed,0xe6,0xd3,0x02,0xef,0x91,0x60,0xa1,0xb5,0xde,0xa7,0xd5,0x18,0xc8,0x07,0x5b,0xf7,0xe4,0x99,0x10,0xe4,0x85,0x21,0xbf,0x28,0xe9,0x7b,0x3e,0xa7,0x20,0x8d,
    0x04,0x20,0x85,0xcd,0xc3,0xbe,0xae,0xc3,0x26,0x83,0xb3,0x6f,0xad,0x60,0x20,0x61,0xf5,0xba,0x47,0x51,0x03,0x7a,0xe5,0x38,0x56,0xda,0x1a,0x7a,0x4c,0x29,0xb3,0x37,0x5b,0x48,0x20,0x8d,
    0x04,0x20,0x85,0xe3,0x59,0x2f,0x20,0xf0,0x88,0xe4,0x55,0x4c,0xca,0x13,0x96,0x40,0x25,0x8f,0x2b,0x2a,0x35,0xb2,0xaa,0xd1,0xbb,0x15,0x9e,0xee,0xfb,0x2b,0xe0,0x3a,0xba,0x2a,0x20,0x8d,
    0x04,0x20,0x86,0x0b,0xdc,0x55,0x6b,0xbc,0x40,0x6a,0x80,0xea,0x61,0xc2,0x86,0xf0,0x44,0x10,0x92,0x76,0xb0,0xa1,0x7b,0x0f,0x76,0xb7,0x12,0x63,0xd0,0x95,0x08,0x34,0xe2,0x35,0x20,0x8d,
    0x04,0x20,0x86,0x6c,0xa6,0x96,0x8f,0x7a,0x87,0xff,0xa0,0x4e,0xe6,0x15,0x90,0xff,0x7e,0x86,0x7f,0xae,0x6b,0x61,0x4d,0x38,0x59,0xd1,0x2e,0x8e,0x49,0xcf,0x23,0x1f,0xec,0xea,0x20,0x8d,
    0x04,0x20,0x8e,0xb5,0x51,0x99,0xdc,0xf6,0xa6,0x12,0xb1,0x7c,0x80,0xa5,0x56,0xbf,0xe9,0x57,0x60,0xfb,0x4d,0xf8,0xc1,0xbe,0xe0,0x27,0x4e,0x38,0xe1,0x4a,0x4d,0x45,0x20,0x5d,0x20,0x8d,
    0x04,0x20,0x8e,0x89,0xb4,0x38,0x7c,0x81,0xb4,0x8a,0xe8,0x3b,0x05,0x60,0xc7,0x17,0x19,0x8c,0x6a,0xf8,0x48,0xbe,0xe3,0x78,0x38,0xd9,0x51,0x87,0x83,0x15,0x0a,0x72,0xc0,0x45,0x20,0x8d,
    0x04,0x20,0x8f,0x34,0x50,0x4f,0x6d,0x7c,0xb0,0xfb,0xa4,0xff,0xfd,0x2e,0x8f,0x59,0xc3,0xbf,0x00,0x58,0x38,0x2b,0xc4,0xaf,0x04,0xb9,0x2f,0x51,0x9f,0x66,0x9a,0x1f,0x38,0xce,0x20,0x8d,
    0x04,0x20,0x8f,0x53,0xe8,0x96,0xa2,0xfe,0xe8,0x45,0xb6,0xcc,0x84,0x2f,0x83,0xa5,0x19,0xb5,0xca,0x98,0xdd,0x1d,0x91,0x6a,0xfd,0x82,0x2e,0x5f,0x19,0x17,0xc7,0xbf,0x54,0xe5,0x20,0x8d,
    0x04,0x20,0x8f,0xec,0x34,0x10,0x2c,0x32,0x60,0xf5,0x5d,0x44,0x9c,0x6a,0x32,0xbd,0x82,0x8d,0x41,0xe0,0x90,0xae,0xae,0xc9,0x05,0x6d,0xb0,0x5c,0xee,0xe7,0x38,0x60,0x53,0x09,0x20,0x8d,
    0x04,0x20,0x88,0x74,0xe8,0x9c,0xd3,0x4f,0x9a,0xd6,0xb9,0x76,0xe9,0x4f,0x35,0x97,0x0e,0x42,0x03,0x92,0xaf,0x95,0xf9,0x1c,0x5a,0x60,0xb8,0xc9,0x7e,0x26,0xad,0x30,0x12,0xc6,0x20,0x8d,
    0x04,0x20,0x89,0x12,0x65,0x1e,0xd1,0x23,0x4a,0xc6,0xfe,0x27,0x7f,0xec,0x5a,0x7d,0xd4,0x8e,0xd2,0x4c,0x98,0x05,0xf5,0x02,0x8b,0x0f,0x8f,0xfa,0x36,0x12,0x3d,0x3c,0x72,0xbc,0x20,0x8d,
    0x04,0x20,0x89,0x30,0x13,0x9f,0x39,0x1e,0x72,0x4d,0x6d,0xd1,0xd4,0x04,0x61,0x98,0xa4,0x17,0x52,0xcc,0xd7,0x99,0x77,0x83,0xb1,0x2a,0x4b,0x52,0xa7,0x9d,0x4b,0xb1,0x31,0x56,0x20,0x8d,
    0x04,0x20,0x8a,0x4b,0x31,0x6a,0x1f,0xad,0xc1,0xbc,0xf4,0x76,0x0b,0x0f,0x52,0x75,0xa3,0x21,0x3c,0x08,0x91,0x23,0x72,0x13,0x9f,0xa3,0x65,0x46,0x23,0xad,0xa9,0x04,0xb0,0x03,0x20,0x8d,
    0x04,0x20,0x8a,0xdb,0x8b,0xff,0x62,0xc9,0x4c,0x1d,0x0f,0x45,0x50,0xa2,0x17,0x1d,0xed,0xba,0x73,0x78,0x5c,0x0a,0x29,0x47,0xd0,0xc9,0x6a,0xfb,0x18,0x9a,0xe0,0x38,0x4e,0x94,0x20,0x8d,
    0x04,0x20,0x8b,0xe2,0xa3,0x34,0xb3,0xcf,0x98,0xbf,0x5d,0x7e,0xe5,0x46,0x0a,0xd5,0xe7,0xb6,0xe7,0xb1,0xcc,0x20,0xc0,0x74,0xe2,0x02,0xe6,0x27,0xdc,0xed,0x60,0x83,0x4d,0xe9,0x20,0x8d,
    0x04,0x20,0x8c,0xc2,0xbf,0x80,0x02,0x5c,0x0a,0x71,0x34,0x50,0xbf,0x87,0xcb,0x41,0x24,0x40,0x0c,0x3b,0xee,0x1f,0xef,0x87,0x32,0x5c,0xba,0x93,0x5e,0xae,0x0d,0x4b,0xee,0x6f,0x20,0x8d,
    0x04,0x20,0x8c,0xcd,0x4b,0x29,0xc1,0x0c,0x83,0x48,0x69,0xf8,0x56,0x0a,0xf9,0x10,0xca,0xe1,0x7b,0xfe,0xb8,0x8b,0x41,0x7e,0x9d,0x9c,0xd7,0x7e,0x36,0x5c,0x3a,0xad,0x59,0xdc,0x20,0x8d,
    0x04,0x20,0x8d,0x45,0xd7,0xa7,0x15,0x81,0x06,0x2c,0xa4,0x7b,0x75,0x0f,0xc6,0xaf,0xcd,0xe4,0xdd,0xac,0xbd,0x5c,0x6f,0xcd,0x11,0x9d,0x7e,0x7d,0xfd,0x35,0x41,0x29,0xff,0xb7,0x20,0x8d,
    0x04,0x20,0x8d,0x6a,0xc6,0xdc,0x74,0xc9,0xfd,0x14,0xfb,0x38,0x7d,0x9b,0xe1,0x01,0xba,0x30,0x6d,0x9d,0xe5,0xb2,0xfd,0x6c,0x73,0x0c,0x2d,0xe3,0x8e,0x4b,0x13,0x00,0x5d,0xc6,0x20,0x8d,
    0x04,0x20,0x8d,0x73,0xbe,0x8a,0xe9,0x5c,0xcd,0xdf,0x84,0x29,0xe7,0xa5,0x82,0x98,0x1b,0x19,0xa7,0x18,0x8a,0x33,0x92,0xe6,0x38,0xac,0xd0,0xb1,0x83,0x89,0x0a,0xca,0x58,0xdb,0x20,0x8d,
    0x04,0x20,0x8d,0xeb,0xd2,0x4c,0xaf,0xcf,0x62,0xaa,0x78,0xf5,0xbd,0x4b,0xe3,0x0b,0x45,0x09,0x3c,0x69,0x2f,0x4d,0xe5,0x1e,0x0e,0xf2,0x6c,0x6e,0x7c,0x62,0x70,0x30,0x03,0x2a,0x20,0x8d,
    0x04,0x20,0x96,0x98,0xf5,0xc8,0x87,0x2d,0xe6,0x15,0xaf,0x69,0xc2,0x2e,0x72,0xa8,0xfd,0x18,0xe5,0x29,0x8e,0xac,0xf9,0xe5,0xe6,0x7f,0x8a,0x56,0x70,0xf6,0x7e,0xe3,0xb3,0xc5,0x20,0x8d,
    0x04,0x20,0x96,0xc3,0x89,0xed,0x50,0x3f,0x68,0xa6,0x2a,0x55,0x91,0x67,0xe4,0xdc,0xc8,0xbf,0x66,0x6f,0xf3,0xfb,0x00,0xba,0xab,0x55,0xe4,0xee,0xdf,0xe8,0xbb,0x89,0xbc,0x5a,0x20,0x8d,
    0x04,0x20,0x90,0x0c,0xa4,0x14,0x32,0x71,0x1e,0xea,0xf5,0xf0,0xfe,0xb7,0x9b,0x8d,0x39,0xf4,0x20,0x9a,0xca,0xcd,0x1f,0xd2,0xd9,0x5d,0x07,0x94,0xd4,0xd3,0x10,0xab,0x2b,0xbb,0x20,0x8d,
    0x04,0x20,0x91,0x32,0x71,0x93,0x38,0x1a,0x43,0x9a,0x5c,0xc8,0xa5,0x8f,0x38,0x4a,0x40,0xae,0xaa,0x4b,0xa0,0xc8,0x45,0x18,0x9f,0xef,0x3c,0xb5,0xa3,0xd5,0x73,0xd8,0x48,0x95,0x20,0x8d,
    0x04,0x20,0x91,0x41,0x09,0x18,0xbb,0x8b,0xd7,0xfc,0x08,0x14,0x71,0x50,0x2f,0xb0,0x95,0x27,0x2f,0x4f,0xe1,0xa5,0xde,0x03,0x9b,0x43,0xb8,0xab,0xad,0x78,0xd8,0xc8,0xf8,0x97,0x20,0x8d,
    0x04,0x20,0x91,0x81,0x56,0x1c,0xc9,0x24,0x33,0x2d,0xfc,0xb6,0x35,0xa7,0x1d,0x6e,0xad,0x85,0x25,0x19,0xf0,0xf4,0x27,0xbb,0x92,0x19,0x92,0xcf,0x81,0x43,0xaf,0xfd,0x79,0xc2,0x20,0x8d,
    0x04,0x20,0x91,0xa7,0xe7,0x33,0x01,0xd5,0xf1,0x06,0x89,0x26,0xb0,0xb0,0x8d,0x5e,0x3f,0xfd,0xd0,0xc1,0x81,0x7e,0x14,0xe5,0x37,0xfb,0x8c,0x33,0x7a,0x70,0x71,0xb2,0x98,0xab,0x20,0x8d,
    0x04,0x20,0x92,0x21,0x6d,0x16,0x58,0x49,0x9a,0x91,0x04,0x33,0x0a,0x87,0x01,0xb8,0x65,0x46,0xfb,0x2f,0x2e,0x32,0x9e,0x9f,0x66,0xaa,0x1a,0x10,0x9f,0xad,0x22,0x7e,0xf3,0xfe,0x20,0x8d,
    0x04,0x20,0x92,0xec,0xc7,0xab,0x8c,0x0e,0x52,0xab,0x70,0xea,0x1d,0xa2,0x57,0xb2,0xd7,0x1c,0x4f,0x0b,0x4f,0xe2,0x1a,0x28,0x4d,0x1e,0xb0,0xb8,0xdc,0x8f,0x7a,0xee,0x65,0xf0,0x20,0x8d,
    0x04,0x20,0x95,0xd0,0xe6,0xbc,0x01,0x08,0x99,0xaa,0xa0,0x17,0xce,0x91,0xd8,0x65,0xff,0x66,0x53,0xb7,0xbb,0x72,0x6c,0xbb,0xfb,0xa2,0xf3,0xec,0xcd,0x4f,0xf7,0xaa,0xbc,0xac,0x20,0x8d,
    0x04,0x20,0x95,0xd3,0x19,0xdc,0xe7,0x3d,0xb8,0x95,0xe8,0xaa,0x51,0x47,0x9a,0x7e,0x21,0xf6,0x78,0x8c,0x0f,0xef,0x94,0xe8,0xa3,0xe5,0xa3,0x1b,0x1e,0xec,0x6f,0x30,0x9e,0xc3,0x20,0x8d,
    0x04,0x20,0x96,0x6b,0x1a,0x48,0x1b,0x58,0x1a,0x9d,0xa0,0xf1,0x29,0x37,0xd8,0x05,0x54,0xc9,0x85,0xf1,0xd1,0x0b,0xff,0xa8,0xa5,0xad,0xd1,0x0b,0x8c,0xb4,0x1c,0x7a,0xee,0x3d,0x20,0x8d,
    0x04,0x20,0x9e,0xf1,0xef,0x0d,0xc3,0x9c,0x3c,0x1d,0x3e,0x09,0xb0,0x9d,0x43,0xab,0x9b,0x23,0x33,0x1c,0x92,0xaa,0x1f,0x6e,0xb2,0x00,0x60,0x16,0x78,0x71,0xcb,0xc9,0x96,0x89,0x20,0x8d,
    0x04,0x20,0x9e,0xf0,0x94,0xe0,0x8a,0xd7,0xfb,0x96,0x19,0xef,0xf8,0x7d,0xff,0x31,0x5a,0xe5,0xaf,0xf9,0x9f,0x34,0x67,0x49,0xe7,0x29,0xa6,0xb6,0x70,0x8c,0x69,0xb2,0x7c,0xe9,0x20,0x8d,
    0x04,0x20,0x9f,0xe2,0x06,0x22,0x17,0x56,0x5d,0xf8,0xd9,0x49,0x89,0x2e,0xde,0x62,0xcf,0x69,0x90,0x3c,0x7c,0xaa,0x07,0x76,0xa7,0xe8,0xce,0x47,0x99,0x33,0x40,0xd3,0x29,0x9f,0x20,0x8d,
    0x04,0x20,0x9f,0xe4,0x70,0x41,0x1b,0x7d,0x03,0x35,0x73,0x21,0x8e,0x03,0x59,0xf7,0x25,0xbc,0x59,0x3f,0x5a,0x43,0x59,0xb3,0x99,0xe7,0x6a,0x1f,0x0e,0x33,0xf6,0x73,0xfa,0x66,0x20,0x8d,
    0x04,0x20,0x9f,0xed,0x13,0xeb,0x9a,0xee,0xab,0x5a,0xad,0xa7,0x02,0x1f,0x6b,0xaf,0x5b,0x6f,0xe5,0xfb,0xb0,0x1a,0x4f,0xf1,0xa0,0x7b,0x70,0x49,0x6e,0x0e,0x8c,0x21,0x09,0xf1,0x20,0x8d,
    0x04,0x20,0x98,0x0b,0x99,0x16,0x09,0x94,0x9f,0xff,0x45,0xb2,0xb8,0x59,0x51,0x2f,0x3d,0x48,0x40,0x80,0x5a,0xfd,0xfe,0xf2,0x93,0xb9,0x40,0xfb,0x1d,0xed,0x79,0xf5,0x00,0xaf,0x20,0x8d,
    0x04,0x20,0x98,0xf2,0x89,0x37,0x64,0x79,0x01,0x29,0x4b,0x2c,0x7b,0x55,0x14,0xc9,0x0b,0xba,0xdb,0xe4,0x20,0x18,0x44,0x52,0xc7,0x35,0x09,0x9a,0x47,0x93,0xd5,0x3e,0x63,0x33,0x20,0x8d,
    0x04,0x20,0x99,0x3b,0x48,0x01,0x23,0x38,0x8c,0xed,0x32,0x03,0x0e,0xd0,0x25,0xf9,0xcc,0x04,0x10,0x08,0xcd,0x76,0x83,0x6c,0x30,0xcc,0x57,0x3d,0x12,0x91,0x59,0x7f,0x51,0x49,0x20,0x8d,
    0x04,0x20,0x99,0x97,0x04,0xd6,0x99,0xc4,0x80,0x0e,0xb5,0x3d,0xc5,0x6d,0xc7,0x66,0x75,0x53,0x33,0xf6,0x2f,0xd3,0xe4,0xaf,0xe6,0x4f,0x7a,0xb0,0x25,0x52,0xf7,0xa1,0x5e,0x1e,0x20,0x8d,
    0x04,0x20,0x9a,0xff,0xe6,0x17,0xb3,0x89,0x20,0xde,0x42,0xd6,0xd4,0x8f,0xb1,0xe2,0xe4,0x1c,0xf9,0xfa,0x8d,0x32,0x59,0xe9,0xd2,0x1c,0xf2,0xed,0xaa,0x25,0xbd,0x52,0x3b,0x91,0x20,0x8d,
    0x04,0x20,0x9b,0x7a,0xf1,0x17,0x60,0xb2,0xd6,0xa0,0x79,0x70,0x45,0x4f,0xf9,0x88,0xe8,0xf9,0x01,0x24,0xf6,0xbc,0xcf,0x01,0x8b,0x90,0x11,0x68,0x43,0x45,0x84,0xf6,0x5c,0x32,0x20,0x8d,
    0x04,0x20,0x9b,0xb3,0xe4,0xf1,0x18,0x73,0x9c,0x02,0x86,0xeb,0x03,0xed,0xf6,0xa6,0xf9,0xa3,0x44,0xe4,0x26,0x87,0xc5,0x51,0x9a,0x67,0x63,0x7d,0xdb,0xe4,0x93,0xc3,0x6e,0xeb,0x20,0x8d,
    0x04,0x20,0x9e,0x2a,0x10,0xae,0x7c,0x42,0x5b,0xec,0x85,0xb8,0xb9,0x6e,0x7f,0x08,0x2a,0x17,0x9f,0x22,0xb2,0x6b,0xd8,0x53,0x03,0xa1,0x4d,0x68,0x27,0x68,0xaf,0xe7,0xe7,0xf0,0x20,0x8d,
    0x04,0x20,0x9e,0x6e,0x97,0xc2,0x23,0x2d,0x3b,0x04,0xe4,0x0e,0xcc,0x76,0xec,0xa2,0xa1,0x40,0x70,0x4c,0x1d,0x85,0x95,0xe0,0xd8,0x15,0xbc,0x10,0xbb,0x57,0xd3,0x48,0xb7,0x9d,0x20,0x8d,
    0x04,0x20,0xa0,0x72,0x3e,0xe5,0xc8,0x8c,0x0a,0x04,0xdd,0x00,0x4e,0x33,0xa9,0x38,0x37,0x8f,0xe9,0x89,0x94,0x91,0xb2,0x30,0x5e,0xa7,0xf6,0x2a,0x24,0x72,0x2d,0xd6,0x42,0x9b,0x20,0x8d,
    0x04,0x20,0xa0,0xc7,0x6f,0xc5,0x27,0x5b,0x67,0x5a,0x4e,0x9e,0xf3,0xff,0xbe,0x05,0x13,0x60,0x05,0xae,0xbb,0xc8,0xcf,0xe1,0x1c,0x5d,0x72,0xfc,0xc3,0xd6,0x6c,0x88,0x09,0x86,0x20,0x8d,
    0x04,0x20,0xa1,0x2e,0xcc,0xaa,0x00,0x41,0x8e,0x46,0xc6,0x1e,0xe6,0x38,0x34,0xa3,0x42,0xde,0xb9,0x57,0x87,0x93,0xe9,0xc9,0x0f,0x28,0x95,0xba,0x36,0x10,0x22,0x05,0x02,0xa8,0x20,0x8d,
    0x04,0x20,0xa1,0xa7,0xae,0xe7,0x1c,0x2c,0x14,0x2b,0xa0,0xb3,0xe2,0xc6,0x55,0x5d,0x7b,0xbf,0x2c,0x9a,0x3b,0x03,0x28,0x87,0x4f,0xd4,0xb0,0xaa,0xba,0xc7,0xc4,0x17,0x26,0xd6,0x20,0x8d,
    0x04,0x20,0xa1,0xec,0x15,0x35,0x03,0x1f,0x77,0x03,0x6f,0xcc,0x33,0x47,0xef,0x21,0x19,0xf3,0xbd,0xec,0x19,0x10,0xc8,0xaf,0xbd,0x21,0xb5,0xbc,0x38,0x23,0x10,0xf8,0x8c,0x2e,0x20,0x8d,
    0x04,0x20,0xa2,0x2e,0xee,0xcf,0x65,0x36,0x57,0x6d,0x33,0x12,0x4f,0xa9,0xe7,0x63,0x15,0xb5,0xc9,0xf9,0x19,0xf6,0x97,0x1b,0x7b,0xa9,0x70,0x11,0x76,0x09,0xb9,0xba,0xc5,0x4c,0x20,0x8d,
    0x04,0x20,0xa2,0x43,0x65,0x92,0xf6,0xd3,0x94,0x55,0xd9,0x7c,0xa2,0x22,0xa2,0xf5,0x58,0x59,0x2d,0xdb,0xd9,0x17,0x82,0xe9,0x33,0xbd,0x37,0xf6,0x41,0x75,0x47,0x78,0x69,0xad,0x20,0x8d,
    0x04,0x20,0xa2,0x94,0xe7,0x61,0xc5,0x63,0x51,0x05,0x76,0x89,0xc3,0x46,0xa0,0x1e,0x79,0x48,0xce,0x51,0x49,0xa6,0x3a,0x8d,0x25,0xbc,0xf6,0x2c,0x27,0xe2,0x6e,0x27,0xa4,0x81,0x20,0x8d,
    0x04,0x20,0xa3,0x7c,0x0e,0x38,0x30,0x23,0xa2,0xc3,0x97,0x27,0x88,0x81,0x88,0x1d,0xb6,0x66,0xb4,0xa6,0xcf,0x2a,0x5d,0x42,0x32,0xb9,0x0a,0x46,0xac,0xc5,0x58,0xb7,0x72,0xde,0x20,0x8d,
    0x04,0x20,0xa3,0xb8,0x33,0x0e,0x95,0x40,0xba,0xb4,0xeb,0x4a,0x70,0x77,0x0f,0x81,0x33,0xeb,0xb7,0x2c,0x1d,0xd8,0xb7,0x32,0x0c,0x9c,0x96,0xb7,0x30,0x90,0xf1,0x05,0xae,0xeb,0x20,0x8d,
    0x04,0x20,0xa5,0x37,0x09,0x6d,0xd1,0x8e,0x1e,0xf2,0x35,0x43,0x91,0x88,0x87,0xf9,0x34,0x42,0xbe,0x87,0x53,0x6f,0xac,0x70,0x6c,0xaf,0x70,0x36,0xca,0x21,0xe2,0x0b,0x75,0x02,0x20,0x8d,
    0x04,0x20,0xa5,0x43,0xfc,0xb3,0xa1,0xa5,0x08,0x3e,0xa7,0x8c,0x6e,0x8a,0x9b,0x49,0x2c,0x69,0xf1,0x0b,0x3e,0x8b,0x9a,0x06,0x2c,0x96,0xb0,0x87,0x16,0x07,0x49,0xc9,0x3e,0x26,0x20,0x8d,
    0x04,0x20,0xa5,0xb5,0x83,0x23,0x85,0x89,0x33,0x54,0x32,0xec,0x4f,0x75,0x7e,0x0d,0x70,0x6e,0xb6,0x1f,0x66,0x12,0xc7,0x30,0x12,0xb8,0x24,0x92,0x27,0xcb,0x5f,0x6a,0x38,0xff,0x20,0x8d,
    0x04,0x20,0xa5,0x9f,0xa8,0x33,0xf2,0xac,0x9a,0x0c,0x55,0xd3,0x35,0x4a,0xe7,0x54,0x90,0xdc,0x22,0xf5,0xa7,0x61,0x8b,0xf1,0x2f,0x8f,0x2e,0x03,0x04,0x75,0x69,0x26,0x48,0x72,0x20,0x8d,
    0x04,0x20,0xa6,0x39,0x26,0xc2,0x03,0x26,0x64,0xe7,0xe2,0xd1,0xd8,0xe6,0x8e,0x8f,0x9a,0x69,0xca,0xe2,0x29,0xcb,0x2b,0xe1,0x92,0x91,0xe1,0x10,0x77,0xbc,0xc4,0x3c,0x12,0xe7,0x20,0x8d,
    0x04,0x20,0xaf,0x3c,0x3b,0x38,0xfb,0x4a,0x4d,0x6e,0x84,0x31,0xe8,0x4b,0xe3,0xfa,0x9e,0xee,0x67,0xaa,0x94,0x4f,0xe6,0x93,0xd4,0x57,0x11,0x29,0x57,0xe6,0xb0,0x61,0x72,0x71,0x20,0x8d,
    0x04,0x20,0xaf,0x81,0xb3,0x08,0xde,0x18,0x76,0x53,0x98,0xf9,0x56,0x2a,0xb0,0xd8,0x3a,0xa1,0x23,0x25,0x3d,0x06,0x80,0x78,0xc2,0x85,0x72,0x4e,0x3b,0x5d,0xe8,0x97,0x87,0xa8,0x20,0x8d,
    0x04,0x20,0xaf,0xee,0x45,0x40,0xbe,0x24,0xec,0x95,0xef,0xea,0x80,0x31,0x72,0xa8,0xc8,0x52,0xbb,0xc6,0x5d,0x8e,0x8d,0xfe,0x96,0x18,0x49,0x13,0x37,0x25,0x61,0x73,0x38,0x89,0x20,0x8d,
    0x04,0x20,0xa9,0x55,0xb2,0x20,0x89,0xbd,0xca,0x0a,0xe4,0xa7,0xa8,0x03,0xf3,0xf1,0xd3,0xcc,0x16,0x9e,0x07,0xc0,0x3d,0xb9,0xaa,0x00,0xe4,0x3a,0xa1,0x30,0xd6,0x0f,0x2f,0x4f,0x20,0x8d,
    0x04,0x20,0xaa,0x3b,0xfc,0xe5,0x35,0xf9,0x42,0x15,0x44,0x55,0xe6,0xbf,0x44,0x0c,0xc0,0x96,0xcb,0xdb,0x6e,0x92,0x93,0xd1,0x6d,0x82,0x89,0x88,0xa9,0xb3,0x62,0xa1,0x91,0x7b,0x20,0x8d,
    0x04,0x20,0xaa,0x5a,0xeb,0xb0,0x09,0xd3,0x45,0xe8,0x4f,0xb3,0x4f,0xed,0x3d,0xea,0x82,0xbe,0x79,0x30,0x99,0xac,0x5b,0xd7,0x74,0x5d,0xf0,0x66,0xab,0x55,0x75,0xad,0x8f,0x90,0x20,0x8d,
    0x04,0x20,0xab,0x33,0xb6,0x6a,0xbf,0x92,0xaa,0x9f,0xe5,0x93,0x56,0x08,0x6c,0xc0,0xe1,0x43,0x60,0xdd,0x88,0xff,0xf1,0x11,0x00,0x4a,0x9b,0x3d,0x89,0x1b,0x70,0x2f,0x58,0x05,0x20,0x8d,
    0x04,0x20,0xab,0xbd,0x9e,0x6b,0xb8,0x9d,0xa5,0x24,0x88,0x3a,0xd5,0xc6,0xd2,0x48,0x91,0x81,0x12,0x72,0x23,0xf3,0xb8,0x4c,0x48,0x54,0x2d,0x91,0x9c,0x45,0x3a,0xa4,0x47,0xf6,0x20,0x8d,
    0x04,0x20,0xab,0x8f,0x60,0x42,0xde,0xcc,0x72,0x3a,0x1e,0x79,0x6d,0xc8,0xc9,0xf8,0x7f,0x91,0x6f,0x0e,0xa1,0xf8,0x82,0xd6,0xd3,0x58,0x8a,0xfd,0x17,0x0a,0x6e,0x65,0x53,0x56,0x20,0x8d,
    0x04,0x20,0xac,0x22,0x3a,0x14,0xfa,0x59,0xcf,0x3f,0x81,0x06,0xe7,0xe0,0x1c,0xd0,0x6a,0x76,0xaa,0x6c,0xaa,0x6d,0x70,0x58,0xd9,0xea,0x73,0x94,0x5e,0x96,0xe5,0xcc,0xfa,0x0c,0x20,0x8d,
    0x04,0x20,0xac,0x9b,0xb6,0x2a,0xa2,0x34,0x53,0xdd,0x3a,0x46,0x15,0x89,0x8b,0xf7,0xc0,0xfc,0x51,0xbe,0xe8,0x39,0x35,0x17,0x1b,0x59,0x1f,0x41,0x4d,0x92,0x96,0x4d,0x4d,0x6b,0x20,0x8d,
    0x04,0x20,0xad,0x23,0x52,0xcd,0xec,0xa2,0xcd,0x23,0xa5,0xde,0x83,0x9e,0x12,0xa4,0x18,0xb6,0xa6,0x68,0x98,0x47,0x60,0x92,0xc1,0x70,0xfe,0x20,0xf3,0xd7,0x4d,0x5d,0xdc,0x51,0x20,0x8d,
    0x04,0x20,0xad,0x51,0xb5,0xe0,0x8e,0xb1,0x30,0x77,0xdc,0xe2,0xd6,0x10,0xd5,0xa8,0x79,0x2b,0x0b,0xe8,0xbc,0xa5,0x79,0xcc,0x4f,0x2f,0x60,0xff,0x6b,0x51,0xac,0x10,0x1a,0x80,0x20,0x8d,
    0x04,0x20,0xad,0xde,0xf4,0x4c,0xba,0xf0,0x3b,0x5c,0xf6,0xe2,0x8a,0x86,0xda,0xdc,0x4f,0x36,0x46,0x6b,0x82,0x59,0x25,0xa7,0x85,0xfd,0x48,0x5f,0x6f,0x03,0x84,0xaa,0x05,0x0f,0x20,0x8d,
    0x04,0x20,0xae,0x08,0xb9,0x6a,0x68,0x5d,0xcb,0x4d,0xa6,0xa0,0x82,0x3d,0xf2,0x93,0xdc,0x5b,0x45,0xfc,0xd4,0x94,0x41,0x90,0xe8,0x26,0x9b,0x08,0x28,0x62,0xc0,0x74,0x21,0x84,0x20,0x8d,
    0x04,0x20,0xb6,0x8a,0xa7,0x30,0x14,0x22,0x35,0x0b,0xd9,0x68,0xb7,0x04,0x92,0xc6,0xdb,0x39,0x5c,0x74,0xce,0x27,0x5b,0x19,0x24,0x90,0xe4,0x53,0x81,0x6a,0xfe,0x78,0xf9,0x49,0x20,0x8d,
    0x04,0x20,0xb7,0x5a,0x5f,0x56,0xe2,0xe1,0x94,0x48,0x3b,0x03,0x1e,0x72,0x70,0x21,0x28,0x56,0x16,0x6b,0x5a,0xda,0x3a,0xb4,0x7b,0x8a,0xaa,0xe5,0x96,0x5a,0x7b,0x93,0x13,0x2f,0x20,0x8d,
    0x04,0x20,0xb0,0xb2,0x4f,0x88,0xe3,0xb6,0xbe,0x49,0xc9,0xff,0x2e,0x09,0x36,0x89,0x94,0x84,0x5e,0x14,0x6b,0xeb,0x34,0x77,0x36,0x3d,0xfa,0xa9,0xa3,0x70,0x53,0x99,0x8b,0x07,0x20,0x8d,
    0x04,0x20,0xb0,0xc5,0xc9,0x77,0x1a,0x9b,0x8c,0xce,0x69,0x0e,0x7d,0xbc,0x25,0x57,0x6e,0xc3,0xa4,0x3b,0x3f,0x58,0x89,0xdd,0x2b,0xef,0xf9,0xc5,0x67,0x23,0x5f,0xfd,0x7c,0x41,0x20,0x8d,
    0x04,0x20,0xb1,0xe2,0x9a,0x31,0x28,0x5d,0x45,0x59,0xb8,0x31,0x72,0x57,0x6f,0xb7,0x60,0xe7,0x57,0x53,0x26,0xe0,0xaf,0x06,0x15,0x01,0xcb,0x31,0x36,0x3f,0x2e,0x45,0x2a,0xdc,0x20,0x8d,
    0x04,0x20,0xb2,0x42,0x49,0xd0,0x23,0xa2,0xf1,0xf2,0x57,0x24,0x70,0x21,0x5a,0xc3,0xd5,0xad,0xf6,0x03,0x25,0x10,0xb8,0x9f,0x62,0x05,0x16,0x18,0xf5,0x55,0x37,0xe4,0x9f,0xf2,0x20,0x8d,
    0x04,0x20,0xb3,0x6e,0x3a,0x7d,0x7d,0x5b,0x31,0xed,0x77,0xce,0x38,0xb7,0x51,0x12,0x2d,0x56,0x10,0xfe,0x3f,0x8a,0x90,0x73,0x64,0x71,0xaa,0xae,0xa1,0x5a,0xed,0x0c,0x72,0x66,0x20,0x8d,
    0x04,0x20,0xb3,0xdd,0x1e,0xd9,0x1d,0x32,0xdb,0x55,0x96,0x4e,0x77,0xa4,0x91,0x99,0xb8,0xf7,0x83,0x00,0x46,0xe3,0x9b,0xc0,0xed,0x9e,0x80,0xed,0x48,0x8b,0x01,0x23,0x52,0x0b,0x20,0x8d,
    0x04,0x20,0xb4,0x0e,0x5b,0xad,0xf8,0x18,0xd1,0x70,0xfc,0x88,0x8a,0x0c,0x8c,0x52,0x87,0xf5,0x9e,0xab,0xad,0x49,0x07,0xfa,0xd6,0x1f,0x98,0x33,0xba,0xc6,0x9f,0xe2,0x03,0x55,0x20,0x8d,
    0x04,0x20,0xb4,0xfc,0x81,0xfa,0x9c,0x0e,0x93,0xa0,0x40,0x20,0xfe,0x82,0x2e,0x10,0xa7,0x15,0xc6,0xba,0x7f,0xcb,0x04,0x48,0x05,0xa6,0xae,0x64,0x93,0xa5,0x28,0x13,0x7a,0x70,0x20,0x8d,
    0x04,0x20,0xb4,0xde,0x9f,0xfd,0x49,0xaf,0xb1,0x07,0xe4,0x99,0x15,0x06,0x70,0x7c,0x39,0x66,0x03,0xf3,0x63,0x6e,0xf4,0x06,0x13,0x07,0xa7,0x7c,0xb5,0x8b,0x4b,0xdb,0x20,0x30,0x20,0x8d,
    0x04,0x20,0xb4,0xe8,0xb1,0x54,0x15,0x7a,0x1e,0x9c,0xb1,0xf5,0x17,0x0a,0x2b,0x6a,0x81,0x30,0x48,0xe6,0xa0,0x98,0xc5,0x72,0x35,0x2e,0xc0,0xa0,0x6a,0x74,0x56,0x4c,0x24,0x12,0x20,0x8d,
    0x04,0x20,0xb5,0x2c,0x9f,0x30,0x30,0x63,0xe5,0x63,0x81,0x0a,0x73,0x1c,0xf5,0x56,0x7a,0x4d,0x88,0x1c,0x73,0x42,0x6d,0x31,0x81,0x9c,0x0c,0x05,0xd9,0x55,0x5c,0xea,0xea,0x38,0x20,0x8d,
    0x04,0x20,0xb5,0x4a,0xa3,0xfe,0xdf,0x56,0xf6,0x4f,0x49,0x0f,0xcf,0x7b,0xf0,0x0c,0xad,0x44,0x89,0xd3,0xce,0xd5,0x7e,0x21,0x60,0x0d,0x04,0x37,0xcf,0xa0,0x99,0xd1,0xfc,0xdc,0x20,0x8d,
    0x04,0x20,0xb5,0x86,0x92,0x09,0xb5,0x77,0x0f,0x54,0x47,0x67,0xe1,0x10,0x71,0xb8,0xec,0xb1,0xba,0x8d,0xcb,0x82,0x8d,0x8d,0xdb,0xa1,0x40,0xc3,0xb1,0x08,0x69,0x1a,0x2c,0x68,0x20,0x8d,
    0x04,0x20,0xb5,0xc0,0x7e,0x45,0x47,0xb4,0xa6,0x50,0x93,0xc8,0x13,0x09,0x97,0x4a,0x5c,0x13,0x88,0xdb,0xf2,0xbc,0x9a,0xad,0xac,0x59,0xf8,0x95,0xf1,0x33,0xa3,0x45,0xed,0x94,0x20,0x8d,
    0x04,0x20,0xb6,0x09,0xcc,0x98,0x06,0xf5,0x75,0xff,0xd4,0x84,0xf1,0xdc,0x84,0xcf,0xa8,0xf8,0xff,0x71,0x66,0x10,0xa9,0x89,0x70,0x1a,0x4c,0xb9,0x32,0xa3,0x92,0x39,0x72,0xfd,0x20,0x8d,
    0x04,0x20,0xb6,0x7e,0x08,0x37,0x98,0xbf,0xe2,0x46,0x15,0x0c,0x86,0xd8,0xb7,0x72,0xa8,0x1b,0x8f,0x51,0x35,0xd9,0x75,0x70,0xc2,0xda,0xe9,0xdf,0x09,0xbe,0x93,0x7e,0xa0,0x42,0x20,0x8d,
    0x04,0x20,0xb6,0x5f,0xd6,0xc6,0x1b,0x94,0x7f,0x84,0xe1,0xe6,0x91,0x8a,0x0c,0x76,0x10,0x89,0x3c,0xc2,0x2e,0xad,0xb3,0x96,0x47,0x2a,0x3a,0x67,0xdc,0x43,0xff,0x79,0xa4,0x06,0x20,0x8d,
    0x04,0x20,0xbe,0xae,0xde,0xbc,0xe2,0x2e,0x0f,0x19,0x9c,0x80,0xf8,0xfb,0x6d,0x75,0xcc,0x98,0x30,0x09,0x62,0xae,0x31,0x2b,0x38,0x8b,0xa7,0xc0,0x4f,0xce,0x1f,0xca,0x9d,0x4b,0x20,0x8d,
    0x04,0x20,0xbf,0x1f,0x17,0x94,0x31,0x50,0x7e,0x29,0x0a,0xc0,0xcb,0x19,0x2d,0xa7,0x5d,0x8b,0x4f,0xa0,0x38,0xd7,0x8a,0xc0,0xa2,0xe3,0xf0,0xc9,0x35,0x27,0x0b,0xd5,0xb5,0x6f,0x20,0x8d,
    0x04,0x20,0xbf,0x97,0x1c,0x17,0xd5,0x96,0x2d,0xe6,0x76,0x6e,0xd1,0xa1,0x92,0x8c,0x05,0x32,0x04,0x19,0x75,0xb4,0x26,0x59,0xc9,0xa9,0xdf,0xf4,0xff,0x4b,0xc8,0xa6,0xcf,0x07,0x20,0x8d,
    0x04,0x20,0xbf,0xc2,0x03,0x99,0x69,0x95,0xd5,0xd2,0x33,0x48,0xa2,0x36,0x32,0xf2,0xa7,0xa3,0xcb,0x72,0xfc,0x09,0xf4,0x7c,0xd7,0x8c,0x61,0xff,0xda,0x21,0x66,0x61,0x3f,0xb7,0x20,0x8d,
    0x04,0x20,0xbf,0xcd,0x54,0xb9,0x96,0x68,0xcf,0x11,0x38,0xb1,0x5f,0x12,0xa0,0x09,0x76,0xdf,0xcd,0x08,0x29,0x46,0x74,0x8c,0x81,0xe9,0xfb,0xcc,0xaf,0x29,0x9d,0x1d,0x20,0x15,0x20,0x8d,
    0x04,0x20,0xbf,0xe8,0x10,0xae,0x5b,0x90,0xac,0x29,0x76,0x31,0xd6,0x70,0xcb,0xf6,0xc1,0x41,0xaf,0xf8,0xc7,0x9b,0x66,0xf9,0x11,0x77,0xe9,0x16,0xe4,0xa8,0x75,0x6a,0x33,0x4b,0x20,0x8d,
    0x04,0x20,0xb8,0xde,0xa7,0xc9,0x6d,0xac,0xf6,0x86,0x35,0x98,0x70,0x1c,0xb6,0x5e,0xa0,0xe5,0x5c,0xea,0xfc,0xce,0x17,0x9d,0x0e,0xc1,0x98,0x21,0xbe,0xde,0xee,0x6e,0x52,0x38,0x20,0x8d,
    0x04,0x20,0xb9,0x62,0xa3,0x69,0x66,0xa1,0x80,0xd8,0x2b,0xcf,0x53,0xe0,0x32,0x4d,0xeb,0x00,0x51,0x74,0xa0,0x42,0x7c,0x73,0xf9,0xc3,0x64,0x8e,0x04,0x05,0xa9,0x44,0x5a,0x6a,0x20,0x8d,
    0x04,0x20,0xb9,0xae,0x24,0x6d,0xee,0xd3,0x91,0xfa,0x98,0x46,0x3e,0xb8,0xbb,0x1d,0x0a,0x2f,0xe0,0xc8,0x29,0x5e,0x0b,0x8d,0x1a,0x28,0xea,0xf6,0x8f,0x7c,0xfd,0x56,0xf4,0xd8,0x20,0x8d,
    0x04,0x20,0xba,0x01,0x4a,0xa1,0xb0,0xb5,0x92,0xb7,0xb3,0xc9,0x51,0xa7,0x85,0x6e,0x4b,0x29,0x08,0x03,0x12,0x50,0x56,0xc3,0xc5,0x17,0x64,0xfe,0x0b,0xaf,0x13,0x26,0x70,0xa9,0x20,0x8d,
    0x04,0x20,0xba,0x6c,0x05,0x59,0xc8,0x14,0xa8,0x7e,0x2f,0x80,0x25,0x7f,0xde,0x0c,0x92,0x33,0xea,0xba,0xc7,0x55,0x96,0xbf,0xde,0x94,0x96,0x6f,0x4f,0xfe,0x01,0x01,0x9c,0x89,0x20,0x8d,
    0x04,0x20,0xbb,0x24,0x40,0x86,0xd6,0x2d,0xf8,0x00,0xdb,0xd1,0x0d,0xa1,0x67,0xd4,0x05,0xb3,0x0f,0x65,0x72,0xee,0xd1,0x6f,0x34,0x4a,0xbc,0xd4,0x17,0x28,0xe8,0x46,0x57,0xc2,0x20,0x8d,
    0x04,0x20,0xbc,0x8d,0xc4,0xd3,0x22,0x38,0x64,0x0c,0xa6,0x3c,0xd9,0xa0,0xf2,0x12,0x5b,0x7e,0x38,0x87,0x4f,0x68,0x57,0xbf,0x18,0xa2,0xd9,0xbd,0x35,0xec,0x80,0x53,0xb8,0x2a,0x20,0x8d,
    0x04,0x20,0xbc,0xe1,0xb3,0xad,0x77,0xf8,0x7d,0xc0,0x49,0x38,0x26,0x1c,0xd7,0xde,0xc5,0x5f,0xbb,0x10,0x69,0x0a,0x61,0x81,0x66,0xbb,0xac,0x60,0xc7,0xfb,0x78,0x29,0x6e,0xb1,0x20,0x8d,
    0x04,0x20,0xbd,0x7c,0xf8,0xe8,0xc9,0xbc,0xeb,0x49,0x1d,0xfa,0x73,0xd3,0xaf,0xa5,0x01,0x03,0x91,0xde,0x83,0xb8,0x77,0x07,0x22,0x45,0x98,0x18,0xf1,0xd2,0xc0,0xcd,0x41,0x97,0x20,0x8d,
    0x04,0x20,0xbd,0x61,0x3d,0xcb,0x92,0x78,0x23,0x33,0xb9,0x5c,0xa7,0x4f,0xc5,0x02,0xeb,0xf9,0x6b,0xbc,0x25,0xaa,0xbc,0xfc,0xe7,0x89,0x87,0xe0,0x01,0xca,0x70,0x0e,0x40,0x99,0x20,0x8d,
    0x04,0x20,0xbe,0x06,0x91,0x2e,0xdb,0x99,0xde,0x3d,0x3c,0x4e,0x67,0x70,0x84,0xa7,0x7e,0x2f,0xf4,0x73,0x01,0x1b,0xd2,0x46,0x88,0xeb,0x94,0x76,0x4d,0xf3,0x8f,0xd3,0xf2,0xea,0x20,0x8d,
    0x04,0x20,0xc6,0xca,0x29,0x64,0xcc,0xce,0xa1,0xd8,0xe8,0x68,0xbe,0x31,0x0c,0x25,0xe9,0x20,0x30,0x84,0x16,0x8a,0x66,0x16,0x60,0x58,0xcb,0xe6,0x13,0x41,0x0e,0xd6,0x2e,0x12,0x20,0x8d,
    0x04,0x20,0xc7,0x39,0x0c,0x6d,0x42,0xd3,0x97,0x89,0xed,0x0a,0xce,0xa5,0x39,0xbb,0x02,0x12,0x8f,0xed,0xcc,0x71,0x8e,0xe4,0xe3,0xcd,0x66,0x69,0xa5,0x12,0x88,0xf8,0x8c,0xf7,0x20,0x8d,
    0x04,0x20,0xc7,0x9b,0xdd,0x7f,0xf3,0x3d,0x44,0x94,0x45,0xaa,0x44,0xcc,0x26,0x43,0x90,0x4d,0x68,0x8b,0x62,0x41,0xa0,0xce,0x38,0x2e,0xd8,0x5a,0x38,0x2d,0x23,0x34,0x24,0x89,0x20,0x8d,
    0x04,0x20,0xc0,0x32,0x58,0xd0,0x28,0x6b,0x65,0x8d,0x88,0xbc,0xc6,0x94,0x37,0xa6,0x08,0xda,0x06,0xe7,0xb6,0x34,0x97,0x8a,0xb1,0x87,0x38,0xe6,0x5f,0x5f,0xc4,0x19,0xf4,0x7f,0x20,0x8d,
    0x04,0x20,0xc0,0x6d,0x1d,0x59,0xa3,0x5a,0xa0,0x6c,0xec,0x5a,0x16,0x41,0xad,0x56,0x7d,0x1d,0x56,0xf3,0x86,0xf6,0x8f,0xfc,0xa2,0xb9,0x4e,0x47,0x24,0xcb,0x78,0x70,0xaa,0x9a,0x20,0x8d,
    0x04,0x20,0xc0,0xbf,0x35,0xf3,0x45,0x30,0xb5,0xe6,0x65,0x1c,0x57,0xb2,0x28,0x1f,0xc3,0x92,0x60,0xd3,0x62,0x82,0x9b,0xea,0x41,0x5d,0x36,0xb1,0xa6,0xbb,0x24,0xe7,0xe1,0xa3,0x20,0x8d,
    0x04,0x20,0xc1,0x02,0xd9,0x40,0x92,0x00,0x6b,0x11,0x54,0x6a,0x4e,0xae,0x2f,0x54,0x5d,0x01,0x70,0xcb,0x0c,0xbd,0xe0,0x43,0x91,0x2f,0xe8,0xc6,0x03,0x58,0xe5,0x5a,0x08,0x80,0x20,0x8d,
    0x04,0x20,0xc1,0x22,0x5e,0x8f,0x4b,0x2d,0x48,0x87,0x02,0xc0,0x51,0xe3,0xf7,0x0f,0x33,0x75,0x94,0x07,0xf8,0x37,0xea,0x1d,0x88,0x9c,0xef,0x4b,0xa4,0xfc,0x3c,0xc7,0xb1,0xf9,0x20,0x8d,
    0x04,0x20,0xc1,0x40,0x01,0xce,0x07,0x5c,0x96,0x90,0xca,0x1c,0x73,0x67,0x44,0xe8,0xbd,0x73,0x9b,0x52,0x8d,0x87,0xad,0x4e,0x3a,0x6b,0x6d,0xeb,0xe7,0x9b,0xfe,0x34,0xe9,0x94,0x20,0x8d,
    0x04,0x20,0xc1,0x44,0x79,0xd4,0x7b,0xec,0x91,0xa7,0xa8,0xd6,0xb4,0x0e,0xde,0xcb,0xcb,0x6c,0x99,0x54,0xa1,0x6d,0x78,0x90,0x25,0x6d,0x5c,0x9f,0xb6,0xf1,0x84,0x2b,0xe8,0xf3,0x20,0x8d,
    0x04,0x20,0xc1,0xc9,0x56,0x6a,0x8d,0xa1,0x0d,0x79,0x43,0x29,0x18,0x59,0xe5,0x79,0x16,0x0f,0x32,0xe7,0xa6,0x05,0xfd,0x85,0xb2,0xdc,0x54,0x64,0xdf,0x75,0xa2,0x52,0xab,0xfa,0x20,0x8d,
    0x04,0x20,0xc1,0xc9,0x63,0x0a,0x5f,0x33,0x86,0x08,0xae,0xae,0xf8,0x58,0xee,0xa1,0x13,0x9c,0xe3,0x64,0xe8,0x00,0xac,0xf5,0x24,0x9b,0xb2,0x24,0x4f,0x5f,0xba,0x71,0x1c,0xa2,0x20,0x8d,
    0x04,0x20,0xc2,0x0b,0xea,0x05,0x46,0x21,0xa4,0x32,0xeb,0x81,0x75,0xf9,0x14,0x96,0xfa,0x94,0xc6,0xf7,0x15,0x87,0x96,0xa8,0x55,0x20,0x1a,0x7f,0xd8,0x6d,0x1e,0x1e,0xcb,0xbe,0x20,0x8d,
    0x04,0x20,0xc2,0x9a,0x73,0x3f,0x42,0x8f,0xd9,0x3e,0xcb,0xc0,0x56,0x7d,0xd6,0x7e,0xb8,0xb1,0x5b,0xb8,0x74,0xdd,0xed,0x58,0x53,0xb8,0x1b,0x0b,0x48,0xac,0x37,0xfd,0xe0,0x7d,0x20,0x8d,
    0x04,0x20,0xc2,0xd8,0x9a,0x00,0xde,0x8d,0x37,0xac,0x43,0x74,0xae,0x2b,0xdb,0x49,0xeb,0x1e,0xeb,0xc0,0xbe,0x5f,0x11,0x4e,0x79,0xf4,0xb2,0x2c,0xe0,0x8e,0x75,0x33,0xe5,0xf5,0x20,0x8d,
    0x04,0x20,0xc3,0x09,0x94,0xe7,0x11,0x85,0xec,0xf8,0x8b,0x45,0x9b,0xa3,0x6f,0x3d,0xad,0x5a,0xac,0xd6,0x93,0x62,0x2b,0x75,0xe5,0x51,0x63,0xf2,0x02,0x7d,0x49,0x5c,0xb0,0x20,0x20,0x8d,
    0x04,0x20,0xc3,0x46,0x96,0x6f,0xcc,0xbc,0x6a,0xea,0x04,0x4d,0x85,0x88,0x60,0xe3,0x65,0x39,0x5e,0x2c,0x65,0xb1,0xe6,0x6b,0xe6,0x39,0xc1,0xc4,0x5f,0xd4,0x42,0xa2,0x12,0xad,0x20,0x8d,
    0x04,0x20,0xc3,0x9f,0x4c,0x7e,0xdc,0x48,0x86,0xc4,0xe4,0x42,0xb8,0x0f,0x71,0x11,0xe1,0x99,0x00,0x5f,0x22,0x94,0x5e,0x20,0x4d,0xd7,0x13,0x92,0x45,0xdd,0xc2,0x06,0x24,0x3b,0x20,0x8d,
    0x04,0x20,0xc3,0xb1,0x20,0x47,0x66,0x7e,0x3b,0x3c,0x7d,0x1b,0x29,0xe4,0xdd,0x39,0x06,0x0d,0xc6,0xb8,0x21,0xab,0x4f,0x02,0x99,0x97,0xef,0xd3,0x54,0x56,0x1e,0x34,0xc2,0x96,0x20,0x8d,
    0x04,0x20,0xc4,0xf1,0x58,0xbf,0x80,0xb0,0x3c,0x83,0x2e,0xae,0x5f,0xbb,0x51,0x4b,0xb4,0xb5,0x55,0x6e,0x92,0xe9,0xcd,0x7a,0x28,0x1b,0xe3,0xb0,0x42,0x46,0x60,0x7f,0x7c,0xfe,0x20,0x8d,
    0x04,0x20,0xc5,0x76,0xda,0x4b,0x75,0xa1,0xe5,0x95,0x17,0x25,0x7b,0x1a,0x8d,0x0f,0x2a,0xd6,0xa5,0x57,0xae,0x6d,0x55,0x69,0xc2,0x53,0x84,0x4d,0xd9,0x21,0x15,0x93,0xc3,0xc1,0x20,0x8d,
    0x04,0x20,0xc5,0x98,0x3a,0x22,0x19,0x57,0x31,0xe9,0x00,0xf9,0x58,0x4b,0x94,0xd7,0x59,0x0d,0xf0,0xbe,0x17,0xe3,0xc3,0x0f,0x35,0xdb,0x76,0xcf,0xb3,0x21,0x16,0xfa,0xdd,0x65,0x20,0x8d,
    0x04,0x20,0xc6,0x26,0x42,0xea,0x7c,0x0f,0x4b,0xf7,0xc3,0x73,0xfb,0xad,0x6d,0x3d,0xfd,0x93,0x83,0x76,0xda,0x76,0x3d,0x2f,0xac,0xcf,0x36,0x1e,0xb8,0x47,0x33,0xf8,0x44,0xa8,0x20,0x8d,
    0x04,0x20,0xce,0xb6,0xa7,0x36,0xd8,0x04,0x14,0x13,0x4a,0x6e,0xac,0xfd,0xde,0x5b,0x13,0x80,0x39,0xcf,0x35,0x38,0x31,0x00,0x69,0x6c,0xc6,0x85,0xb6,0x4b,0x8c,0x03,0x84,0x76,0x20,0x8d,
    0x04,0x20,0xcf,0x2a,0x67,0x94,0x58,0x35,0x22,0x1a,0xf1,0xa8,0x38,0xf6,0xc2,0x8b,0xff,0x2b,0x52,0x5c,0x98,0x57,0x7b,0x17,0x51,0x95,0xfa,0xec,0x77,0x9b,0xbc,0x3c,0x9e,0xb3,0x20,0x8d,
    0x04,0x20,0xcf,0x6d,0xe0,0x66,0xe8,0x3a,0x74,0xb6,0xd4,0xaf,0xc4,0x4c,0x6f,0x8c,0x0c,0xf8,0x75,0xd9,0xea,0x45,0x85,0x37,0x6b,0xf1,0x9d,0x37,0x72,0x23,0x49,0xfe,0xaf,0x74,0x20,0x8d,
    0x04,0x20,0xcf,0xf5,0xd4,0x03,0x36,0x2c,0x7d,0xce,0xf8,0xc3,0x20,0x8c,0x80,0x3f,0xa4,0xf3,0x6b,0x5a,0x13,0x7a,0xe3,0x22,0x20,0x3a,0x61,0x82,0x92,0x02,0x85,0x8e,0x00,0x3c,0x20,0x8d,
    0x04,0x20,0xc9,0x9d,0x77,0x9b,0xf1,0x23,0x49,0x19,0x4d,0xcb,0x4a,0xec,0xc4,0xcc,0xc7,0xa7,0x96,0xe8,0x5d,0xf9,0x61,0xf1,0x82,0xe8,0x0f,0x24,0x15,0x66,0x38,0x45,0x6f,0x67,0x20,0x8d,
    0x04,0x20,0xc9,0x9f,0x5d,0xc3,0xd8,0xe1,0x3a,0x77,0x18,0xfa,0xe3,0x8b,0x0a,0xf1,0x0b,0x7b,0xac,0x27,0x33,0xb7,0x12,0x1e,0x2d,0x00,0xd8,0x69,0x5e,0x9d,0x30,0x08,0x7f,0x74,0x20,0x8d,
    0x04,0x20,0xca,0x12,0x8b,0xaa,0xc1,0x38,0x38,0xa0,0xd0,0x21,0x58,0xc8,0x94,0x20,0x1b,0x00,0x91,0x01,0x0d,0xde,0x8a,0xf2,0x74,0x91,0x47,0xe1,0xaf,0x3a,0xa5,0x51,0x37,0x43,0x20,0x8d,
    0x04,0x20,0xca,0x6b,0xb8,0xb7,0x17,0x83,0x48,0xab,0xf5,0x5a,0x6b,0xa1,0x0c,0xbe,0xe5,0xd4,0x6c,0x59,0xe8,0xf6,0x38,0xf7,0x28,0xa9,0x0b,0x25,0xb3,0x46,0xe5,0xa8,0xed,0x9e,0x20,0x8d,
    0x04,0x20,0xcb,0x24,0x26,0xae,0xb1,0x83,0x93,0x09,0x8a,0x32,0x2d,0x5e,0xa1,0x02,0xed,0x27,0x2b,0xc2,0x2e,0xd7,0xca,0x96,0xe5,0x33,0xb4,0x56,0xc1,0xac,0xbd,0xb7,0xcd,0x09,0x20,0x8d,
    0x04,0x20,0xcb,0x4b,0xa4,0x41,0x12,0x52,0xb9,0x27,0x7e,0x2e,0x18,0x3e,0xd5,0x8f,0xef,0x35,0x85,0x01,0x1e,0xc2,0xbc,0x50,0xf4,0x39,0x58,0x66,0x85,0xba,0xba,0x7e,0xa0,0xf5,0x20,0x8d,
    0x04,0x20,0xcb,0xde,0xb7,0xb9,0xa1,0x30,0x5a,0x31,0x89,0x6b,0xb8,0x04,0xb0,0x04,0x0c,0x9b,0x25,0x25,0xa7,0x3d,0x0e,0x00,0xd5,0x3b,0x25,0xa5,0x28,0x0e,0xed,0xd5,0xbd,0xd1,0x20,0x8d,
    0x04,0x20,0xcd,0xb7,0x1f,0x95,0x6d,0xcd,0x24,0x0c,0x45,0xe1,0x68,0x22,0xe0,0x25,0x6b,0x6a,0xcf,0xcb,0x6e,0xa9,0xbb,0xaf,0x4c,0x3c,0xab,0xf9,0x4f,0xbf,0x5b,0x94,0x70,0x94,0x20,0x8d,
    0x04,0x20,0xcd,0x81,0x47,0xd1,0x72,0x4a,0xd1,0xc5,0xad,0xe4,0x7c,0x64,0x4b,0xb6,0xfc,0x79,0x33,0x4d,0x80,0x1a,0x1f,0xa7,0x56,0x09,0x60,0x9c,0xd3,0x03,0xb9,0x1a,0x20,0x58,0x20,0x8d,
    0x04,0x20,0xce,0x6d,0x67,0x28,0x9b,0xee,0x0e,0x83,0xa9,0xc9,0x62,0x21,0xf8,0x76,0xbf,0x64,0x1a,0x44,0xd7,0xf4,0xb5,0x19,0x2a,0x4e,0xd3,0xd6,0x83,0xa9,0x8a,0x7e,0xd4,0xa1,0x20,0x8d,
};

inline constexpr uint8_t chainparams_seed_signet[]{
    0x06,0x10,0xfc,0x10,0xef,0xa7,0x0c,0xa6,0x15,0x48,0x0f,0x8c,0x6b,0xb9,0x1c,0xc4,0x63,0xae,0x95,0xbd,
    0x06,0x10,0xfc,0x1f,0x22,0xc3,0x95,0xdc,0xa3,0xaf,0x4a,0x93,0x82,0x51,0xbe,0xb9,0x18,0x58,0x95,0xbd,
    0x06,0x10,0xfc,0xcb,0x02,0x48,0x11,0xa6,0x10,0x42,0x0b,0xca,0x12,0x18,0xf7,0xce,0x7d,0x3d,0x95,0xbd,
    0x05,0x20,0xe3,0x4e,0x79,0xac,0x2d,0x19,0x6d,0x83,0x79,0xf8,0x00,0x3b,0xbd,0x42,0xa0,0xad,0x57,0x4b,0x6b,0xec,0x83,0x3f,0x76,0x74,0xc3,0xdd,0xa5,0x06,0x5f,0x57,0x31,0x9d,0x00,0x00,
    0x05,0x20,0xf3,0x0a,0x06,0xbb,0x7d,0x7c,0x97,0x53,0xaf,0xd7,0xfa,0x03,0xae,0xeb,0x01,0x6f,0xce,0xe5,0x42,0x79,0x61,0x4b,0x7c,0xda,0x66,0xb2,0xd5,0x67,0xa8,0x9b,0x12,0x36,0x00,0x00,
    0x05,0x20,0x66,0x20,0x78,0x4a,0x2b,0xe8,0x87,0x00,0xa2,0x8d,0x7b,0xdd,0x84,0x57,0x3e,0x9b,0x0c,0x84,0xc4,0x9c,0x76,0x38,0x65,0xe6,0xc6,0x9e,0xf2,0x9d,0x18,0x65,0xf4,0x50,0x00,0x00,
    0x05,0x20,0x6b,0x18,0xec,0x4d,0x8c,0x15,0xa1,0xc0,0x09,0x6c,0x9c,0x6e,0xad,0x82,0x4a,0x8d,0x7e,0xc3,0x63,0xcb,0xd7,0xe9,0x6f,0x7d,0xd9,0xae,0x1c,0xbb,0x08,0x1a,0x1c,0x7c,0x00,0x00,
    0x05,0x20,0x83,0x7f,0x4b,0x23,0xcd,0xbf,0xa7,0x40,0x2a,0xf5,0xc9,0xd2,0xd4,0x92,0x97,0xb3,0xc5,0x0f,0x58,0x55,0xe0,0xd0,0x41,0x46,0xbe,0xdd,0x0c,0x04,0x37,0x53,0x1b,0x9e,0x00,0x00,
    0x05,0x20,0x89,0x0c,0xbd,0x3b,0x7b,0xb9,0x94,0x76,0xd2,0x9d,0xc5,0xa3,0xf9,0xdb,0xfa,0x1a,0x1d,0xcf,0x27,0xd3,0xc2,0xf3,0xfc,0xbc,0x6b,0xf3,0xca,0x08,0x49,0x53,0x0b,0x88,0x00,0x00,
    0x05,0x20,0x8a,0x8b,0xd5,0xd0,0xd7,0x80,0xd3,0x1b,0xd4,0x1a,0x6f,0x6c,0xbe,0x6d,0xca,0xbc,0x60,0xc6,0x79,0xf1,0x59,0x7e,0x08,0x89,0x1c,0x09,0x8d,0xc6,0x0f,0xbd,0x73,0xb4,0x00,0x00,
    0x01,0x04,0x05,0x4e,0x9e,0x12,0x95,0xbd,
    0x01,0x04,0x05,0xc7,0xa4,0xaf,0x95,0xbd,
    0x01,0x04,0x05,0xc7,0xaa,0x0f,0x95,0xbd,
    0x01,0x04,0x0d,0x8c,0x85,0xd0,0x95,0xbd,
    0x01,0x04,0x12,0xb3,0x10,0x06,0x95,0xbd,
    0x01,0x04,0x17,0x5f,0xb6,0x56,0x95,0xbd,
    0x01,0x04,0x1f,0x23,0xe0,0x21,0x95,0xbd,
    0x01,0x04,0x1f,0xde,0xe3,0x7b,0x95,0xbd,
    0x01,0x04,0x22,0x1d,0xdb,0xd3,0x95,0xbd,
    0x01,0x04,0x22,0x87,0xbd,0x65,0x95,0xbd,
    0x01,0x04,0x23,0xd9,0x0d,0x76,0x95,0xbd,
    0x01,0x04,0x2b,0xcf,0x9d,0x47,0x95,0xbd,
    0x01,0x04,0x2d,0x98,0x33,0xac,0x95,0xbd,
    0x01,0x04,0x32,0x15,0xa7,0xa7,0x95,0xbd,
    0x01,0x04,0x32,0x27,0xf5,0xe4,0x95,0xbd,
    0x01,0x04,0x32,0x27,0xf5,0xe5,0x95,0xbd,
    0x01,0x04,0x33,0x26,0x1a,0x46,0x95,0xbd,
    0x01,0x04,0x36,0xd8,0xb5,0x49,0x95,0xbd,
    0x01,0x04,0x42,0x5b,0x70,0xc7,0x95,0xbd,
    0x01,0x04,0x45,0x02,0x2a,0x73,0x95,0xbd,
    0x01,0x04,0x49,0x0a,0x25,0x77,0x95,0xbd,
    0x01,0x04,0x4e,0x7e,0xd4,0x28,0x95,0xbd,
    0x01,0x04,0x52,0x41,0xf2,0x7d,0x95,0xbd,
    0x01,0x04,0x52,0x43,0x3f,0x5f,0x95,0xbd,
    0x01,0x04,0x53,0xcc,0xa9,0x9f,0x95,0xbd,
    0x01,0x04,0x56,0xd0,0x74,0x90,0x95,0xbd,
    0x01,0x04,0x57,0xc5,0x7c,0xc5,0x95,0xbd,
    0x01,0x04,0x57,0xc5,0x94,0xaf,0x95,0xbd,
    0x01,0x04,0x59,0x75,0x34,0x49,0x95,0xbd,
    0x01,0x04,0x5a,0x92,0x73,0xc4,0x95,0xbd,
    0x01,0x04,0x5c,0xf0,0x42,0xb9,0x95,0xbd,
    0x01,0x04,0x5f,0x12,0x4f,0x9a,0x95,0xbd,
    0x01,0x04,0x5f,0x8d,0x23,0x75,0x95,0xbd,
    0x01,0x04,0x5f,0xb3,0xfd,0x37,0x95,0xbd,
    0x01,0x04,0x61,0x55,0x12,0x36,0x95,0xbd,
    0x01,0x04,0x63,0xe9,0x11,0x2a,0x95,0xbd,
    0x01,0x04,0x67,0xf4,0x73,0xc3,0x95,0xbd,
    0x01,0x04,0x6c,0x18,0xd4,0x7c,0x95,0xbd,
    0x01,0x04,0x6c,0x30,0x27,0xf4,0x95,0xbd,
    0x01,0x04,0x6d,0xa0,0x7a,0x38,0x95,0xbd,
    0x01,0x04,0x73,0xa5,0xb4,0xf2,0x95,0xbd,
    0x01,0x04,0x86,0x77,0xc2,0xa9,0x95,0xbd,
    0x01,0x04,0x86,0x77,0xd6,0x06,0x95,0xbd,
    0x01,0x04,0x87,0xb4,0x28,0xf6,0x95,0xbd,
    0x01,0x04,0x87,0xb4,0x63,0x4a,0x95,0xbd,
    0x01,0x04,0x88,0x90,0xed,0xfa,0x95,0xbd,
    0x01,0x04,0x8b,0x3b,0x97,0x7d,0x95,0xbd,
    0x01,0x04,0x8d,0x62,0xd9,0x58,0x95,0xbd,
    0x01,0x04,0x8e,0xa0,0xda,0xd0,0x95,0xbd,
    0x01,0x04,0x90,0x18,0xee,0x9d,0x95,0xbd,
    0x01,0x04,0x90,0x18,0xf1,0xce,0x95,0xbd,
    0x01,0x04,0x94,0x33,0xc4,0x28,0x95,0xbd,
    0x01,0x04,0x98,0x35,0x97,0x94,0x95,0xbd,
    0x01,0x04,0x99,0x7e,0x8f,0xc9,0x95,0xbd,
    0x01,0x04,0xaa,0x4b,0xa0,0x38,0x95,0xbd,
    0x01,0x04,0xac,0xe9,0x14,0xbc,0x95,0xbd,
    0x01,0x04,0xad,0xc9,0x27,0x82,0x95,0xbd,
    0x01,0x04,0xad,0xc9,0x27,0x87,0x95,0xbd,
    0x01,0x04,0xad,0xd5,0x59,0x08,0x95,0xbd,
    0x01,0x04,0xaf,0x6e,0x72,0x4a,0x95,0xbd,
    0x01,0x04,0xb0,0x09,0x1d,0x33,0x95,0xbd,
    0x01,0x04,0xb4,0xbd,0x37,0x0f,0x95,0xbd,
    0x01,0x04,0xb9,0xd1,0xb2,0x1b,0x95,0xbd,
    0x01,0x04,0xb9,0xd1,0xb2,0xa5,0x95,0xbd,
    0x01,0x04,0xbc,0x22,0xa5,0xb5,0x95,0xbd,
    0x01,0x04,0xbc,0x7f,0xaf,0x0c,0x95,0xbd,
    0x01,0x04,0xc2,0x22,0xee,0x36,0x95,0xbd,
    0x01,0x04,0xc3,0xc0,0xd5,0xf1,0x95,0xbd,
    0x01,0x04,0xc6,0xce,0xcc,0x32,0x95,0xbd,
    0x01,0x04,0xc6,0xf4,0xa7,0xcf,0x95,0xbd,
    0x01,0x04,0xcc,0x10,0xf6,0x15,0x95,0xbd,
    0x01,0x04,0xce,0xa8,0xbe,0x93,0x95,0xbd,
    0x01,0x04,0xce,0xc6,0xd2,0xe3,0x95,0xbd,
    0x01,0x04,0xd0,0x44,0x04,0x32,0x95,0xbd,
    0x01,0x04,0xd1,0x61,0x93,0x05,0x95,0xbd,
    0x02,0x10,0x20,0x01,0x41,0xd0,0x03,0x47,0x0e,0x00,0x00,0x00,0x00,0x00,0x00,0x00,0x00,0x00,0x95,0xbd,
    0x02,0x10,0x20,0x01,0x41,0xd0,0x08,0x00,0x33,0x0f,0x00,0x00,0x00,0x00,0x00,0x00,0x00,0x00,0x95,0xbd,
    0x02,0x10,0x20,0x01,0x41,0xd0,0x08,0x00,0x3a,0xcf,0x00,0x00,0x00,0x00,0x00,0x00,0x00,0x00,0x95,0xbd,
    0x02,0x10,0x20,0x01,0x05,0xa8,0x41,0x64,0x7a,0x00,0x00,0x00,0x00,0x00,0x00,0x00,0x01,0xf8,0x95,0xbd,
    0x02,0x10,0x20,0x01,0x05,0xa8,0x41,0x64,0x7a,0x00,0xbe,0x60,0xb5,0xaa,0x22,0xf0,0xd1,0xcb,0x95,0xbd,
    0x02,0x10,0x20,0x01,0x0d,0x08,0x23,0x24,0x70,0x7b,0xcc,0x33,0xee,0x85,0xd1,0xcf,0xfc,0x40,0x95,0xbd,
    0x02,0x10,0x20,0x01,0x0f,0x40,0x09,0x50,0xa5,0xc9,0x10,0xc9,0x36,0x3e,0x54,0x81,0xb0,0x53,0x95,0xbd,
    0x02,0x10,0x20,0x01,0x0f,0x40,0x09,0x50,0xa5,0xc9,0x5d,0x60,0xcc,0x6a,0xb1,0x14,0x61,0x27,0x95,0xbd,
    0x02,0x10,0x20,0x01,0x0f,0x40,0x09,0x50,0xa5,0xc9,0x7c,0x66,0xd8,0x5a,0x5f,0xa1,0xc9,0x1d,0x95,0xbd,
    0x02,0x10,0x20,0x01,0x0f,0x40,0x09,0x50,0xa5,0xc9,0x85,0x75,0xac,0x09,0xcd,0x31,0x8f,0x50,0x95,0xbd,
    0x02,0x10,0x20,0x01,0x0f,0x40,0x09,0x50,0xa5,0xc9,0x0c,0x55,0x05,0x1b,0x18,0x34,0x0f,0x3a,0x95,0xbd,
    0x02,0x10,0x20,0x01,0x0f,0x40,0x09,0x50,0xa5,0xc9,0xe8,0xba,0xb2,0x05,0x12,0xf8,0x68,0x54,0x95,0xbd,
    0x02,0x10,0x24,0x00,0x1a,0x00,0x4b,0x4c,0x7b,0x5e,0x00,0x00,0x00,0x00,0x00,0x00,0x00,0x0a,0x95,0xbd,
    0x02,0x10,0x24,0x01,0x25,0x00,0x01,0x02,0x30,0x07,0x01,0x53,0x01,0x26,0x01,0x43,0x02,0x01,0x95,0xbd,
    0x02,0x10,0x24,0x02,0x1f,0x00,0x80,0x09,0x45,0x00,0x00,0x00,0x00,0x00,0x00,0x00,0x00,0x00,0x95,0xbd,
    0x02,0x10,0x24,0x06,0xf3,0x80,0x00,0x01,0x10,0xef,0xbe,0x24,0x11,0xff,0xfe,0x52,0x1c,0x64,0x95,0xbd,
    0x02,0x10,0x24,0x08,0x82,0x5c,0x4e,0x20,0xf9,0x8f,0x6c,0xaf,0x10,0x1c,0xc1,0x51,0x11,0x8a,0x95,0xbd,
    0x02,0x10,0x24,0x08,0x82,0x5c,0x4e,0x20,0xf9,0x8f,0x79,0x46,0x2c,0xf5,0x2f,0x5a,0x20,0x99,0x95,0xbd,
    0x02,0x10,0x24,0x08,0x82,0x5c,0x4e,0x20,0xf9,0x8f,0x91,0xde,0x44,0x16,0x07,0x7a,0x47,0xe5,0x95,0xbd,
    0x02,0x10,0x24,0x08,0x82,0x5c,0x4e,0x20,0xf9,0x8f,0xb9,0xff,0xfb,0x77,0x56,0x55,0x53,0x6b,0x95,0xbd,
    0x02,0x10,0x24,0x08,0x82,0x5c,0x4e,0x22,0xf9,0x70,0x39,0x76,0x46,0x8a,0x7a,0x8e,0x5c,0x01,0x95,0xbd,
    0x02,0x10,0x24,0x08,0x82,0x5c,0x4e,0x22,0xf9,0x70,0xd9,0x20,0xf3,0xf4,0x7d,0x27,0x8e,0xbd,0x95,0xbd,
    0x02,0x10,0x24,0x08,0x82,0x5c,0x4e,0x22,0xf9,0x70,0x0e,0xe7,0x8b,0xf5,0xd6,0x2a,0xb9,0x3f,0x95,0xbd,
    0x02,0x10,0x24,0x08,0x82,0x5c,0x4e,0x23,0x06,0x58,0x21,0xc4,0xd2,0x8f,0x3c,0xe4,0xfe,0xc9,0x95,0xbd,
    0x02,0x10,0x24,0x08,0x82,0x5c,0x4e,0x23,0x06,0x58,0x49,0x73,0xdb,0xa6,0x48,0x19,0x16,0x4a,0x95,0xbd,
    0x02,0x10,0x24,0x08,0x82,0x5c,0x4e,0x23,0x06,0x58,0xd5,0x33,0x4f,0x26,0x9d,0x8e,0x82,0x71,0x95,0xbd,
    0x02,0x10,0x24,0x0e,0x03,0x8c,0x8a,0x9a,0x4b,0x00,0x1c,0xe8,0x3d,0xc6,0xc5,0xd2,0xca,0x58,0x95,0xbd,
    0x02,0x10,0x24,0x0e,0x03,0x8c,0x8a,0x9a,0x4b,0x00,0x45,0x28,0x1f,0xab,0x07,0x86,0x28,0xb4,0x95,0xbd,
    0x02,0x10,0x24,0x0e,0x03,0x8c,0x8a,0x9a,0x4b,0x00,0x05,0x87,0xeb,0x91,0x01,0x6f,0x4e,0x38,0x95,0xbd,
    0x02,0x10,0x26,0x00,0x3c,0x0d,0x00,0x00,0x00,0x00,0xf0,0x3c,0x95,0xff,0xfe,0x3a,0x74,0x22,0x95,0xbd,
    0x02,0x10,0x26,0x02,0xf4,0x80,0x00,0xac,0xc0,0x10,0x00,0x00,0x00,0x00,0x00,0x00,0x00,0x50,0x95,0xbd,
    0x02,0x10,0x26,0x02,0xf4,0x80,0x00,0xac,0xc0,0x10,0x00,0x00,0x00,0x00,0x00,0x00,0x00,0x71,0x95,0xbd,
    0x02,0x10,0x26,0x02,0xf4,0x80,0x00,0xac,0xc0,0x10,0x00,0x00,0x00,0x00,0x00,0x00,0x00,0x77,0x95,0xbd,
    0x02,0x10,0x26,0x04,0xa8,0x80,0x08,0x00,0x00,0x14,0x00,0x00,0x00,0x00,0x38,0x80,0x30,0x00,0x95,0xbd,
    0x02,0x10,0x26,0x05,0x33,0x80,0x42,0x2e,0x00,0x01,0x00,0x00,0x00,0x00,0x00,0x00,0x00,0x50,0x95,0xbd,
    0x02,0x10,0x26,0x05,0xa6,0x01,0x9d,0xa0,0x70,0x00,0x65,0x46,0x5b,0x15,0x3f,0x07,0x71,0xb6,0x95,0xbd,
    0x02,0x10,0x26,0x05,0xa6,0x01,0x9d,0xa0,0x70,0x00,0x00,0x00,0x00,0x00,0x00,0x00,0x00,0x02,0x95,0xbd,
    0x02,0x10,0x26,0x05,0xa6,0x01,0x9d,0xa0,0x70,0x00,0xc9,0x6c,0xfd,0x34,0xf1,0x78,0x82,0x11,0x95,0xbd,
    0x02,0x10,0x28,0x04,0x41,0x7c,0x8a,0xda,0xe4,0x00,0xa6,0x63,0xa1,0xff,0xfe,0x1d,0xee,0xf3,0x95,0xbd,
    0x02,0x10,0x2a,0x00,0x11,0xc0,0x00,0x47,0x1c,0x1c,0x00,0x00,0x00,0x00,0x00,0x00,0x00,0x00,0x95,0xbd,
    0x02,0x10,0x2a,0x01,0x04,0xf8,0x01,0x21,0x40,0x72,0x00,0x00,0x00,0x00,0x00,0x00,0x00,0x02,0x95,0xbd,
    0x02,0x10,0x2a,0x01,0x04,0xf8,0x01,0x50,0x31,0x0c,0x00,0x00,0x00,0x00,0x00,0x00,0x00,0x02,0x95,0xbd,
    0x02,0x10,0x2a,0x01,0x04,0xf8,0x01,0x90,0x72,0xa4,0x00,0x00,0x00,0x00,0x00,0x00,0x00,0x02,0x95,0xbd,
    0x02,0x10,0x2a,0x01,0x04,0xf8,0x02,0x31,0x3d,0x6f,0x00,0x00,0x00,0x00,0x00,0x00,0x00,0x02,0x95,0xbd,
    0x02,0x10,0x2a,0x01,0x04,0xf8,0x02,0x42,0x42,0x46,0x00,0x00,0x00,0x00,0x00,0x00,0x00,0x02,0x95,0xbd,
    0x02,0x10,0x2a,0x01,0x04,0xf8,0x0c,0x17,0xbf,0xf8,0x00,0x00,0x00,0x00,0x00,0x00,0x00,0x01,0x95,0xbd,
    0x02,0x10,0x2a,0x01,0x04,0xf9,0x30,0x90,0x18,0x9c,0x00,0x00,0x00,0x00,0x00,0x00,0x00,0x02,0x95,0xbd,
    0x02,0x10,0x2a,0x01,0x04,0xf9,0x30,0x90,0x18,0x9d,0x00,0x00,0x00,0x00,0x00,0x00,0x00,0x02,0x95,0xbd,
    0x02,0x10,0x2a,0x01,0x04,0xf9,0x31,0x00,0x2c,0x19,0x00,0x00,0x00,0x00,0x00,0x00,0x00,0x02,0x95,0xbd,
    0x02,0x10,0x2a,0x01,0x04,0xf9,0x31,0x00,0x36,0x56,0x00,0x00,0x00,0x00,0x00,0x00,0x00,0x02,0x95,0xbd,
    0x02,0x10,0x2a,0x01,0x04,0xff,0x01,0xf0,0x71,0xeb,0x00,0x00,0x00,0x00,0x00,0x00,0x00,0x01,0x95,0xbd,
    0x02,0x10,0x2a,0x01,0x07,0xa7,0x00,0x02,0x40,0xac,0xbe,0x24,0x11,0xff,0xfe,0xa5,0x02,0xf4,0x95,0xbd,
    0x02,0x10,0x2a,0x01,0x07,0xc8,0xd0,0x08,0x00,0xe9,0x00,0x00,0x00,0x00,0x00,0x00,0x00,0x03,0x95,0xbd,
    0x02,0x10,0x2a,0x01,0x0e,0x0a,0x08,0xde,0x55,0xe0,0x60,0x12,0xa0,0x7c,0x6c,0x6a,0x86,0x45,0x95,0xbd,
    0x02,0x10,0x2a,0x02,0x16,0xa8,0x00,0xdc,0x05,0x01,0x3c,0xf6,0xd5,0xff,0xfe,0xc4,0xd3,0xff,0x95,0xbd,
    0x02,0x10,0x2a,0x02,0x29,0xe0,0x00,0x01,0x04,0x20,0x00,0x00,0x00,0x00,0x00,0x00,0x00,0x64,0x95,0xbd,
    0x02,0x10,0x2a,0x02,0xc2,0x06,0x30,0x10,0x40,0x13,0x00,0x00,0x00,0x00,0x00,0x00,0x00,0x01,0x95,0xbd,
    0x04,0x20,0xd5,0x20,0x3e,0xbc,0x20,0xbb,0x75,0xe7,0x7c,0xab,0xfb,0x61,0x36,0x69,0x47,0x24,0xe0,0xe1,0x22,0x4b,0x7b,0xef,0x3b,0xc5,0xf0,0x37,0x7b,0x69,0x84,0x50,0x1c,0x4b,0x95,0xbd,
    0x04,0x20,0xd6,0x05,0x8a,0x68,0x01,0x06,0xef,0x28,0x26,0x3b,0xe8,0x49,0x07,0xba,0x2f,0xe9,0x7d,0xc6,0xce,0x12,0xd4,0x81,0x4d,0x01,0x8d,0xee,0x67,0x0e,0x27,0xb0,0xff,0x80,0x95,0xbd,
    0x04,0x20,0xdc,0x08,0x41,0xbf,0x26,0x12,0x2b,0xee,0xcc,0x78,0xd4,0xe4,0x36,0x26,0xf2,0xb1,0xf0,0x47,0xf0,0x09,0xf7,0x53,0x30,0xbb,0x2d,0x2f,0x5a,0xdb,0x0b,0x0e,0xd2,0xc2,0x95,0xbd,
    0x04,0x20,0xdd,0xeb,0x46,0x75,0xad,0xa8,0x84,0x7a,0x96,0xf6,0x58,0x45,0xa4,0x4f,0xed,0x09,0x6e,0x76,0x2f,0xce,0xac,0xff,0x72,0x1d,0x36,0xd3,0xdd,0x32,0x31,0xea,0xd3,0x99,0x95,0xbd,
    0x04,0x20,0xe6,0xda,0xaf,0xd9,0xee,0x49,0x17,0xcf,0x95,0x82,0xd2,0x17,0xc9,0x51,0xb6,0x53,0xd3,0xc1,0xea,0x47,0xec,0x5e,0x41,0x39,0xab,0xc3,0x1e,0xba,0xd0,0xbf,0x65,0xaa,0x95,0xbd,
    0x04,0x20,0xe7,0x30,0x98,0x89,0xab,0xb8,0xa8,0x5a,0xbe,0xdf,0x4c,0xc3,0xf8,0xe8,0xb6,0x38,0xb9,0x2f,0x37,0x16,0xe3,0xa6,0x96,0x76,0x0c,0x45,0xec,0x6b,0x7b,0x4a,0x75,0x8f,0x95,0xbd,
    0x04,0x20,0xe7,0xc0,0x78,0x07,0xb4,0xa6,0xee,0xb3,0xe8,0xb0,0xd7,0x43,0xc6,0x23,0x61,0x71,0x55,0x40,0x1e,0x3f,0x2d,0x0e,0x23,0x89,0x34,0x9f,0x12,0xfe,0xaa,0x0d,0x8f,0x73,0x95,0xbd,
    0x04,0x20,0xe2,0x42,0x46,0x84,0x43,0x59,0x5c,0x80,0x50,0x18,0xcf,0x02,0x37,0x96,0x84,0x70,0x5d,0xb5,0x2c,0x29,0x9b,0x06,0xa0,0xb6,0xce,0x4c,0x34,0x0b,0x1c,0xeb,0xff,0x1a,0x95,0xbd,
    0x04,0x20,0xee,0x10,0x68,0xd8,0x8c,0x76,0xac,0x02,0xba,0xc1,0x54,0x33,0xb3,0x53,0xac,0xa4,0xe1,0xbf,0x8f,0xd4,0x87,0x8c,0x1b,0xa3,0x9a,0x7e,0x68,0xca,0x61,0xa7,0x1b,0xc9,0x95,0xbd,
    0x04,0x20,0xf1,0x71,0xce,0xd6,0xf9,0x30,0xbd,0x24,0x10,0x51,0xf9,0x1b,0xc5,0x79,0xc5,0x9f,0x15,0xc4,0x5f,0x9f,0x4d,0x55,0x78,0x63,0x2e,0x78,0x17,0x9b,0x61,0xe7,0x80,0xb6,0x95,0xbd,
    0x04,0x20,0xff,0x68,0x28,0x2a,0x90,0x68,0xc9,0x54,0x82,0x09,0x6e,0x0a,0x6c,0x1f,0x23,0x29,0x84,0xd5,0x36,0x3e,0x52,0x37,0x25,0x55,0x50,0x4a,0xee,0xd8,0x88,0xb0,0x17,0xad,0x95,0xbd,
    0x04,0x20,0x07,0xd9,0x52,0x03,0xb7,0x33,0xd4,0xd9,0x40,0x08,0x2e,0x2a,0x59,0x4c,0x6d,0xd5,0x26,0x9a,0xbc,0xfd,0xf7,0x11,0xe9,0xa3,0x6d,0x08,0xe3,0xa1,0x2a,0x41,0xc7,0x52,0x95,0xbd,
    0x04,0x20,0x00,0xf8,0x69,0x2f,0x9f,0xe8,0x97,0x1a,0xaf,0x84,0x7b,0x30,0x6b,0xd5,0x3e,0xd8,0xde,0x27,0xbc,0x43,0x87,0x28,0xc3,0x82,0x72,0x77,0x93,0xb5,0x38,0x9b,0x37,0xb0,0x95,0xbd,
    0x04,0x20,0x0e,0xe4,0x18,0x1d,0x32,0x9c,0x37,0xc0,0x13,0xeb,0x94,0x6d,0xb9,0x60,0xf7,0x12,0x47,0x4d,0x4a,0x54,0x2e,0xcb,0xb5,0x54,0x2d,0xc4,0x6a,0x17,0xfc,0x55,0xa5,0x1c,0x95,0xbd,
    0x04,0x20,0x0d,0xc5,0xca,0x04,0x87,0x4c,0xed,0xc3,0xaf,0xf8,0x2e,0x7c,0x48,0x8d,0xca,0xee,0x74,0x7f,0xfa,0x5f,0x2f,0xd2,0xbb,0xe8,0x0c,0x9e,0x6e,0x85,0xe8,0xb7,0xb8,0x99,0x95,0xbd,
    0x04,0x20,0x0d,0xc5,0x35,0x19,0x6c,0xec,0x31,0x3d,0x50,0x27,0xa7,0x12,0x4d,0xf5,0x11,0xad,0x44,0xd4,0xc5,0x38,0x1a,0xf4,0xff,0x62,0xc5,0x22,0xdd,0xf2,0xb5,0x36,0xd1,0x2e,0x95,0xbd,
    0x04,0x20,0x12,0x83,0x43,0x24,0x19,0x4e,0x90,0xe9,0xba,0x57,0x01,0xfe,0xe1,0x86,0xe5,0x76,0x6e,0x8a,0xd1,0x5e,0xcd,0x3a,0xd7,0x97,0x68,0xb1,0x5e,0x7a,0xb8,0xfd,0x0c,0x46,0x95,0xbd,
    0x04,0x20,0x13,0x7a,0xa9,0xe4,0x45,0xaf,0x98,0x6c,0x97,0xd1,0x33,0x64,0x27,0x69,0x47,0x5f,0x78,0x41,0xd0,0xdb,0x3a,0xac,0xa3,0x33,0x22,0x3b,0x14,0xa6,0xae,0x70,0x9e,0x1a,0x95,0xbd,
    0x04,0x20,0x1e,0xbf,0x3a,0x8d,0x88,0xf5,0x92,0x95,0x94,0xa9,0xc1,0xd9,0xd6,0x38,0xd6,0x95,0xb7,0xcd,0xed,0x37,0x50,0x11,0x63,0xcd,0x1b,0xd1,0x00,0x6a,0xad,0x23,0xcc,0x88,0x95,0xbd,
    0x04,0x20,0x1b,0xb8,0x53,0x8d,0xee,0x2e,0xdf,0x90,0x59,0xf6,0xe9,0x91,0x2c,0x88,0x60,0x4b,0xfd,0xde,0x55,0x7d,0x91,0x30,0xf5,0x48,0x40,0xe2,0x5c,0xa6,0x44,0x9d,0x85,0xb2,0x95,0xbd,
    0x04,0x20,0x1b,0xf2,0xba,0xa7,0xea,0x60,0x50,0x53,0x86,0x73,0x29,0x3f,0x5b,0x2f,0xc5,0x33,0xf1,0xd7,0x4b,0xda,0x42,0x32,0xd2,0x2f,0xc4,0x70,0xa4,0x00,0x46,0x52,0xa0,0xe6,0x95,0xbd,
    0x04,0x20,0x27,0xae,0x7a,0xce,0x33,0xd3,0xde,0x92,0xdc,0x4a,0x0a,0x1b,0x4f,0x83,0x89,0xbb,0x31,0xfa,0x49,0x2d,0xaa,0x6f,0xe9,0x4f,0x42,0x43,0xd9,0x55,0xb5,0xa7,0xb9,0xbe,0x95,0xbd,
    0x04,0x20,0x20,0x00,0xa3,0x92,0x80,0xef,0xb3,0x5b,0x23,0x34,0x40,0xfb,0xe2,0xf6,0x23,0xcb,0xc4,0x38,0x95,0x89,0x39,0x46,0x62,0x5f,0x05,0xe4,0x54,0x33,0xab,0x86,0x80,0x2d,0x95,0xbd,
    0x04,0x20,0x20,0xaf,0xac,0xee,0xfc,0x6d,0x83,0x94,0x9f,0xc3,0x3f,0xab,0x81,0x09,0x69,0x51,0xdb,0x7c,0x03,0x4e,0xd3,0xb5,0x3c,0xed,0xf9,0xa9,0x27,0x72,0xa5,0x2c,0xa2,0x6e,0x95,0xbd,
    0x04,0x20,0x22,0x4c,0x44,0x31,0x38,0x7c,0x8b,0x44,0x25,0xf7,0xce,0x3b,0x77,0xd9,0x8c,0x4b,0x15,0x1e,0x23,0x36,0xc9,0x3c,0xe1,0xf5,0xf6,0xff,0x05,0x24,0x99,0x65,0x5a,0x03,0x95,0xbd,
    0x04,0x20,0x25,0x49,0x26,0xd0,0x13,0xba,0xc3,0x64,0x6e,0x4e,0x16,0xc7,0x0f,0x90,0x37,0x33,0xe4,0xdf,0x01,0xeb,0xa3,0x66,0xd2,0x72,0x4c,0x5b,0x68,0x47,0x8c,0x20,0xbe,0xf9,0x95,0xbd,
    0x04,0x20,0x2b,0xbe,0x22,0x2a,0xd9,0x1e,0xd0,0x1c,0x3a,0xf4,0x77,0x76,0xc2,0xc1,0xd7,0x29,0x4c,0x50,0x51,0xe6,0xee,0x07,0x70,0xaf,0x71,0x71,0x6b,0x6b,0xcf,0x21,0xa9,0xb1,0x95,0xbd,
    0x04,0x20,0x2c,0x31,0x99,0xfe,0xc8,0x51,0x7c,0x6f,0x62,0xf4,0xf2,0x35,0x80,0x47,0x6b,0x54,0x2e,0x12,0xf8,0xb4,0xd8,0xb6,0xf4,0xb4,0x26,0xd3,0x90,0x19,0xf7,0xf4,0x91,0x59,0x95,0xbd,
    0x04,0x20,0x36,0xea,0x23,0x7d,0x97,0x28,0x2c,0x57,0xc5,0xf1,0x3a,0xb2,0xc2,0x07,0xf2,0x8d,0xd3,0x2b,0xda,0x35,0x3b,0x5d,0x98,0x92,0x8c,0x68,0x7f,0xf2,0xbd,0x15,0xf3,0xab,0x95,0xbd,
    0x04,0x20,0x30,0xf8,0x6c,0x39,0x4f,0x13,0x5b,0x08,0x38,0x6a,0x59,0xd7,0x34,0xa1,0x82,0x89,0xce,0xc8,0x27,0xee,0x9d,0x97,0x98,0xb9,0x76,0xff,0x80,0x03,0x71,0x64,0x84,0xb0,0x95,0xbd,
    0x04,0x20,0x33,0x78,0x0d,0x6a,0xe5,0x93,0x96,0xad,0xc4,0x13,0x02,0xbe,0x03,0xb4,0x2b,0x8b,0x2a,0x8a,0x41,0xa4,0x4a,0x83,0xde,0xe8,0x74,0x91,0x62,0x02,0xe4,0xaa,0xcf,0xbe,0x95,0xbd,
    0x04,0x20,0x38,0x21,0x1e,0x2d,0x1c,0xaf,0x28,0x7e,0x57,0x78,0xf7,0x9c,0x0f,0x65,0xcd,0x19,0x4b,0x2d,0x6b,0x5f,0xfb,0x38,0x5c,0x7a,0xb8,0xba,0x0f,0x02,0x9a,0x72,0xec,0xaf,0x95,0xbd,
    0x04,0x20,0x3e,0x67,0x8b,0xff,0xc8,0x06,0x78,0x7d,0x91,0x80,0xab,0x32,0x1a,0x23,0x30,0x29,0xb7,0x0d,0xfc,0x87,0x2d,0xa3,0xa5,0x6c,0x05,0x00,0xe6,0x26,0x08,0x8f,0x4c,0xae,0x95,0xbd,
    0x04,0x20,0x43,0x18,0x3b,0x40,0xb8,0xce,0x8e,0x71,0x32,0xec,0xc6,0x1f,0x29,0xe7,0xf2,0xc4,0x34,0x2c,0x18,0x0a,0x5c,0x79,0xb6,0x41,0x2c,0x81,0x0a,0xd6,0x4c,0x58,0xa4,0x9f,0x95,0xbd,
    0x04,0x20,0x48,0x0f,0x3a,0x72,0xa4,0x83,0x6a,0x95,0x8e,0x61,0xc5,0xd2,0x84,0x04,0x71,0x5c,0xe0,0x84,0x20,0xc7,0x05,0x00,0x8f,0x9d,0x95,0x53,0x6d,0x73,0xbe,0x72,0x0f,0x2e,0x95,0xbd,
    0x04,0x20,0x49,0x9b,0xfe,0x8f,0x1d,0xd3,0xb4,0xb9,0xf6,0xd1,0xec,0x14,0x5e,0x67,0x42,0x37,0xcd,0x47,0xe7,0x89,0x17,0x33,0xd0,0x67,0xbb,0x94,0x4f,0x7b,0xe2,0xaa,0x43,0xe1,0x95,0xbd,
    0x04,0x20,0x4d,0xbc,0x3f,0xc5,0x6a,0x16,0x75,0xdd,0x17,0xd6,0xaf,0x84,0x88,0xe7,0x31,0x53,0x73,0x4a,0x7e,0xf6,0xbb,0x72,0x88,0x80,0x3c,0x17,0x6f,0xfb,0x17,0x2b,0xd5,0x33,0x95,0xbd,
    0x04,0x20,0x57,0x07,0xe3,0xf0,0x98,0x24,0x12,0xdd,0xf4,0x3b,0xbf,0x3c,0x5e,0x4b,0x66,0xd9,0x30,0xa6,0xf0,0x2c,0x97,0x74,0xf0,0x5e,0x97,0x23,0x55,0x12,0x79,0xac,0x39,0x6b,0x95,0xbd,
    0x04,0x20,0x52,0x96,0x5c,0xe5,0xc3,0x6a,0xd0,0xd1,0x6e,0x6e,0x5c,0xdb,0xf1,0xac,0xb3,0xe5,0x72,0x92,0xe8,0x4a,0x60,0xed,0xa6,0xec,0x6d,0xe2,0xef,0xb7,0xe6,0xdd,0x1a,0x35,0x95,0xbd,
    0x04,0x20,0x53,0xc8,0xef,0x4c,0x5a,0x32,0x2f,0xe0,0xde,0x7a,0x0d,0x45,0x2a,0x33,0x46,0xee,0x7a,0x82,0x9a,0x35,0x9f,0xb8,0x70,0x4d,0x77,0xcc,0xdc,0x6c,0x0f,0x0e,0xe4,0xd3,0x95,0xbd,
    0x04,0x20,0x54,0xb7,0xa1,0x72,0xa8,0x95,0xf8,0x2a,0xbc,0x35,0xd0,0xd1,0x66,0x2f,0xd1,0x11,0x9c,0xac,0x27,0x56,0x95,0x5f,0x7c,0xa6,0x0d,0x3a,0x76,0x38,0x45,0xa4,0xa1,0x99,0x95,0xbd,
    0x04,0x20,0x58,0x4b,0x9b,0xb1,0x4e,0x37,0x5b,0x3a,0x89,0x8e,0xfb,0x45,0x27,0xff,0x04,0xf6,0x9c,0xdb,0xbe,0x25,0xd8,0x39,0xa3,0x8f,0x37,0x52,0x6d,0xc4,0x36,0x8b,0x46,0x47,0x95,0xbd,
    0x04,0x20,0x5a,0x27,0x03,0x11,0x90,0x63,0xc9,0x2a,0x78,0xc8,0xd0,0xa6,0x3e,0x50,0x31,0x7d,0xc6,0xde,0x30,0x4c,0xd4,0xfc,0xff,0xdc,0xea,0x2d,0xda,0xa5,0x7d,0x79,0x78,0xef,0x95,0xbd,
    0x04,0x20,0x5a,0x8c,0xd0,0x15,0xc0,0xeb,0x4a,0x3d,0xf1,0xf9,0xc5,0xdf,0x9e,0x99,0xac,0x7d,0x94,0x11,0xab,0xa0,0xe9,0xfc,0x7f,0x9d,0x5b,0x8c,0xbb,0xb9,0x38,0xfe,0x6a,0x83,0x95,0xbd,
    0x04,0x20,0x5d,0x91,0x03,0x1d,0x6c,0x5a,0x72,0xb0,0x46,0xcd,0xe1,0xac,0x38,0xd6,0x4a,0x1e,0xda,0x80,0xce,0xde,0xdb,0xba,0xe5,0x7e,0x86,0xbf,0x1b,0x6a,0x54,0xff,0x0f,0x35,0x95,0xbd,
    0x04,0x20,0x5d,0xd0,0x41,0xeb,0x9c,0xfc,0x82,0xc6,0xb9,0x1e,0xe5,0xc3,0x11,0xcc,0x44,0x50,0xcb,0x86,0x91,0xce,0xdd,0xc3,0xb6,0x7a,0xb2,0x12,0x79,0xdd,0x3a,0x35,0x1a,0x34,0x95,0xbd,
    0x04,0x20,0x6f,0xa6,0x5e,0x8c,0xb9,0xd7,0x51,0xc7,0xbe,0x22,0xc9,0x2a,0x35,0x61,0xdd,0x0a,0x9e,0x62,0x83,0x77,0x41,0x88,0xd6,0xfa,0x4a,0x7a,0x61,0x0c,0x34,0x37,0x7d,0xf2,0x95,0xbd,
    0x04,0x20,0x69,0xde,0xde,0xa5,0xb9,0x5f,0xb9,0x6a,0x1d,0x44,0xd6,0x82,0xbd,0x82,0xa6,0x67,0xd6,0x8c,0x09,0x7a,0x3e,0x8b,0x03,0xf4,0x1d,0x9a,0x66,0x44,0x93,0x3e,0xa3,0xf2,0x95,0xbd,
    0x04,0x20,0x76,0x8b,0x46,0x53,0x9b,0xa1,0x95,0xeb,0x83,0x0e,0xd3,0x6a,0x01,0xb7,0xee,0x3c,0x17,0x73,0x82,0x20,0x54,0xf8,0x55,0xc0,0xfb,0x3a,0x4d,0x71,0x86,0xd9,0x8d,0x90,0x95,0xbd,
    0x04,0x20,0x71,0x28,0x76,0x85,0xd3,0xc7,0xdc,0x0a,0x46,0x4f,0x67,0x06,0xe1,0x8d,0x80,0x67,0x86,0x5e,0x39,0x0c,0x17,0x62,0xde,0xe9,0x6c,0xec,0xe3,0x4d,0x2e,0x57,0x2b,0x6b,0x95,0xbd,
    0x04,0x20,0x73,0xad,0x00,0xab,0x7e,0x37,0xfc,0x29,0x6f,0xf2,0x57,0xd9,0x82,0xba,0x1e,0xd1,0x3e,0xbc,0x73,0x44,0x98,0x8b,0x43,0x39,0x7b,0x7f,0xce,0x0b,0x78,0x96,0xc3,0x7b,0x95,0xbd,
    0x04,0x20,0x74,0x5d,0xff,0x82,0x44,0xd5,0x9f,0xa9,0xfd,0xf9,0x21,0x93,0x50,0x46,0xd2,0x1e,0xc6,0x37,0xc0,0x71,0xd1,0xb3,0xd2,0x5c,0x79,0x5b,0x7e,0x52,0xd9,0xa4,0xd3,0x7e,0x95,0xbd,
    0x04,0x20,0x7b,0x12,0xcf,0x73,0x8f,0xca,0x9f,0xa5,0x1e,0xc8,0xbe,0x11,0x2d,0x0b,0xec,0x69,0x43,0x32,0x6f,0x61,0x6b,0x2d,0x71,0xdf,0xab,0x57,0xa7,0xe7,0x5a,0xb3,0x60,0x1e,0x95,0xbd,
    0x04,0x20,0x80,0x52,0x76,0x8d,0x5e,0xca,0x5f,0x9b,0x94,0x93,0x03,0x60,0x9a,0x0f,0x74,0xf2,0x91,0x49,0x3d,0xa9,0x28,0x1e,0x86,0xdb,0x51,0xe8,0x9d,0x4f,0x3b,0xa0,0x27,0x59,0x95,0xbd,
    0x04,0x20,0x86,0x4b,0xda,0xb3,0x44,0xbb,0xad,0x15,0xa3,0xaa,0x95,0x1d,0x68,0x9e,0x47,0x9b,0x48,0x5e,0x6c,0x97,0x3c,0xce,0x0f,0xfa,0x03,0xbe,0x77,0xdf,0x9c,0x70,0x2c,0x3d,0x95,0xbd,
    0x04,0x20,0x8f,0x31,0xd7,0xc3,0x15,0x1e,0x61,0xb0,0xe4,0xda,0x2c,0x29,0xcf,0x41,0x7c,0x06,0xf4,0x50,0x0d,0x45,0x9d,0x88,0x99,0xdf,0x22,0x51,0x30,0xe3,0x8f,0xf6,0xac,0x1a,0x95,0xbd,
    0x04,0x20,0x8a,0x9e,0xdf,0x49,0xf0,0xd7,0x5e,0x64,0xeb,0x95,0x77,0xce,0x87,0xad,0xa0,0x2a,0x09,0x5e,0x53,0x17,0x29,0xf6,0x80,0x3f,0x25,0x84,0x20,0x9f,0x15,0xe8,0xcf,0x87,0x95,0xbd,
    0x04,0x20,0x99,0x2b,0xf1,0x0e,0xca,0x06,0xc1,0x5f,0x11,0x53,0xc0,0xe4,0x92,0xbd,0xc5,0x60,0x80,0xcd,0xc7,0xd0,0x15,0xbf,0x2b,0x85,0xea,0x71,0xc4,0xa4,0xd5,0x07,0x9e,0x5f,0x95,0xbd,
    0x04,0x20,0x9c,0xa1,0xf1,0x2c,0xa5,0x09,0x49,0xed,0xfb,0x25,0x96,0x70,0xc3,0x92,0x06,0xc7,0xa7,0x8c,0x86,0x49,0x71,0x80,0x3d,0x40,0x93,0xfc,0x08,0x84,0xd0,0x1d,0x17,0x77,0x95,0xbd,
    0x04,0x20,0xa2,0xcd,0x70,0x0f,0x6c,0x6d,0xce,0x34,0xf2,0xe2,0x02,0x4a,0x02,0xb0,0x3f,0x60,0xa7,0xc7,0x7e,0xc5,0xcd,0xbd,0xe2,0xa8,0x1a,0xcc,0x4a,0xb8,0x21,0x0e,0xa6,0xcc,0x95,0xbd,
    0x04,0x20,0xaf,0xc0,0x94,0x91,0x11,0x9c,0xd4,0x16,0xcf,0x7a,0xb3,0xf1,0xb1,0x7a,0xdb,0x23,0x2c,0xd2,0xc7,0x65,0x52,0xc1,0xf3,0xbe,0xe2,0x2b,0x95,0x1d,0xe2,0x43,0xda,0xa1,0x95,0xbd,
    0x04,0x20,0xb7,0xc7,0xc8,0xd9,0x33,0xea,0x0c,0xec,0xa3,0xb5,0xfe,0x74,0xcd,0xa1,0xba,0xb3,0x37,0x99,0x17,0x4b,0x3c,0x91,0x98,0x41,0xc7,0x56,0x22,0xe5,0x04,0x28,0x27,0x49,0x95,0xbd,
    0x04,0x20,0xb1,0x2a,0xca,0x25,0x7a,0x7f,0x98,0x25,0x0a,0xc0,0xbb,0x59,0x3a,0x4a,0xc4,0x8b,0xa5,0xf0,0xd3,0x61,0xb9,0x74,0x6d,0xaf,0x34,0x9b,0x4a,0x35,0x25,0x7d,0x35,0x83,0x95,0xbd,
    0x04,0x20,0xb5,0x21,0xb7,0xf7,0xf1,0x0d,0xed,0xd4,0x7b,0x58,0x7d,0xea,0xe0,0x2d,0x5a,0x70,0x58,0xfd,0xc9,0x1a,0xcc,0x22,0x1c,0x0a,0x8e,0xec,0xa5,0x25,0x1b,0x93,0x41,0x23,0x95,0xbd,
    0x04,0x20,0xb5,0xb8,0x9c,0x09,0xcc,0x4d,0x9a,0x5f,0xa6,0x71,0x8c,0x5a,0x62,0x00,0xee,0x54,0x14,0x25,0xef,0x48,0xa1,0x58,0x9c,0xd6,0xaa,0xd7,0xf5,0x2a,0xa0,0x80,0xa8,0x02,0x95,0xbd,
    0x04,0x20,0xb8,0x68,0xba,0xaf,0x41,0x0f,0x2d,0x56,0xac,0x05,0x64,0x36,0x9d,0x97,0x31,0x49,0xe4,0xc6,0x97,0x3f,0xa0,0x71,0x55,0xfb,0x18,0xdc,0xb0,0x41,0x90,0x7c,0x9c,0x11,0x95,0xbd,
    0x04,0x20,0xbb,0x38,0xab,0xae,0x8e,0x1b,0x08,0xe5,0xb0,0x14,0x33,0x01,0x76,0x92,0xed,0x21,0x62,0x6d,0xd6,0x57,0x6c,0x1d,0xa2,0x66,0x9f,0x8c,0x18,0x31,0x4f,0xe8,0xfd,0xc9,0x95,0xbd,
    0x04,0x20,0xc6,0xbd,0xb6,0xcc,0x2b,0xa7,0xc9,0x6e,0x83,0xd4,0x4d,0xb4,0xa0,0xc1,0x80,0xe9,0x6b,0xe2,0xab,0x92,0xdf,0x0f,0x01,0x79,0x5a,0x8e,0xc8,0xb3,0x9d,0x41,0xfe,0xc2,0x95,0xbd,
    0x04,0x20,0xc2,0x4e,0x03,0x61,0x3e,0xed,0xc5,0x7a,0x78,0x3d,0xc2,0xa7,0x4f,0x36,0x6a,0xb4,0xb0,0x3e,0xc4,0xe9,0x5c,0x64,0x1f,0xc8,0x97,0x87,0x57,0x91,0x1c,0x13,0x1c,0x18,0x95,0xbd,
    0x04,0x20,0xc2,0x89,0x88,0xaf,0xc1,0x40,0xe2,0x52,0x5c,0x29,0x40,0x87,0x93,0x36,0xfe,0x59,0xfa,0x42,0xd8,0xe4,0xe4,0x93,0xd4,0x35,0xe6,0x45,0x0b,0x60,0x74,0x43,0x3a,0x5e,0x95,0xbd,
    0x04,0x20,0xc3,0xd1,0xe8,0x19,0xac,0x00,0x45,0x05,0xb1,0x25,0x50,0x9b,0x0c,0xbd,0x23,0x4a,0x0f,0x66,0x10,0x37,0x50,0xf7,0xa9,0xa6,0xd3,0xf3,0x22,0x73,0x33,0x52,0x9c,0x4a,0x95,0xbd,
    0x04,0x20,0xc9,0x95,0x5a,0xf7,0x9a,0x27,0x09,0x6a,0xa2,0x24,0x65,0xb7,0x07,0xf0,0x28,0xee,0x8b,0xa9,0x5e,0x7c,0x37,0x19,0x14,0xc4,0x36,0x73,0x42,0xd2,0x87,0xae,0xa2,0x47,0x95,0xbd,
};

inline constexpr uint8_t chainparams_seed_test[]{
    0x06,0x10,0xfc,0x10,0xef,0xa7,0x0c,0xa6,0x15,0x48,0x0f,0x8c,0x6b,0xb9,0x1c,0xc4,0x63,0xae,0x47,0x9d,
    0x06,0x10,0xfc,0x1f,0x22,0xc3,0x95,0xdc,0xa3,0xaf,0x4a,0x93,0x82,0x51,0xbe,0xb9,0x18,0x58,0x47,0x9d,
    0x06,0x10,0xfc,0x2b,0xf6,0x2e,0x6a,0x76,0xcd,0xb5,0xdc,0xeb,0x2f,0xdd,0xa0,0xf8,0x3d,0x88,0x47,0x9d,
    0x06,0x10,0xfc,0xcb,0x02,0x48,0x11,0xa6,0x10,0x42,0x0b,0xca,0x12,0x18,0xf7,0xce,0x7d,0x3d,0x47,0x9d,
    0x05,0x20,0x40,0x81,0xae,0x55,0xb2,0x9d,0xd0,0xff,0x99,0x51,0xd8,0xbc,0x35,0xb2,0x06,0xb7,0x1c,0xf6,0x16,0x35,0xae,0xc6,0xf7,0xa4,0x72,0xf8,0x37,0x41,0x8e,0x91,0x7b,0x2e,0x00,0x00,
    0x05,0x20,0x77,0x93,0xb0,0xef,0x61,0xae,0xbd,0x59,0x9d,0xd0,0xca,0x71,0xb3,0xfc,0x1b,0x84,0xa9,0x00,0xcc,0x24,0xdd,0x16,0x04,0xb1,0x39,0x92,0xf9,0xba,0x82,0x18,0x41,0x31,0x00,0x00,
    0x05,0x20,0x9b,0xa8,0x97,0x8c,0x1d,0x14,0xa6,0x34,0xb3,0x7d,0x46,0x55,0xda,0xb0,0xcb,0x6f,0x3c,0x06,0x39,0xc7,0xcf,0x2a,0xe7,0x6b,0x1d,0x5e,0x96,0xc8,0x12,0x65,0x26,0x41,0x00,0x00,
    0x05,0x20,0xb9,0x85,0x34,0xf2,0x44,0x76,0xdc,0x59,0x4d,0x18,0x63,0xb0,0x4a,0x66,0x1f,0xe0,0x6a,0x31,0xc4,0x31,0xf2,0x66,0x80,0x78,0x91,0x70,0xd6,0x5e,0xd4,0x1b,0x16,0x7a,0x00,0x00,
    0x05,0x20,0xbe,0x3d,0x89,0xa6,0xe4,0x5f,0x55,0x4e,0x34,0x10,0xa3,0x13,0xc2,0xf8,0xed,0xe0,0x0d,0x1c,0x9f,0x76,0xe7,0x0d,0x01,0x4b,0xd7,0x52,0xb3,0x66,0x76,0x5b,0x48,0xcd,0x00,0x00,
    0x05,0x20,0xca,0x97,0x3f,0x9d,0xa2,0x1c,0x57,0xa3,0xd1,0xe5,0xb3,0x56,0x19,0xee,0x00,0x06,0x0e,0x90,0x61,0x27,0xad,0xaa,0x9d,0x33,0x65,0x72,0xb7,0x9d,0xfa,0x6b,0x6d,0xcf,0x00,0x00,
    0x01,0x04,0x03,0xfd,0xa3,0x0e,0x47,0x9d,
    0x01,0x04,0x12,0xb9,0x02,0x19,0x47,0x9d,
    0x01,0x04,0x14,0x40,0xed,0xde,0x47,0x9d,
    0x01,0x04,0x17,0xe3,0xdf,0xd1,0x47,0x9d,
    0x01,0x04,0x18,0x90,0x5e,0x03,0x47,0x9d,
    0x01,0x04,0x18,0xa0,0x63,0x09,0x47,0x9d,
    0x01,0x04,0x33,0x4b,0x93,0x52,0x47,0x9d,
    0x01,0x04,0x36,0xae,0x89,0x2f,0x47,0x9d,
    0x01,0x04,0x42,0x2d,0xe6,0xb2,0x47,0x9d,
    0x01,0x04,0x46,0x5d,0xe9,0xff,0x47,0x9d,
    0x01,0x04,0x4d,0xa3,0xdd,0xab,0x47,0x9d,
    0x01,0x04,0x50,0x5a,0x23,0xa5,0x47,0x9d,
    0x01,0x04,0x50,0x5a,0x38,0xd3,0x47,0x9d,
    0x01,0x04,0x50,0xfd,0x5e,0xfc,0x47,0x9d,
    0x01,0x04,0x52,0xb5,0x91,0x44,0x47,0x9d,
    0x01,0x04,0x55,0xa6,0x98,0x7e,0x47,0x9d,
    0x01,0x04,0x55,0xa6,0x98,0x80,0x47,0x9d,
    0x01,0x04,0x56,0x68,0xe4,0x28,0x47,0x9d,
    0x01,0x04,0x59,0x3a,0x09,0xdb,0x47,0x9d,
    0x01,0x04,0x59,0xa9,0x80,0x70,0x47,0x9d,
    0x01,0x04,0x5b,0x5c,0xc7,0xc1,0x47,0x9d,
    0x01,0x04,0x5b,0x5c,0xc7,0xc2,0x47,0x9d,
    0x01,0x04,0x5b,0x7b,0xb6,0xa4,0x47,0x9d,
    0x01,0x04,0x5b,0x9f,0x10,0xb2,0x47,0x9d,
    0x01,0x04,0x5c,0x73,0x63,0x9f,0x47,0x9d,
    0x01,0x04,0x5f,0x8d,0x23,0x75,0x47,0x9d,
    0x01,0x04,0x5f,0xd5,0x8f,0x5b,0x47,0x9d,
    0x01,0x04,0x5f,0xd9,0x77,0x25,0x47,0x9d,
    0x01,0x04,0x65,0x2f,0x4c,0x6f,0x47,0x9d,
    0x01,0x04,0x68,0x9b,0xe2,0x18,0x47,0x9d,
    0x01,0x04,0x6d,0xec,0x39,0x22,0x47,0x9d,
    0x01,0x04,0x72,0x77,0xbc,0xb0,0x47,0x9d,
    0x01,0x04,0x81,0xe2,0xc6,0xd3,0x47,0x9d,
    0x01,0x04,0x84,0x91,0x81,0x3c,0x47,0x9d,
    0x01,0x04,0x87,0xb4,0x63,0x4a,0x47,0x9d,
    0x01,0x04,0x89,0xb8,0xe1,0xc4,0x47,0x9d,
    0x01,0x04,0x8a,0xc9,0x1e,0xf2,0x47,0x9d,
    0x01,0x04,0x8d,0x5f,0x03,0x4c,0x47,0x9d,
    0x01,0x04,0x8d,0x62,0xdb,0xc6,0x47,0x9d,
    0x01,0x04,0x94,0x33,0xc4,0x28,0x47,0x9d,
    0x01,0x04,0x9c,0x9b,0x30,0x63,0x47,0x9d,
    0x01,0x04,0x9e,0x65,0x68,0xdb,0x47,0x9d,
    0x01,0x04,0x9e,0xa0,0xff,0x52,0x47,0x9d,
    0x01,0x04,0xa3,0xac,0x2f,0xf0,0x47,0x9d,
    0x01,0x04,0xa9,0x9b,0xab,0xfc,0x47,0x9d,
    0x01,0x04,0xac,0x60,0x09,0x05,0x47,0x9d,
    0x01,0x04,0xac,0xad,0x51,0xe9,0x47,0x9d,
    0x01,0x04,0xb0,0x60,0xe7,0xb4,0x47,0x9d,
    0x01,0x04,0xb2,0x15,0x76,0x52,0x47,0x9d,
    0x01,0x04,0xb8,0x48,0x6b,0x58,0x47,0x9d,
    0x01,0x04,0xb9,0x1c,0x60,0x10,0x47,0x9d,
    0x01,0x04,0xb9,0x6b,0x44,0x87,0x47,0x9d,
    0x01,0x04,0xb9,0xd2,0x7d,0x21,0x47,0x9d,
    0x01,0x04,0xb9,0xe4,0xa2,0xc4,0x47,0x9d,
    0x01,0x04,0xbc,0x2a,0x80,0xdc,0x47,0x9d,
    0x01,0x04,0xbc,0x2a,0x81,0x9c,0x47,0x9d,
    0x01,0x04,0xbc,0x75,0x84,0x52,0x47,0x9d,
    0x01,0x04,0xc1,0x1e,0x7b,0x46,0x47,0x9d,
    0x01,0x04,0xc2,0x91,0xc9,0xf3,0x47,0x9d,
    0x01,0x04,0xc6,0xce,0xcc,0x32,0x47,0x9d,
    0x01,0x04,0xc9,0x1a,0xc2,0x4c,0x47,0x9d,
    0x01,0x04,0xc9,0x2a,0x5c,0xf2,0x47,0x9d,
    0x01,0x04,0xcb,0x84,0x5e,0xc4,0x47,0x9d,
    0x01,0x04,0xd0,0x44,0x04,0x32,0x47,0x9d,
    0x01,0x04,0xd4,0xc0,0xc1,0x97,0x47,0x9d,
    0x01,0x04,0xd4,0xc0,0xc1,0xa8,0x47,0x9d,
    0x01,0x04,0xd8,0x9e,0xe5,0xfa,0x47,0x9d,
    0x02,0x10,0x20,0x01,0x41,0xd0,0x07,0x00,0x54,0x4c,0x00,0x00,0x00,0x00,0x00,0x00,0x00,0x00,0x47,0x9d,
    0x02,0x10,0x20,0x01,0x41,0xd0,0x07,0x00,0x6e,0x79,0x00,0x00,0x00,0x00,0x00,0x00,0x00,0x00,0x47,0x9d,
    0x02,0x10,0x20,0x01,0x05,0xa8,0x41,0x64,0x7a,0x00,0x00,0x00,0x00,0x00,0x00,0x00,0x01,0xf8,0x47,0x9d,
    0x02,0x10,0x20,0x01,0x05,0xa8,0x41,0x64,0x7a,0x00,0xbe,0x60,0xb5,0xaa,0x22,0xf0,0xd1,0xcb,0x47,0x9d,
    0x02,0x10,0x20,0x01,0x09,0x9a,0x0d,0xc0,0xad,0x00,0x14,0x17,0xf4,0x0a,0xab,0xe9,0x5e,0x74,0x47,0x9d,
    0x02,0x10,0x20,0x01,0x09,0x9a,0x0d,0xc0,0xad,0x00,0xf4,0x7d,0x4a,0xf5,0x8b,0xa1,0x29,0xf4,0x47,0x9d,
    0x02,0x10,0x20,0x01,0x0d,0xa8,0x10,0x02,0x03,0x10,0x11,0x6b,0xe1,0x2c,0x14,0xb8,0x7f,0x6b,0x47,0x9d,
    0x02,0x10,0x20,0x01,0x0d,0xa8,0x10,0x02,0x03,0x10,0x14,0x9a,0x96,0x17,0x1d,0x44,0x33,0x6c,0x47,0x9d,
    0x02,0x10,0x20,0x01,0x0d,0xa8,0x10,0x02,0x03,0x10,0x01,0xe5,0x6c,0xdf,0x7d,0x81,0x91,0x29,0x47,0x9d,
    0x02,0x10,0x20,0x01,0x0d,0xa8,0x10,0x02,0x03,0x10,0x31,0x96,0xe5,0x61,0x6a,0xe9,0xcc,0x82,0x47,0x9d,
    0x02,0x10,0x20,0x01,0x0d,0xa8,0x10,0x02,0x03,0x10,0x79,0xd4,0x11,0x83,0x08,0x96,0xb0,0x9c,0x47,0x9d,
    0x02,0x10,0x20,0x01,0x0d,0xa8,0x10,0x02,0x03,0x10,0x8d,0xe2,0xd6,0x8c,0xa2,0xdd,0xfc,0x73,0x47,0x9d,
    0x02,0x10,0x20,0x01,0x0d,0xa8,0x10,0x02,0x03,0x10,0xad,0x5d,0x75,0x0f,0x95,0x65,0x79,0x85,0x47,0x9d,
    0x02,0x10,0x20,0x01,0x0d,0xa8,0x10,0x02,0x03,0x10,0xe0,0xcf,0x0d,0x91,0xcf,0x10,0x8f,0xef,0x47,0x9d,
    0x02,0x10,0x20,0x01,0x0d,0xa8,0x10,0x02,0x03,0x10,0xfd,0x91,0xb3,0xa1,0x85,0x07,0x41,0x3f,0x47,0x9d,
    0x02,0x10,0x24,0x01,0xd0,0x02,0x39,0x02,0x07,0x00,0x87,0x08,0x37,0xc4,0xe2,0x31,0xd3,0xd8,0x47,0x9d,
    0x02,0x10,0x24,0x0e,0x03,0x90,0x27,0x06,0x42,0x80,0xa9,0xf5,0x12,0xcb,0x91,0x66,0x4e,0x65,0x47,0x9d,
    0x02,0x10,0x24,0x0e,0x03,0x90,0x28,0x08,0xb4,0x90,0xd0,0xb3,0xc1,0x69,0xa9,0x81,0x2f,0x56,0x47,0x9d,
    0x02,0x10,0x24,0x0e,0x03,0x90,0x28,0x08,0xe0,0x20,0x95,0x25,0x68,0xa1,0x93,0x19,0xb7,0xef,0x47,0x9d,
    0x02,0x10,0x24,0x0e,0x03,0x90,0x29,0xed,0x46,0x40,0x38,0x3d,0x74,0x3f,0x99,0xbb,0x00,0x50,0x47,0x9d,
    0x02,0x10,0x26,0x02,0xf4,0x80,0x00,0xac,0xc0,0x10,0x00,0x00,0x00,0x00,0x00,0x00,0x00,0x50,0x47,0x9d,
    0x02,0x10,0x26,0x02,0xf4,0x80,0x00,0xac,0xc0,0x10,0x00,0x00,0x00,0x00,0x00,0x00,0x00,0x71,0x47,0x9d,
    0x02,0x10,0x26,0x02,0xf4,0x80,0x00,0xac,0xc0,0x10,0x00,0x00,0x00,0x00,0x00,0x00,0x00,0x77,0x47,0x9d,
    0x02,0x10,0x26,0x03,0x10,0x30,0x0c,0x04,0x00,0x00,0x00,0x00,0x00,0x00,0x00,0x00,0x00,0x11,0x47,0x9d,
    0x02,0x10,0x26,0x05,0x33,0x80,0x42,0x2e,0x00,0x01,0x00,0x00,0x00,0x00,0x00,0x00,0x00,0x50,0x47,0x9d,
    0x02,0x10,0x28,0x04,0x04,0x31,0xe0,0x38,0xcd,0x01,0xaa,0xa1,0x59,0xff,0xfe,0x0d,0x44,0xb8,0x47,0x9d,
    0x02,0x10,0x2a,0x01,0x04,0xf8,0x01,0x71,0x32,0x42,0x00,0x00,0x00,0x00,0x00,0x00,0x00,0x02,0x47,0x9d,
    0x02,0x10,0x2a,0x01,0x04,0xf8,0x01,0x73,0x23,0x0a,0x00,0x00,0x00,0x00,0x00,0x00,0x00,0x02,0x47,0x9d,
    0x02,0x10,0x2a,0x01,0x04,0xf8,0x01,0x90,0x40,0x26,0x00,0x00,0x00,0x00,0x00,0x00,0x00,0x02,0x47,0x9d,
    0x02,0x10,0x2a,0x01,0x04,0xf8,0x02,0x31,0x06,0x45,0x00,0x00,0x00,0x00,0x00,0x00,0x00,0x02,0x47,0x9d,
    0x02,0x10,0x2a,0x01,0x04,0xf9,0x00,0x4a,0x34,0x58,0x00,0x00,0x00,0x00,0x00,0x00,0x00,0x37,0x47,0x9d,
    0x02,0x10,0x2a,0x01,0x04,0xf9,0x00,0x5a,0x16,0x1b,0x00,0x00,0x00,0x00,0x00,0x00,0x00,0x02,0x47,0x9d,
    0x02,0x10,0x2a,0x01,0x04,0xf9,0x00,0x6a,0x13,0xc3,0x00,0x00,0x00,0x00,0x00,0x00,0x00,0x02,0x47,0x9d,
    0x02,0x10,0x2a,0x01,0x04,0xf9,0x00,0x6b,0x2c,0xe3,0x00,0x00,0x00,0x00,0x00,0x00,0x00,0x02,0x47,0x9d,
    0x02,0x10,0x2a,0x02,0x29,0xe0,0x00,0x01,0x04,0x20,0x00,0x00,0x00,0x00,0x00,0x00,0x00,0x64,0x47,0x9d,
    0x02,0x10,0x2a,0x03,0x40,0x00,0x00,0x2a,0x05,0x14,0x00,0x00,0x00,0x00,0x00,0x00,0x00,0x00,0x47,0x9d,
    0x02,0x10,0x2a,0x12,0x8e,0x40,0x56,0x68,0xe4,0x28,0x00,0x00,0x00,0x00,0x00,0x00,0x00,0x01,0x47,0x9d,
    0x04,0x20,0xd3,0x2b,0x81,0x3d,0x9f,0x6a,0x3c,0x8b,0xe9,0xf1,0xe2,0xd4,0xa2,0xaa,0x0b,0x45,0x4c,0xef,0xfd,0x93,0xe2,0x6f,0xb9,0x6c,0x6c,0x38,0xd6,0x6d,0xb8,0xd0,0xe7,0xa5,0x47,0x9d,
    0x04,0x20,0xdf,0x8b,0x65,0x4c,0x4a,0x31,0x81,0x15,0x09,0x61,0x7d,0x34,0xfa,0x32,0x43,0x78,0x95,0xcf,0x00,0xe4,0xf0,0xac,0xf7,0x64,0x7a,0x33,0x3d,0x0f,0xa8,0xc3,0x82,0xd2,0x47,0x9d,
    0x04,0x20,0xd8,0xe7,0xe5,0x18,0xb1,0x42,0xc5,0xb6,0xd9,0x68,0xb6,0x3b,0x60,0xb0,0x5e,0x70,0x34,0x1e,0xe3,0x73,0xde,0xda,0xab,0xae,0x37,0x8a,0xa8,0xd8,0xe8,0xee,0x02,0x7b,0x47,0x9d,
    0x04,0x20,0xdc,0x4a,0xf3,0xc1,0xa2,0x69,0x1e,0x16,0x7e,0x75,0x68,0x20,0x92,0x4d,0x40,0x85,0x41,0x44,0xf7,0xde,0x6d,0xb7,0x89,0x6b,0xe5,0x24,0x67,0xec,0xdf,0x70,0xff,0x72,0x47,0x9d,
    0x04,0x20,0xdd,0x5a,0x14,0x75,0xdb,0x3e,0x32,0xae,0x09,0x9b,0x39,0xdb,0x87,0x6c,0xff,0x98,0x97,0x1f,0x3f,0x01,0x61,0xd9,0x0b,0x28,0x38,0x12,0xe4,0xb2,0x9e,0x13,0x37,0xf4,0x47,0x9d,
    0x04,0x20,0xe8,0xf7,0x09,0xd8,0x5c,0x5a,0x07,0x52,0xbc,0x93,0x0b,0xe4,0x73,0x59,0x37,0x68,0x21,0x7e,0x16,0x5d,0x4a,0x63,0x9b,0xe1,0xa0,0x33,0x56,0xed,0xf5,0x20,0x46,0x2c,0x47,0x9d,
    0x04,0x20,0xec,0x06,0x6a,0x2e,0x51,0xc2,0x48,0x95,0x25,0x0d,0x70,0x9f,0x55,0x34,0x19,0xb4,0xda,0x18,0x4e,0x85,0xe1,0x78,0xfa,0x23,0x40,0x9f,0x12,0xf2,0x0e,0xd6,0x79,0xb9,0x47,0x9d,
    0x04,0x20,0xf1,0x46,0x1a,0x40,0xba,0x51,0x89,0x62,0x11,0xc4,0x42,0x99,0x62,0x93,0x20,0xa6,0x25,0xee,0xfd,0x79,0x26,0x73,0x49,0x71,0xb7,0x61,0x14,0xaa,0x31,0xd4,0x7c,0xcd,0x47,0x9d,
    0x04,0x20,0xf3,0xfe,0x35,0xce,0x14,0x02,0x5f,0xd8,0x8d,0x85,0x87,0xa4,0xe3,0xc0,0x49,0x52,0x20,0xba,0x07,0x8d,0x5b,0xfa,0xdf,0x7e,0x39,0x95,0xf7,0x12,0x16,0x40,0x26,0x20,0x47,0x9d,
    0x04,0x20,0xfe,0xc0,0x3e,0xce,0x2b,0xdd,0x78,0x7f,0x75,0xfe,0xbf,0xda,0x0d,0x29,0x09,0xf9,0x6b,0xae,0x35,0x7d,0x7e,0xf0,0x03,0x21,0xd8,0x13,0x8b,0x07,0xda,0x92,0x64,0x14,0x47,0x9d,
    0x04,0x20,0x01,0x25,0x8f,0x4c,0xb4,0x28,0x06,0xaa,0x4f,0xc5,0x5d,0x34,0x19,0x40,0xcd,0xb6,0xb9,0xad,0x52,0x3a,0xc3,0x52,0x05,0x9a,0x97,0x5e,0x69,0x9a,0x2a,0x66,0xde,0x48,0x47,0x9d,
    0x04,0x20,0x06,0x2f,0xbe,0xc7,0x4c,0x3d,0xb0,0x31,0x67,0x2e,0x85,0x3e,0x1f,0x0d,0x7b,0x95,0x1f,0xc7,0x1e,0x7f,0xe4,0x8c,0xd5,0xc5,0x2a,0xbe,0x03,0x93,0xe8,0xec,0x2b,0x40,0x47,0x9d,
    0x04,0x20,0x08,0x1a,0xd3,0xfe,0x9c,0x1f,0x43,0x36,0xe6,0xf5,0x60,0x01,0x71,0x57,0x7b,0x35,0x29,0xe5,0x36,0xb5,0x17,0xc2,0x5c,0x5c,0x12,0xd9,0x65,0xd6,0xa5,0x79,0x92,0xa2,0x47,0x9d,
    0x04,0x20,0x0a,0x32,0x3b,0x31,0x9f,0x68,0x21,0x0e,0xbc,0x87,0x50,0x4a,0x63,0x65,0xb0,0x99,0x1a,0x0e,0x91,0xc3,0xce,0xd4,0xf8,0xd6,0x41,0x4f,0x1a,0xa5,0x02,0xfc,0x2d,0x6f,0x47,0x9d,
    0x04,0x20,0x0a,0x61,0x39,0xaf,0x13,0xea,0xae,0x26,0xfe,0x48,0x9b,0xd0,0x0a,0x97,0x42,0xa1,0xc6,0x5f,0x45,0x76,0x41,0x89,0x14,0x09,0x67,0xfd,0x19,0xf3,0x65,0x50,0xc6,0x08,0x47,0x9d,
    0x04,0x20,0x17,0x9e,0xaf,0xf6,0x68,0xe3,0x12,0xc7,0x51,0x8b,0x6d,0xd3,0x68,0x8b,0x11,0xf5,0x35,0x07,0x2e,0x65,0xde,0x2c,0xad,0x38,0x76,0x25,0x1f,0x9d,0xca,0x3d,0xe9,0xa0,0x47,0x9d,
    0x04,0x20,0x19,0x2b,0x67,0x45,0x5e,0x91,0xcd,0x43,0xcb,0xcc,0x46,0x0c,0x48,0x7e,0x0f,0xc4,0xb3,0x4d,0x2d,0x19,0x26,0x1c,0xfd,0xee,0x41,0x89,0x31,0xf3,0xab,0xbb,0x4d,0xb5,0x47,0x9d,
    0x04,0x20,0x1c,0x94,0x5e,0x78,0xe5,0x51,0x0b,0x88,0xf9,0xa8,0x77,0x4d,0x38,0x3f,0xe4,0x67,0xe2,0x7f,0x02,0x16,0x8d,0x0c,0x32,0x18,0xae,0x70,0x1d,0x71,0x52,0xfd,0xc3,0x3c,0x47,0x9d,
    0x04,0x20,0x25,0x66,0xaf,0x30,0x32,0x95,0x9a,0x48,0x2c,0x9c,0x77,0xf9,0x6d,0x3f,0x1d,0x2a,0x83,0x3b,0x6a,0xec,0x18,0xf6,0x1d,0x52,0x7f,0x79,0x99,0xe0,0xf7,0x6d,0xf6,0x2c,0x47,0x9d,
    0x04,0x20,0x2f,0x3f,0xa4,0xf1,0xf8,0x68,0x4c,0xb9,0x87,0xdb,0x64,0x74,0xb3,0xe2,0xa7,0x20,0x8b,0x01,0xa4,0x62,0x2b,0x23,0xa9,0x69,0x03,0xe4,0x62,0x42,0x33,0x0d,0xde,0xaf,0x47,0x9d,
    0x04,0x20,0x2a,0xfb,0x61,0xbf,0x89,0x59,0x30,0xc2,0xe8,0x85,0x7a,0xd8,0xe9,0x78,0xe1,0x4f,0xdf,0x8f,0xb6,0xb6,0x03,0xe5,0xac,0x64,0xa0,0xf4,0x8a,0x7a,0xab,0xc4,0xf8,0x47,0x47,0x9d,
    0x04,0x20,0x31,0x8c,0x06,0xed,0xb4,0xcd,0xde,0x3f,0x77,0xab,0x01,0x5b,0x2a,0x36,0x05,0xb9,0xb1,0xdf,0x06,0xb2,0xbd,0x29,0x9a,0x08,0xcc,0x03,0xad,0x8a,0xc3,0x63,0xf8,0x3e,0x47,0x9d,
    0x04,0x20,0x34,0xad,0xe9,0x37,0x5f,0x85,0x2c,0x5f,0x53,0x72,0xb1,0xa2,0x0f,0x3b,0xeb,0x8b,0xfb,0x00,0x53,0xca,0x9e,0xf0,0xca,0x61,0xd7,0x32,0xa6,0x7f,0x59,0xb3,0xcb,0x34,0x47,0x9d,
    0x04,0x20,0x35,0x28,0x33,0x5f,0x5c,0x03,0x94,0x89,0x4f,0x13,0xab,0x36,0x74,0xfe,0x9d,0x10,0x6a,0x35,0x47,0x41,0xf7,0x37,0x1e,0xcf,0x7b,0x78,0x3b,0xbf,0x11,0x45,0x6e,0x96,0x47,0x9d,
    0x04,0x20,0x35,0xa7,0x7e,0xc1,0x74,0x73,0xec,0x0b,0xa4,0xe4,0x1a,0xd0,0x56,0xc7,0xcf,0x7c,0xed,0xa2,0x20,0xee,0x4e,0x4f,0x0d,0xca,0x6d,0xae,0x8c,0x50,0xd6,0x01,0x34,0x06,0x47,0x9d,
    0x04,0x20,0x38,0x5e,0x19,0xf2,0x42,0xe6,0x36,0x5f,0xff,0x9c,0xe7,0xe5,0x4e,0x2f,0xb8,0x99,0xb0,0xf5,0xe3,0x77,0x29,0xda,0xf3,0x94,0x5f,0xab,0x83,0x70,0xfd,0xd8,0x3d,0x8d,0x47,0x9d,
    0x04,0x20,0x3a,0x6d,0x97,0x54,0xd6,0x75,0x36,0xfc,0x79,0xa2,0x23,0x0c,0xcc,0xbe,0xa2,0x41,0xc1,0x8e,0x8a,0x99,0xa5,0xeb,0x01,0xb7,0xfc,0x05,0xda,0x36,0x2d,0x7a,0xeb,0xf8,0x47,0x9d,
    0x04,0x20,0x3c,0x14,0x33,0x3f,0x39,0x95,0x75,0x0a,0x80,0xa7,0x1a,0x86,0xe1,0x4b,0x30,0xa2,0x7e,0xed,0x22,0x73,0xb9,0x58,0xce,0x94,0x5a,0x04,0x6f,0x0b,0x7d,0x0a,0x74,0xe6,0x47,0x9d,
    0x04,0x20,0x44,0x40,0x32,0x00,0xa5,0x6b,0xe0,0x53,0xaa,0x8e,0xe4,0x60,0x18,0x74,0x66,0x18,0x33,0x86,0x5f,0x09,0x41,0x48,0x1f,0x27,0x3c,0xc4,0x3f,0x13,0x40,0xed,0x91,0x56,0x47,0x9d,
    0x04,0x20,0x4f,0x77,0x8e,0xbc,0x04,0x0f,0xee,0x28,0xbe,0x6d,0x9d,0x27,0xf2,0x3c,0x42,0x49,0x96,0x3a,0x42,0x8b,0x1a,0x57,0x94,0xac,0xee,0xe2,0xd3,0xa6,0x48,0x01,0x6e,0x0d,0x47,0x9d,
    0x04,0x20,0x48,0x4d,0x52,0x7f,0x28,0xe5,0x6f,0xd5,0xff,0xdd,0xe2,0x0f,0xc6,0xe6,0x93,0x93,0xe9,0xbf,0x0e,0xb2,0xf7,0xae,0xb2,0x18,0x48,0xa4,0x74,0x27,0xe1,0x9c,0x30,0xd2,0x47,0x9d,
    0x04,0x20,0x4c,0xeb,0x03,0x00,0x42,0xb8,0x67,0x99,0x1e,0x74,0x5a,0xbb,0x75,0xc8,0x3c,0xb2,0x9c,0x85,0xed,0xf2,0x63,0xdb,0xd0,0x56,0x18,0x7e,0x91,0xda,0xb3,0x87,0x81,0xfa,0x47,0x9d,
    0x04,0x20,0x4d,0x1b,0xe3,0x0d,0x81,0x30,0x25,0x1e,0xfc,0x27,0x8f,0x33,0x2d,0x8c,0xa7,0x17,0x9f,0x97,0x82,0xda,0xfb,0x60,0x1e,0x0c,0x03,0x08,0x11,0xfc,0x44,0x30,0xef,0x73,0x47,0x9d,
    0x04,0x20,0x50,0xa6,0x7b,0x78,0xd8,0xf9,0x2d,0xa2,0x77,0xd9,0x36,0x28,0xca,0x96,0x75,0x88,0x5b,0x75,0x61,0x31,0xa3,0xbb,0x1d,0x71,0xb6,0x54,0xc5,0xc5,0x80,0xad,0x6b,0x95,0x47,0x9d,
    0x04,0x20,0x59,0xf7,0x62,0xe7,0x4d,0xfd,0xc9,0xa6,0x52,0xc3,0x4c,0x73,0xda,0x99,0xa9,0xb2,0x6f,0xf5,0x8b,0xc8,0x41,0x5c,0x93,0xc7,0x51,0x3f,0x76,0xe4,0xaa,0xce,0xe8,0xe3,0x47,0x9d,
    0x04,0x20,0x5a,0x81,0xfe,0x05,0xce,0x24,0xd4,0x16,0x02,0x7a,0x87,0xb8,0x70,0x02,0xc2,0xc4,0xc3,0x6b,0xfd,0x8d,0x14,0xea,0xef,0x6e,0xd6,0xe2,0x4c,0x8e,0x62,0x90,0x6a,0xfc,0x47,0x9d,
    0x04,0x20,0x5d,0x8a,0x41,0x43,0x7d,0x70,0xa0,0x92,0x84,0x70,0xe1,0xf5,0x06,0x0a,0xcb,0xd8,0x8a,0x2c,0x23,0x18,0x15,0xe7,0x58,0xe7,0x7e,0x41,0xc6,0x1a,0x0b,0x24,0x3a,0x36,0x47,0x9d,
    0x04,0x20,0x60,0xd3,0xcc,0xdf,0x1d,0x01,0x5c,0x70,0x9d,0x9d,0x80,0xec,0x20,0xe7,0x2f,0x84,0x86,0x8e,0xdb,0xd4,0x8e,0xb8,0xe0,0xa9,0x49,0x10,0xa7,0x94,0xff,0xc3,0x34,0xd4,0x47,0x9d,
    0x04,0x20,0x61,0xf4,0x18,0x6b,0x49,0x11,0xe6,0xe5,0xb2,0x85,0xa0,0x7a,0x00,0xb8,0x70,0xd2,0xf7,0xe5,0x32,0x26,0xd7,0x9d,0x65,0x87,0xdb,0xe1,0xe5,0x5e,0x9f,0xa4,0x01,0xb1,0x47,0x9d,
    0x04,0x20,0x6a,0xa0,0x62,0x8a,0xdb,0x24,0x99,0x1d,0x34,0x25,0x5c,0xfa,0x7e,0x64,0xe5,0x3c,0x73,0x03,0xea,0x77,0x71,0xf4,0x28,0xc3,0xc2,0xc4,0x36,0x09,0x74,0x71,0x07,0xd9,0x47,0x9d,
    0x04,0x20,0x6b,0x01,0x9a,0x93,0x24,0x4b,0x96,0xe3,0xb4,0x39,0x07,0x22,0xc8,0x46,0xd5,0x48,0x9f,0x13,0xa3,0xf6,0xd6,0x8b,0x0a,0xac,0x37,0x7f,0x65,0x6d,0x8b,0x5d,0xbe,0x36,0x47,0x9d,
    0x04,0x20,0x6e,0x22,0x45,0x08,0x2c,0xd2,0x04,0x8f,0x5a,0xba,0xa3,0x1c,0x69,0xb2,0xc6,0xfb,0xb4,0x8a,0xd3,0x95,0x67,0xc2,0xf1,0x18,0x9d,0x28,0x30,0xe9,0x75,0x7b,0xff,0xf2,0x47,0x9d,
    0x04,0x20,0x76,0xf3,0x63,0xc9,0x49,0xad,0x32,0x19,0xa3,0x72,0xa6,0xd4,0x59,0x3c,0xcc,0xad,0x9c,0x88,0x75,0x10,0xb7,0x07,0x13,0x3b,0xc9,0xaf,0x88,0x7a,0xeb,0x25,0x76,0x31,0x47,0x9d,
    0x04,0x20,0x77,0x0a,0xd5,0x8c,0x2b,0x12,0xbc,0x56,0x60,0x46,0xef,0x56,0x7f,0xfd,0xd6,0x5d,0xbf,0x64,0x1c,0x3f,0x82,0xe6,0x94,0x04,0x0d,0x9a,0x79,0xd4,0x24,0xee,0xb7,0xf6,0x47,0x9d,
    0x04,0x20,0x77,0x32,0x38,0x14,0x6e,0x27,0x12,0x5a,0xb7,0x7d,0x9d,0xa1,0x34,0xab,0x2c,0x7c,0xd8,0xad,0x86,0x46,0xe7,0x64,0xfe,0x7a,0xd4,0xb8,0x1a,0x22,0x1b,0x64,0xa4,0x27,0x47,0x9d,
    0x04,0x20,0x74,0x2e,0x8a,0xdd,0xe8,0x9f,0xf9,0x69,0x39,0xf3,0x90,0x7c,0xa8,0xed,0x5a,0xb9,0x20,0xfc,0x94,0x6e,0xcd,0x6d,0xc6,0x6a,0xd5,0xad,0x13,0x12,0xae,0xee,0xe6,0x14,0x47,0x9d,
    0x04,0x20,0x78,0x82,0x87,0xb7,0xb8,0xc5,0x4f,0x22,0x0c,0xa9,0x4e,0x2d,0x11,0x11,0xfc,0x0f,0x73,0xcd,0xbe,0xff,0x1d,0x08,0xcb,0xd6,0x5f,0x27,0xa7,0x50,0x36,0xe6,0xb7,0x3d,0x47,0x9d,
    0x04,0x20,0x79,0xb8,0x86,0x68,0x73,0x64,0x52,0xb9,0x5e,0xdc,0xed,0x77,0xcb,0x67,0x85,0x5c,0x97,0x9e,0x19,0x5c,0xb9,0x9f,0x66,0x7e,0xa7,0x34,0xf2,0x21,0xe1,0x5f,0x41,0x79,0x47,0x9d,
    0x04,0x20,0x7a,0x75,0x1b,0xc3,0x52,0x28,0x6d,0x39,0x42,0x02,0x0b,0x4a,0xdb,0x28,0xdb,0xf0,0xff,0xac,0x08,0x9d,0xf4,0x18,0xfd,0x49,0x29,0x60,0x7e,0x7a,0xe5,0xf9,0x02,0x36,0x47,0x9d,
    0x04,0x20,0x7b,0xc9,0xa7,0x91,0xf9,0x79,0xdd,0x7d,0xca,0xc5,0x9a,0x7a,0xb0,0xe1,0x1f,0x12,0x90,0x69,0x3c,0x28,0x3f,0x60,0xdc,0x50,0xf1,0x0e,0xe3,0xe0,0xb7,0x66,0xfa,0xbe,0x47,0x9d,
    0x04,0x20,0x86,0x94,0xa2,0xaf,0x9a,0x22,0xe5,0x4d,0x97,0x82,0xe6,0x21,0x70,0x9a,0x02,0xe4,0xdb,0xb5,0x1e,0x76,0x1b,0x98,0x8f,0x38,0xb9,0x6c,0xc1,0xb1,0xeb,0x48,0x44,0xe5,0x47,0x9d,
    0x04,0x20,0x82,0x08,0xfe,0x1e,0xb4,0x75,0x48,0x30,0x84,0x5b,0xf1,0xd7,0xf6,0xda,0x4b,0xb2,0x3c,0x03,0xfa,0x96,0xe3,0x5b,0x22,0x61,0x23,0x98,0xbf,0xb1,0x0b,0xb1,0x28,0xc1,0x47,0x9d,
    0x04,0x20,0x83,0xe8,0xbe,0x67,0x90,0x3e,0x58,0xb7,0x58,0xe2,0x40,0xcb,0xcb,0x53,0x40,0x46,0xe4,0x5c,0x91,0x98,0x80,0xad,0xb3,0x51,0x49,0x36,0xf6,0x37,0xdb,0x72,0x4e,0x26,0x47,0x9d,
    0x04,0x20,0x86,0x6f,0xd2,0xe9,0x06,0xd4,0x55,0xa9,0x4a,0x21,0x73,0xf3,0xac,0xad,0x69,0x87,0x58,0xa2,0x1f,0x68,0xc9,0xcf,0x7d,0xcf,0x62,0x23,0xe4,0x4e,0xc1,0xa7,0xab,0xdd,0x47,0x9d,
    0x04,0x20,0x96,0xc3,0x78,0xd2,0x31,0x77,0x02,0xca,0xc9,0x8d,0x9d,0xbf,0xc8,0x17,0x95,0xb6,0xee,0xbd,0x76,0xf3,0x6d,0x60,0x43,0x03,0x15,0x5d,0x93,0xb0,0xfa,0x7f,0x1f,0xfc,0x47,0x9d,
    0x04,0x20,0x91,0xde,0x7d,0x52,0x02,0xa8,0x49,0xa3,0x8b,0x5d,0x86,0xd6,0xdf,0xee,0x12,0x11,0xc9,0xd1,0x8e,0x01,0xe5,0x3b,0x35,0x30,0xd0,0xaf,0xf6,0x04,0x0a,0x2c,0x62,0x94,0x47,0x9d,
    0x04,0x20,0x94,0x74,0xb4,0xd8,0x51,0x3a,0xa9,0x41,0xea,0xb4,0xa5,0xcf,0xea,0xb3,0x23,0x98,0xad,0xed,0x05,0xcc,0xad,0x72,0xc0,0xe7,0x6d,0x75,0x69,0x4a,0x45,0x24,0xd7,0xdf,0x47,0x9d,
    0x04,0x20,0x9f,0x8e,0x55,0x2a,0x89,0x54,0xd3,0x8c,0xbc,0x8f,0x63,0xcf,0x25,0x38,0x08,0xa9,0x57,0x4f,0x15,0x04,0xc5,0x2f,0x19,0x1e,0xe5,0xcd,0xa2,0x8b,0x55,0xc0,0xd5,0x04,0x47,0x9d,
    0x04,0x20,0x98,0xba,0xd3,0x25,0x40,0x37,0x0a,0x67,0x46,0xfa,0x98,0xcb,0xa9,0x3d,0x43,0xd3,0xa2,0xcc,0xaa,0x3c,0x8b,0xdf,0x4c,0xc6,0xac,0x9c,0xb6,0x4d,0x67,0x31,0x8f,0x48,0x47,0x9d,
    0x04,0x20,0xa6,0xd0,0x56,0xdf,0x3d,0xa8,0x41,0x88,0x2b,0xc6,0x1e,0xec,0xfb,0x18,0x0e,0x9b,0xde,0x9c,0x78,0xf0,0xd9,0xa0,0x7b,0x7f,0x2e,0x6a,0xd0,0x13,0x35,0xa7,0xbe,0x7a,0x47,0x9d,
    0x04,0x20,0xa1,0x31,0x85,0x31,0xb8,0x82,0xb4,0x16,0xb0,0x26,0xab,0x21,0x10,0xf1,0x25,0x0a,0x6a,0xf3,0x10,0x96,0xf0,0xa9,0x0e,0x18,0x10,0x27,0xeb,0xa7,0x23,0x17,0x05,0x02,0x47,0x9d,
    0x04,0x20,0xa4,0x4e,0x03,0x31,0x22,0x26,0x20,0x1c,0x9d,0x28,0x9b,0xc1,0xf4,0xfd,0x98,0x32,0x2b,0x7b,0x6e,0xcb,0xb4,0x32,0xa4,0x06,0xde,0xc9,0x33,0x1b,0x90,0x0d,0x9a,0x90,0x47,0x9d,
    0x04,0x20,0xa8,0xa6,0xbb,0x02,0x06,0x65,0x3b,0xb2,0x52,0x79,0xd1,0xc9,0x6a,0x01,0x42,0x43,0xca,0x69,0xe1,0x69,0x90,0xfe,0x2c,0xd2,0x7c,0x18,0xfd,0xab,0xc7,0x71,0x7f,0x8b,0x47,0x9d,
    0x04,0x20,0xaa,0x37,0x9e,0x28,0xe3,0xab,0x9f,0x44,0x2d,0x23,0x48,0xce,0xf2,0x4d,0xb7,0xcc,0xe9,0x99,0x0a,0x7a,0x00,0x05,0x4c,0x89,0x9d,0x08,0x35,0xf3,0xf1,0x3b,0x11,0x6d,0x47,0x9d,
    0x04,0x20,0xb1,0x85,0xcb,0x3f,0x5d,0x34,0xda,0x1e,0xf2,0xa3,0xfd,0xfa,0x7d,0x5e,0x64,0x9e,0x62,0x37,0x21,0x19,0x26,0x30,0x7f,0x16,0xbb,0xad,0xf2,0xfd,0x84,0x20,0x59,0x12,0x47,0x9d,
    0x04,0x20,0xbf,0xfb,0xbb,0x58,0xff,0xce,0xbc,0xe3,0x64,0x9c,0xb9,0xab,0xfb,0xaa,0x57,0x73,0x3d,0xf1,0x65,0x08,0xac,0x27,0xce,0xa4,0xcc,0x9f,0xf4,0xeb,0x1a,0xad,0x51,0x29,0x47,0x9d,
    0x04,0x20,0xba,0xef,0xf5,0x76,0x19,0x05,0x86,0xb1,0xf6,0xe2,0x28,0xfa,0xb3,0x9c,0x12,0x7f,0x66,0x85,0x2c,0x5a,0xce,0xf5,0xe5,0x81,0x82,0x6a,0x98,0xe8,0xd3,0xbe,0x4d,0x7c,0x47,0x9d,
    0x04,0x20,0xbd,0xcf,0x58,0xdc,0x57,0xb5,0xca,0xa8,0x90,0xe5,0x74,0xec,0xf8,0x25,0xbc,0xa8,0xf4,0x3e,0x31,0x98,0x94,0x69,0xd9,0xa1,0xd1,0xa9,0xac,0x31,0x98,0xc1,0x87,0xd0,0x47,0x9d,
    0x04,0x20,0xc7,0x02,0xb4,0x17,0x06,0xb2,0x4c,0x47,0xa5,0x8d,0x8f,0xac,0xb0,0xc1,0xe6,0x41,0x25,0xc1,0x68,0x23,0xa0,0xd0,0x51,0x14,0x2f,0x5c,0x1a,0x14,0xdb,0x32,0xd6,0x62,0x47,0x9d,
    0x04,0x20,0xc7,0xee,0x9a,0x87,0xe6,0x6c,0xb5,0xfa,0x87,0x53,0x44,0xf3,0xbb,0x65,0x6a,0x51,0xd5,0xe4,0x4f,0x2d,0xd2,0xe5,0x4f,0x61,0xcf,0x77,0x8c,0x64,0xee,0x9d,0xc0,0x48,0x47,0x9d,
    0x04,0x20,0xc0,0x3d,0x2f,0xba,0xbf,0x66,0x11,0x7c,0xee,0x0b,0xd6,0xe9,0xce,0x9e,0x78,0xfb,0x1d,0x77,0x6e,0x3c,0x1e,0xbd,0x00,0x21,0xb6,0xef,0x73,0xee,0xfa,0xb3,0x05,0x3d,0x47,0x9d,
    0x04,0x20,0xc3,0xfa,0x5c,0x5b,0x51,0xdf,0xcb,0xd0,0x7b,0x31,0xa9,0xc8,0x04,0xcc,0x6f,0x97,0x00,0x68,0x7c,0x63,0x41,0x71,0x1c,0x43,0x17,0x7a,0x55,0xe4,0x52,0x82,0x48,0xf6,0x47,0x9d,
    0x04,0x20,0xc8,0xa4,0xdd,0xa7,0xc0,0x95,0x9b,0x12,0xf7,0xd7,0x4e,0x9b,0xd4,0xb7,0x93,0x5d,0x99,0x87,0x43,0x81,0x23,0x52,0xde,0xd1,0x22,0x36,0x79,0xe1,0x3b,0x58,0xec,0xd9,0x47,0x9d,
    0x04,0x20,0xc9,0x0a,0xd6,0x83,0x40,0xd9,0x81,0xc2,0x67,0x4d,0xa4,0xeb,0x87,0xb0,0x1f,0x66,0x37,0xd7,0xc6,0xdb,0xc0,0x90,0xd0,0xc2,0xd5,0x07,0xeb,0xc7,0x97,0x60,0xa4,0x60,0x47,0x9d,
    0x04,0x20,0xc9,0xd0,0x9a,0x69,0xc1,0xba,0x0b,0x07,0xa4,0x22,0x67,0xaf,0x35,0x99,0x23,0x0b,0x8b,0xf4,0x9d,0xc2,0x9d,0x6d,0xbb,0xf7,0xf5,0x3a,0x0b,0x39,0x4c,0x3d,0x3a,0x36,0x47,0x9d,
    0x04,0x20,0xcc,0x99,0x76,0x52,0x43,0xcc,0x45,0x0a,0x49,0x5d,0x3f,0xa5,0x82,0xc3,0xc0,0xdb,0xcf,0xe5,0xda,0xfb,0xb3,0xd0,0xb9,0xd1,0xbc,0x1b,0x15,0x19,0xed,0xe0,0xd1,0x5f,0x47,0x9d,
};

inline constexpr uint8_t chainparams_seed_testnet4[]{
    0x06,0x10,0xfc,0x10,0xef,0xa7,0x0c,0xa6,0x15,0x48,0x0f,0x8c,0x6b,0xb9,0x1c,0xc4,0x63,0xae,0xbc,0xcd,
    0x06,0x10,0xfc,0x1f,0x22,0xc3,0x95,0xdc,0xa3,0xaf,0x4a,0x93,0x82,0x51,0xbe,0xb9,0x18,0x58,0xbc,0xcd,
    0x06,0x10,0xfc,0x2b,0xf6,0x2e,0x6a,0x76,0xcd,0xb5,0xdc,0xeb,0x2f,0xdd,0xa0,0xf8,0x3d,0x88,0xbc,0xcd,
    0x06,0x10,0xfc,0xcb,0x02,0x48,0x11,0xa6,0x10,0x42,0x0b,0xca,0x12,0x18,0xf7,0xce,0x7d,0x3d,0xbc,0xcd,
    0x05,0x20,0xde,0xd9,0x21,0x76,0x44,0x88,0x0f,0xe0,0x30,0x1e,0xee,0x0c,0x70,0x05,0x56,0xc3,0x88,0xb5,0x87,0x55,0x03,0xe0,0x82,0xca,0x75,0xbb,0xfc,0xba,0x70,0x74,0xc2,0xfd,0x00,0x00,
    0x05,0x20,0xd8,0xee,0x64,0x35,0x6c,0x53,0xe7,0x40,0xb8,0xc3,0x15,0x60,0x5b,0x9c,0x66,0x3d,0xbb,0xd9,0x7c,0x99,0xcc,0x3a,0x3a,0xf6,0xcb,0xd5,0xd4,0x51,0x98,0x04,0x68,0xad,0x00,0x00,
    0x05,0x20,0xf5,0x41,0x6a,0x4b,0x56,0xaa,0x5b,0x6f,0x87,0x92,0x28,0x69,0xa7,0x9e,0x98,0x67,0xe5,0xb0,0xdc,0xe6,0x7b,0xe6,0xcb,0x12,0xf3,0x60,0xe7,0x83,0x96,0x6c,0x25,0x56,0x00,0x00,
    0x05,0x20,0xfc,0x5b,0xa7,0xb9,0x32,0x9f,0x41,0x48,0x8c,0x04,0x96,0xa0,0x2b,0x21,0x06,0x44,0xbb,0xd2,0x5b,0x29,0x49,0xee,0x50,0xdd,0xb4,0x07,0x44,0x05,0xda,0x88,0x35,0xc7,0x00,0x00,
    0x05,0x20,0x07,0xd2,0xfc,0xb0,0x33,0xab,0x7b,0x03,0x55,0xb7,0x26,0x75,0x91,0x71,0xb5,0x00,0x64,0xee,0x5d,0x8b,0x58,0x63,0x06,0x51,0xc0,0xad,0xf3,0xdd,0xfe,0x73,0x08,0xe7,0x00,0x00,
    0x05,0x20,0x05,0x0d,0x29,0x36,0x0d,0xab,0xb5,0x6f,0x7a,0xa1,0x89,0x72,0x29,0x8b,0xb1,0x69,0xc1,0x72,0x6d,0x0e,0xfd,0x9a,0xaa,0xc7,0xb7,0x7f,0xad,0x65,0x5d,0x91,0x31,0xa2,0x00,0x00,
    0x05,0x20,0x05,0xef,0x61,0x5b,0x30,0x5d,0xb9,0xa3,0xa4,0x2f,0xcd,0x1f,0x52,0x96,0xa3,0x92,0x6a,0xd4,0x62,0x7d,0x03,0xf1,0x3e,0xee,0x43,0xba,0x13,0x0c,0x7b,0x1e,0x78,0xce,0x00,0x00,
    0x05,0x20,0x35,0x38,0x30,0xb8,0xc1,0x59,0x1b,0x80,0x44,0x76,0xca,0x17,0x13,0xfc,0xe0,0x0b,0xa5,0x5c,0x0b,0x76,0x89,0xcf,0xb0,0xa3,0xe0,0x89,0xdc,0x63,0x38,0x40,0xe8,0xe1,0x00,0x00,
    0x05,0x20,0x43,0x46,0x7c,0x50,0xfa,0x98,0x26,0x1a,0xd7,0x99,0xbc,0xb7,0x06,0xe2,0x32,0xf5,0x66,0x5f,0x8c,0x67,0xe7,0xb1,0xd4,0x09,0x14,0xd6,0x1f,0x09,0x55,0x96,0x72,0x1c,0x00,0x00,
    0x05,0x20,0x6a,0xf5,0x02,0x27,0x7b,0xc5,0x8b,0x05,0xaf,0x3b,0x25,0xee,0x22,0x75,0x37,0x66,0x77,0xd1,0x35,0xd5,0x39,0xfd,0x07,0x06,0xd5,0x28,0xbe,0x83,0x33,0x55,0x1e,0x75,0x00,0x00,
    0x05,0x20,0x74,0x82,0x79,0x07,0x4b,0x74,0xad,0xd4,0x6b,0xa2,0x48,0x90,0xe9,0x94,0x0c,0x2b,0xb7,0xaa,0x42,0xe9,0x91,0x5a,0x29,0x88,0x72,0x3c,0x06,0xdf,0x38,0x3c,0xd1,0xa1,0x00,0x00,
    0x05,0x20,0x86,0xff,0xe1,0xb0,0x23,0x83,0xe7,0xc8,0x1a,0xc5,0xf6,0x41,0xa0,0x23,0xe2,0xe1,0x65,0xba,0x83,0xb3,0x1b,0x26,0x1d,0x80,0xde,0x05,0x95,0xeb,0x36,0xbc,0x64,0x05,0x00,0x00,
    0x05,0x20,0x91,0x5c,0xc3,0xbd,0xcd,0xa8,0xfc,0xdf,0xfa,0xbe,0x5b,0x27,0x5a,0x82,0x33,0xc0,0xd2,0xc5,0xef,0x50,0x3e,0xe6,0xd5,0xce,0xf7,0x71,0xee,0x84,0xdf,0xbf,0x9f,0xc7,0x00,0x00,
    0x05,0x20,0xa4,0x46,0x37,0xec,0xc9,0xeb,0x42,0xf7,0x12,0xb7,0x64,0xb8,0x70,0xda,0xd4,0x18,0x60,0x43,0xd8,0x7f,0x37,0xc9,0xb2,0xbf,0xd3,0xd4,0x9e,0x9c,0xcc,0xce,0x54,0x57,0x00,0x00,
    0x01,0x04,0x03,0xea,0xb8,0xf5,0xbc,0xcd,
    0x01,0x04,0x03,0xeb,0x19,0xa6,0xbc,0xcd,
    0x01,0x04,0x05,0xb6,0x04,0x6a,0xbc,0xcd,
    0x01,0x04,0x0d,0xdd,0x1a,0x68,0xbc,0xcd,
    0x01,0x04,0x1f,0xdc,0x1e,0xf8,0xbc,0xcd,
    0x01,0x04,0x22,0x29,0xe1,0x57,0xbc,0xcd,
    0x01,0x04,0x22,0x48,0x1b,0xd2,0xbc,0xcd,
    0x01,0x04,0x2d,0x3d,0xb9,0x66,0xbc,0xcd,
    0x01,0x04,0x2d,0x5c,0xb1,0xbd,0xbc,0xcd,
    0x01,0x04,0x2d,0x5e,0xa8,0x05,0xbc,0xcd,
    0x01,0x04,0x33,0x9e,0x3d,0x21,0xbc,0xcd,
    0x01,0x04,0x34,0x01,0x72,0xd6,0xbc,0xcd,
    0x01,0x04,0x3e,0x54,0xbe,0xc8,0xbc,0xcd,
    0x01,0x04,0x42,0xa5,0xff,0x22,0xbc,0xcd,
    0x01,0x04,0x43,0x51,0xf0,0x12,0xbc,0xcd,
    0x01,0x04,0x45,0xc5,0x8c,0xe3,0xbc,0xcd,
    0x01,0x04,0x46,0x5d,0xe9,0xff,0xbc,0xcd,
    0x01,0x04,0x47,0x0d,0x5c,0x3e,0xbc,0xcd,
    0x01,0x04,0x47,0x22,0x46,0x6b,0xbc,0xcd,
    0x01,0x04,0x4b,0xa4,0xc1,0xed,0xbc,0xcd,
    0x01,0x04,0x4d,0x5a,0x23,0x9c,0xbc,0xcd,
    0x01,0x04,0x50,0xfd,0x5e,0xfc,0xbc,0xcd,
    0x01,0x04,0x59,0x3a,0x09,0xdb,0xbc,0xcd,
    0x01,0x04,0x5c,0x76,0xbe,0x23,0xbc,0xcd,
    0x01,0x04,0x5f,0x8d,0x23,0x75,0xbc,0xcd,
    0x01,0x04,0x67,0x63,0xa9,0xd0,0xbc,0xcd,
    0x01,0x04,0x67,0x63,0xa9,0xd1,0xbc,0xcd,
    0x01,0x04,0x67,0xa5,0xc0,0xca,0xbc,0xcd,
    0x01,0x04,0x67,0xa5,0xc0,0xd4,0xbc,0xcd,
    0x01,0x04,0x68,0xed,0x83,0x8a,0xbc,0xcd,
    0x01,0x04,0x6d,0x7b,0xec,0x60,0xbc,0xcd,
    0x01,0x04,0x86,0xc7,0xe3,0xd9,0xbc,0xcd,
    0x01,0x04,0x87,0xb4,0x63,0x4a,0xbc,0xcd,
    0x01,0x04,0x88,0xf3,0x31,0xb4,0xbc,0xcd,
    0x01,0x04,0x94,0x33,0xc4,0x28,0xbc,0xcd,
    0x01,0x04,0x9e,0x45,0xd3,0x9b,0xbc,0xcd,
    0x01,0x04,0xa2,0xdc,0xa6,0x52,0xbc,0xcd,
    0x01,0x04,0xa7,0x56,0x52,0x5a,0xbc,0xcd,
    0x01,0x04,0xa7,0xac,0x4d,0xb8,0xbc,0xcd,
    0x01,0x04,0xa8,0x77,0x0b,0xdc,0xbc,0xcd,
    0x01,0x04,0xaa,0x4b,0xa0,0x38,0xbc,0xcd,
    0x01,0x04,0xb0,0x60,0xe7,0xb4,0xbc,0xcd,
    0x01,0x04,0xb0,0xa9,0xd0,0xbb,0xbc,0xcd,
    0x01,0x04,0xb9,0xe8,0x46,0xe2,0xbc,0xcd,
    0x01,0x04,0xbc,0x84,0xb2,0x21,0xbc,0xcd,
    0x01,0x04,0xc0,0x03,0x0b,0x1a,0xbc,0xcd,
    0x01,0x04,0xc1,0xa8,0x8c,0x9b,0xbc,0xcd,
    0x01,0x04,0xc6,0x3a,0x66,0x12,0xbc,0xcd,
    0x01,0x04,0xc6,0xce,0xcc,0x32,0xbc,0xcd,
    0x01,0x04,0xcb,0x84,0x5e,0xc4,0xbc,0xcd,
    0x01,0x04,0xcd,0xc9,0x21,0xf6,0xbc,0xcd,
    0x01,0x04,0xce,0x74,0x41,0x05,0xbc,0xcd,
    0x01,0x04,0xd0,0x44,0x04,0x32,0xbc,0xcd,
    0x01,0x04,0xd0,0x49,0xca,0x4e,0xbc,0xcd,
    0x01,0x04,0xd8,0xe6,0xe1,0x3d,0xbc,0xcd,
    0x01,0x04,0xdd,0x84,0x12,0x2c,0xbc,0xcd,
    0x02,0x10,0x20,0x01,0x05,0xa8,0x41,0x64,0x7a,0x00,0x00,0x00,0x00,0x00,0x00,0x00,0x01,0xf8,0xbc,0xcd,
    0x02,0x10,0x20,0x01,0x05,0xa8,0x41,0x64,0x7a,0x00,0xbe,0x60,0xb5,0xaa,0x22,0xf0,0xd1,0xcb,0xbc,0xcd,
    0x02,0x10,0x20,0x01,0x09,0xe8,0x06,0xa4,0xe8,0x00,0x90,0x0f,0xf2,0xff,0xfe,0xa3,0xbb,0xcd,0xbc,0xcd,
    0x02,0x10,0x20,0x01,0x0b,0x07,0x64,0x6f,0xc3,0x39,0x44,0xd3,0x30,0xb7,0x83,0x1b,0xda,0x29,0xbc,0xcd,
    0x02,0x10,0x20,0x01,0x0b,0xc8,0x12,0x01,0x04,0x09,0x16,0x18,0x77,0xff,0xfe,0x5f,0x0b,0x12,0xbc,0xcd,
    0x02,0x10,0x20,0x01,0x0d,0xf6,0x72,0x80,0x00,0x00,0x00,0x00,0x00,0x00,0x00,0x92,0x02,0x02,0xbc,0xcd,
    0x02,0x10,0x20,0x01,0x0d,0xf6,0x72,0x80,0x00,0x00,0x00,0x00,0x00,0x00,0x00,0x92,0x02,0x03,0xbc,0xcd,
    0x02,0x10,0x20,0x01,0x0d,0xf6,0x72,0x80,0x00,0x00,0x00,0x00,0x00,0x00,0x00,0x92,0x02,0x05,0xbc,0xcd,
    0x02,0x10,0x20,0x01,0x0d,0xf6,0x72,0x80,0x00,0x00,0x00,0x00,0x00,0x00,0x00,0x92,0x02,0x07,0xbc,0xcd,
    0x02,0x10,0x20,0x01,0x0d,0xf6,0x72,0x80,0x00,0x00,0x00,0x00,0x00,0x00,0x00,0x92,0x02,0x08,0xbc,0xcd,
    0x02,0x10,0x20,0x01,0x0d,0xf6,0x72,0x80,0x00,0x00,0x00,0x00,0x00,0x00,0x00,0x92,0x02,0x10,0xbc,0xcd,
    0x02,0x10,0x20,0x01,0x0d,0xf6,0x72,0x80,0x00,0x00,0x00,0x00,0x00,0x00,0x00,0x92,0x02,0x11,0xbc,0xcd,
    0x02,0x10,0x20,0x01,0x0d,0xf6,0x72,0x80,0x00,0x00,0x00,0x00,0x00,0x00,0x00,0x92,0x02,0x12,0xbc,0xcd,
    0x02,0x10,0x20,0x01,0x0d,0xf6,0x72,0x80,0x00,0x00,0x00,0x00,0x00,0x00,0x00,0x92,0x02,0x13,0xbc,0xcd,
    0x02,0x10,0x20,0x01,0x0d,0xf6,0x72,0x80,0x00,0x00,0x00,0x00,0x00,0x00,0x00,0x92,0x02,0x14,0xbc,0xcd,
    0x02,0x10,0x24,0x01,0xb1,0x40,0x00,0x02,0x00,0x00,0x00,0x00,0x00,0x00,0x00,0x92,0x02,0x11,0xbc,0xcd,
    0x02,0x10,0x24,0x01,0xb1,0x40,0x00,0x03,0x00,0x00,0x00,0x00,0x00,0x00,0x00,0x92,0x02,0x06,0xbc,0xcd,
    0x02,0x10,0x24,0x01,0xb1,0x40,0x00,0x03,0x00,0x00,0x00,0x00,0x00,0x00,0x00,0x92,0x02,0x08,0xbc,0xcd,
    0x02,0x10,0x24,0x01,0xb1,0x40,0x00,0x03,0x00,0x00,0x00,0x00,0x00,0x00,0x00,0x92,0x02,0x09,0xbc,0xcd,
    0x02,0x10,0x24,0x01,0xb1,0x40,0x00,0x04,0x00,0x00,0x00,0x00,0x00,0x00,0x00,0x92,0x02,0x11,0xbc,0xcd,
    0x02,0x10,0x24,0x01,0xb1,0x40,0x00,0x04,0x00,0x00,0x00,0x00,0x00,0x00,0x00,0x92,0x02,0x13,0xbc,0xcd,
    0x02,0x10,0x24,0x01,0xb1,0x40,0x00,0x00,0x00,0x00,0x00,0x00,0x00,0x00,0x00,0x92,0x02,0x01,0xbc,0xcd,
    0x02,0x10,0x24,0x01,0xb1,0x40,0x00,0x00,0x00,0x00,0x00,0x00,0x00,0x00,0x00,0x92,0x02,0x02,0xbc,0xcd,
    0x02,0x10,0x24,0x01,0xb1,0x40,0x00,0x00,0x00,0x00,0x00,0x00,0x00,0x00,0x00,0x92,0x02,0x03,0xbc,0xcd,
    0x02,0x10,0x24,0x01,0xb1,0x40,0x00,0x00,0x00,0x00,0x00,0x00,0x00,0x00,0x00,0x92,0x02,0x04,0xbc,0xcd,
    0x02,0x10,0x24,0x01,0xd0,0x02,0x39,0x02,0x07,0x00,0xa0,0x38,0xc7,0x72,0x88,0x4b,0x8a,0x70,0xbc,0xcd,
    0x02,0x10,0x24,0x07,0x4d,0x00,0x6c,0x00,0x0a,0xea,0x00,0x00,0x00,0x00,0x00,0x00,0xb7,0x35,0xbc,0xcd,
    0x02,0x10,0x26,0x00,0x3c,0x00,0x00,0x00,0x00,0x00,0xf0,0x3c,0x91,0xff,0xfe,0x5b,0x4c,0xf3,0xbc,0xcd,
    0x02,0x10,0x26,0x00,0x3c,0x00,0x00,0x00,0x00,0x00,0xf0,0x3c,0x91,0xff,0xfe,0x9e,0x7f,0x03,0xbc,0xcd,
    0x02,0x10,0x26,0x01,0x02,0xc6,0x4c,0x00,0x13,0x0a,0x02,0xe0,0x4c,0xff,0xfe,0x24,0x39,0x18,0xbc,0xcd,
    0x02,0x10,0x26,0x02,0xf4,0x80,0x00,0xac,0xc0,0x10,0x00,0x00,0x00,0x00,0x00,0x00,0x00,0x50,0xbc,0xcd,
    0x02,0x10,0x26,0x02,0xf4,0x80,0x00,0xac,0xc0,0x10,0x00,0x00,0x00,0x00,0x00,0x00,0x00,0x71,0xbc,0xcd,
    0x02,0x10,0x26,0x02,0xf4,0x80,0x00,0xac,0xc0,0x10,0x00,0x00,0x00,0x00,0x00,0x00,0x00,0x77,0xbc,0xcd,
    0x02,0x10,0x26,0x05,0x33,0x80,0x42,0x2e,0x00,0x01,0x00,0x00,0x00,0x00,0x00,0x00,0x00,0x50,0xbc,0xcd,
    0x02,0x10,0x26,0x07,0x53,0x00,0x02,0x05,0x02,0x00,0x00,0x00,0x00,0x00,0x00,0x00,0x5f,0xf4,0xbc,0xcd,
    0x02,0x10,0x28,0x04,0x41,0x7c,0x8b,0x3e,0xe6,0x00,0xee,0x8e,0xb5,0xff,0xfe,0x78,0xcb,0xcf,0xbc,0xcd,
    0x02,0x10,0x2a,0x01,0x04,0xf8,0x01,0x21,0x40,0x72,0x00,0x00,0x00,0x00,0x00,0x00,0x00,0x02,0xbc,0xcd,
    0x02,0x10,0x2a,0x01,0x04,0xf8,0x01,0x3a,0x06,0x84,0x00,0x00,0x00,0x00,0x00,0x00,0x00,0x02,0xbc,0xcd,
    0x02,0x10,0x2a,0x01,0x04,0xf8,0x01,0x72,0x33,0xc1,0x00,0x00,0x00,0x00,0x00,0x00,0x00,0x02,0xbc,0xcd,
    0x02,0x10,0x2a,0x01,0x04,0xf8,0x01,0x90,0x72,0xa4,0x00,0x00,0x00,0x00,0x00,0x00,0x00,0x02,0xbc,0xcd,
    0x02,0x10,0x2a,0x01,0x04,0xf8,0x1c,0x1e,0x99,0x49,0x00,0x00,0x00,0x00,0x00,0x00,0x00,0x01,0xbc,0xcd,
    0x02,0x10,0x2a,0x01,0x04,0xf8,0x02,0x12,0x11,0x85,0x00,0x00,0x00,0x00,0x00,0x00,0x00,0x02,0xbc,0xcd,
    0x02,0x10,0x2a,0x01,0x04,0xf8,0x02,0x42,0x42,0x46,0x00,0x00,0x00,0x00,0x00,0x00,0x00,0x02,0xbc,0xcd,
    0x02,0x10,0x2a,0x01,0x04,0xf8,0x02,0x72,0x3b,0xca,0x00,0x00,0x00,0x00,0x00,0x00,0x00,0x01,0xbc,0xcd,
    0x02,0x10,0x2a,0x01,0x04,0xf9,0x30,0x80,0x15,0x86,0x00,0x00,0x00,0x00,0x00,0x00,0x00,0x02,0xbc,0xcd,
    0x02,0x10,0x2a,0x01,0x04,0xf9,0x00,0x4a,0x34,0x58,0x00,0x00,0x00,0x00,0x00,0x00,0x00,0x37,0xbc,0xcd,
    0x02,0x10,0x2a,0x02,0x29,0xe0,0x00,0x01,0x04,0x20,0x00,0x00,0x00,0x00,0x00,0x00,0x00,0x64,0xbc,0xcd,
    0x02,0x10,0x2a,0x02,0xc2,0x02,0x22,0x34,0x76,0x88,0x00,0x00,0x00,0x00,0x00,0x00,0x00,0x01,0xbc,0xcd,
    0x02,0x10,0x2a,0x02,0xc2,0x07,0x22,0x91,0x60,0x64,0x00,0x00,0x00,0x00,0x00,0x00,0x00,0x01,0xbc,0xcd,
    0x02,0x10,0x2a,0x02,0xc2,0x07,0x23,0x43,0x31,0x47,0x00,0x00,0x00,0x00,0x00,0x00,0x00,0x01,0xbc,0xcd,
    0x02,0x10,0x2a,0x02,0xc2,0x07,0x23,0x56,0x01,0x88,0x00,0x00,0x00,0x00,0x00,0x00,0x00,0x01,0xbc,0xcd,
    0x02,0x10,0x2a,0x02,0xc2,0x07,0x30,0x20,0x13,0x23,0x00,0x00,0x00,0x00,0x00,0x00,0x00,0x01,0xbc,0xcd,
    0x02,0x10,0x2a,0x03,0x40,0x00,0x00,0x2a,0x05,0x14,0x00,0x00,0x00,0x00,0x00,0x00,0x00,0x00,0xbc,0xcd,
    0x02,0x10,0x2a,0x03,0x40,0x00,0x00,0x65,0x0d,0xb8,0x00,0x00,0x00,0x00,0x00,0x00,0x00,0x00,0xbc,0xcd,
    0x02,0x10,0x2a,0x03,0xd9,0xc2,0x01,0x00,0x10,0x68,0x00,0x00,0x00,0x00,0x00,0x00,0x00,0x0a,0xbc,0xcd,
    0x04,0x20,0xd4,0x97,0x3c,0xc6,0x1f,0x9c,0xbb,0x3e,0x21,0x7d,0x6a,0x18,0xff,0xf5,0xc6,0xd2,0x55,0x20,0xd8,0x69,0x61,0x82,0x3c,0x2b,0x3d,0x5a,0x48,0xe8,0x46,0xe4,0x66,0x56,0xbc,0xcd,
    0x04,0x20,0xd6,0x7b,0xf1,0xd6,0xa1,0x09,0xcb,0xe8,0x82,0x75,0xbb,0x8f,0x63,0x76,0x2c,0x5b,0x8e,0xad,0x0f,0xca,0x51,0x3a,0x5b,0xad,0x0b,0x32,0xcc,0x92,0xbf,0xe6,0x4e,0xba,0xbc,0xcd,
    0x04,0x20,0xde,0xca,0x56,0x79,0x08,0x49,0x91,0x5b,0xfe,0xf8,0x37,0xfa,0x89,0x47,0xa2,0x1e,0xa6,0x79,0x42,0x57,0xf8,0xba,0x7b,0x00,0x3d,0x7d,0x37,0x4f,0xff,0x94,0xb5,0x10,0xbc,0xcd,
    0x04,0x20,0xe5,0x32,0x48,0xb8,0x7a,0xb4,0x61,0x34,0xd0,0x04,0x07,0xab,0x1e,0x6e,0x83,0x1c,0x35,0x23,0x6c,0x46,0x2d,0x15,0xc5,0x1e,0x0e,0x9c,0x25,0x01,0xca,0xef,0xb0,0xd8,0xbc,0xcd,
    0x04,0x20,0xe5,0xd2,0xf7,0x59,0x81,0x44,0x52,0x66,0x24,0xb2,0x0a,0xec,0xac,0x0f,0x40,0xd7,0x83,0xc7,0xb4,0xb5,0x7a,0xe3,0x27,0x3d,0x41,0x99,0x5c,0xc2,0x2c,0xd3,0x33,0x06,0xbc,0xcd,
    0x04,0x20,0xe9,0x75,0x00,0x50,0x7f,0xdf,0xa9,0x04,0x42,0x0d,0x49,0x24,0x12,0xd4,0x6a,0x02,0xd6,0xb8,0x8d,0xaa,0x8a,0xb0,0x86,0x96,0xfc,0x0a,0xf8,0x4f,0xe0,0x37,0x1e,0xcf,0xbc,0xcd,
    0x04,0x20,0xe9,0x55,0x9e,0xa1,0x27,0xff,0x84,0x62,0xda,0xb7,0xcf,0x1f,0x85,0xf0,0x31,0xe1,0xc8,0xa8,0x15,0x68,0x4e,0x7e,0x3e,0x7b,0xeb,0x19,0x31,0xbb,0xb0,0x9a,0x9c,0x61,0xbc,0xcd,
    0x04,0x20,0xeb,0xfc,0x48,0x56,0x28,0x6c,0xbd,0x54,0xfe,0x1b,0x9b,0xc6,0xb4,0x9e,0x6e,0x65,0x3c,0xd8,0x01,0x84,0x42,0xc3,0x4c,0xf6,0x49,0x6d,0x34,0x8d,0xef,0x75,0x26,0xb2,0xbc,0xcd,
    0x04,0x20,0xec,0x18,0x52,0xdd,0xa4,0xcd,0xdf,0xef,0x6c,0x33,0x24,0x86,0x5a,0x96,0x83,0x51,0x76,0xfa,0x09,0x2b,0x06,0xbb,0x49,0xb5,0xa0,0xfb,0x16,0x19,0x84,0x4f,0xd3,0xf8,0xbc,0xcd,
    0x04,0x20,0xec,0x4f,0xb5,0xb7,0xd8,0x7e,0x04,0xc6,0xf7,0xf0,0x5b,0x14,0x4d,0x8d,0x68,0x29,0x4d,0xa4,0x0f,0x79,0x46,0x78,0x33,0xca,0x89,0x69,0xb9,0x35,0x6f,0x8e,0x52,0xda,0xbc,0xcd,
    0x04,0x20,0xec,0x87,0x99,0x6a,0x14,0xde,0x0c,0x1e,0x71,0x36,0x77,0x3b,0x8d,0x29,0x81,0x6c,0x05,0xe4,0x27,0x2f,0x68,0xc1,0x06,0xf3,0x79,0x33,0x4d,0x24,0x5a,0x1f,0x65,0xfc,0xbc,0xcd,
    0x04,0x20,0xed,0x9e,0x2a,0x4a,0x59,0x6a,0x74,0x33,0x77,0x5a,0xd6,0x63,0x32,0x8e,0x57,0xec,0xe6,0x27,0x7a,0xeb,0xaf,0xf9,0xcf,0x83,0x39,0x00,0x31,0x6a,0x6a,0x7d,0xbd,0x15,0xbc,0xcd,
    0x04,0x20,0xf1,0xbc,0x3b,0x4c,0x38,0xff,0x10,0x2d,0x18,0xcd,0xca,0x82,0x58,0x63,0xf2,0x04,0x96,0xe7,0x9d,0xdf,0x74,0x7d,0x9e,0x50,0x03,0xfe,0xfe,0x2d,0x4e,0x1a,0xe1,0x53,0xbc,0xcd,
    0x04,0x20,0xf3,0xdd,0xb2,0x6b,0xf3,0xe3,0x6e,0x65,0xcb,0x6c,0xb3,0x5d,0x29,0xbf,0x1c,0xf8,0xa2,0x79,0x8b,0x60,0x27,0x8a,0x29,0x37,0x98,0xc1,0x4f,0xd1,0x94,0x40,0x86,0xe1,0xbc,0xcd,
    0x04,0x20,0xfa,0x47,0xcd,0x68,0xf0,0x25,0x63,0x9d,0xef,0x80,0xbe,0xca,0x7f,0xfe,0xd9,0xb5,0xbe,0x25,0xb6,0x3c,0x53,0xf0,0xe9,0x6b,0xae,0x27,0xb8,0xd4,0x14,0xde,0xd6,0xc2,0xbc,0xcd,
    0x04,0x20,0xfa,0xac,0x7f,0xc4,0xdb,0x07,0x09,0xd5,0x99,0x35,0xc0,0x49,0x24,0x5f,0x27,0xb6,0x6f,0x52,0xf8,0x70,0x76,0xcc,0x2e,0x1f,0xea,0xed,0x50,0xbb,0x30,0x69,0xac,0xf2,0xbc,0xcd,
    0x04,0x20,0xfe,0x77,0xe8,0x47,0xd9,0xc1,0xee,0x4e,0x0e,0xb5,0xf2,0x1a,0xff,0xea,0x06,0x01,0xc9,0x87,0xeb,0xe5,0xac,0xab,0x59,0xa9,0x24,0x81,0x4e,0x71,0x9a,0x16,0x09,0xf7,0xbc,0xcd,
    0x04,0x20,0x06,0xc0,0x44,0xf7,0xba,0x92,0x96,0xfe,0xb4,0xf1,0x74,0xa3,0xdb,0x57,0xf0,0xc2,0xcc,0xa6,0x36,0x9d,0xa7,0xf2,0x7f,0xc8,0x9d,0xf5,0x66,0xb5,0xd4,0xe6,0x14,0xf2,0xbc,0xcd,
    0x04,0x20,0x07,0xb0,0x84,0x9a,0xcd,0xe5,0x66,0xc6,0x1d,0x7f,0xa6,0x03,0x30,0xd3,0x15,0x9a,0xfe,0xc9,0xa7,0xe0,0x8a,0xc7,0xd2,0xf0,0x52,0x84,0xaf,0xc9,0x60,0x88,0x47,0x0d,0xbc,0xcd,
    0x04,0x20,0x04,0x00,0x16,0xf3,0x5c,0x8b,0x3f,0x08,0x74,0xa0,0xb6,0x88,0x21,0x29,0x59,0xb9,0x47,0x6e,0xfd,0xcd,0x12,0x2a,0x98,0xd2,0x31,0x8b,0x7b,0x63,0x24,0x70,0x4c,0x2f,0xbc,0xcd,
    0x04,0x20,0x06,0x44,0x24,0xad,0x12,0xb6,0x69,0xd0,0x60,0x52,0x27,0xcd,0xfc,0xd3,0x41,0xb6,0xd9,0x04,0x08,0x7a,0x61,0xe5,0x91,0x65,0x13,0x7e,0xf7,0xa9,0x09,0x26,0x5c,0xc8,0xbc,0xcd,
    0x04,0x20,0x0d,0x75,0x4a,0x20,0xe2,0x5d,0x23,0x4b,0xae,0x7c,0xcd,0x88,0x31,0xa2,0x68,0x6c,0x92,0x12,0x45,0x33,0x02,0x7f,0x81,0x22,0xc3,0xd7,0x5b,0x13,0xe3,0x74,0x29,0xfe,0xbc,0xcd,
    0x04,0x20,0x17,0xda,0x19,0xf8,0x32,0xe8,0xbe,0x57,0x21,0x96,0x17,0x2c,0xcb,0x2e,0x30,0x1f,0xca,0x6d,0x6a,0x3f,0xf2,0x35,0xa6,0x99,0x75,0xd2,0x1b,0x7f,0xce,0x40,0xaf,0xbf,0xbc,0xcd,
    0x04,0x20,0x12,0xe1,0x1d,0x4d,0xda,0x8f,0x8a,0xde,0x25,0xde,0x2f,0xef,0x8d,0x8d,0xef,0xb9,0x9b,0xc2,0x5a,0xad,0x65,0x83,0x79,0x0e,0x31,0x3b,0x49,0x2c,0x00,0x4c,0xb7,0x5a,0xbc,0xcd,
    0x04,0x20,0x16,0x76,0xc6,0x57,0x97,0x1a,0xe5,0xf3,0x83,0x9d,0x38,0x83,0xc4,0x06,0x6b,0x33,0x3f,0xcf,0x02,0xc3,0xe5,0xfc,0xba,0x55,0x6e,0xe5,0xa5,0xe8,0xbe,0xa1,0x21,0x88,0xbc,0xcd,
    0x04,0x20,0x1b,0x64,0x7c,0xde,0x3e,0x74,0x92,0x5d,0x2f,0xa6,0x4c,0x82,0x09,0xcd,0x33,0x71,0x0a,0x65,0x65,0x83,0xdb,0xf6,0x51,0xe0,0x13,0x8f,0x57,0x3c,0xeb,0x9b,0xcc,0x9f,0xbc,0xcd,
    0x04,0x20,0x20,0x4f,0x32,0x89,0x89,0x3a,0x16,0x28,0x4e,0x8b,0x97,0x37,0xf7,0xde,0x9e,0xe8,0xf2,0xd8,0x29,0xf3,0xec,0x2b,0xbc,0x12,0x1e,0xca,0x1e,0xd8,0x0f,0xe8,0x11,0xf3,0xbc,0xcd,
    0x04,0x20,0x22,0xad,0x70,0x25,0x38,0x55,0xd4,0x90,0x02,0x4e,0x73,0xb4,0xd6,0xbf,0x86,0x6b,0x88,0x33,0xd9,0x52,0x37,0x15,0x85,0x37,0x1b,0x41,0x23,0x62,0x80,0x31,0xb5,0xb1,0xbc,0xcd,
    0x04,0x20,0x26,0x43,0x0d,0xe0,0x65,0xbb,0x0d,0x53,0x04,0x2d,0xfb,0x23,0x7e,0xa7,0x38,0x41,0xbd,0x3c,0xeb,0x29,0x50,0x20,0x39,0xaa,0xff,0x05,0x5a,0x84,0xc6,0x7d,0x8a,0x2b,0xbc,0xcd,
    0x04,0x20,0x2e,0xa7,0x3d,0x1c,0x61,0x82,0xc3,0x25,0xd4,0x6b,0x7d,0x9d,0x10,0x49,0xc8,0x4c,0xe0,0x5b,0xad,0x4a,0x10,0x02,0xbd,0x28,0x34,0xf9,0x9f,0x37,0x24,0x5a,0x96,0x1b,0xbc,0xcd,
    0x04,0x20,0x2c,0x90,0x98,0xad,0x66,0xc9,0x88,0x6e,0x3c,0x1d,0x20,0x61,0xc8,0x63,0x72,0xb3,0x1e,0xbb,0xab,0x35,0xa5,0x52,0x8e,0xca,0xd3,0xdf,0xa1,0x4c,0x73,0x43,0xcb,0x61,0xbc,0xcd,
    0x04,0x20,0x2d,0x42,0xf7,0xb5,0xc3,0x1f,0x06,0xbb,0xd1,0x79,0x5d,0x4e,0x85,0x1b,0x48,0x4c,0xdb,0x72,0x30,0x49,0x4b,0xca,0x71,0x1b,0x51,0x8b,0x9f,0x46,0xf3,0xa0,0x81,0xdf,0xbc,0xcd,
    0x04,0x20,0x2d,0xa5,0x11,0x44,0xed,0x31,0x91,0xb8,0x63,0xb1,0x91,0x50,0x01,0xec,0x56,0x23,0xf6,0x12,0xfe,0x8e,0xa8,0xa8,0xf3,0x38,0x4a,0x0b,0x66,0x91,0x16,0xae,0x85,0xf3,0xbc,0xcd,
    0x04,0x20,0x30,0xbd,0xe6,0x51,0x0a,0x84,0x33,0x7b,0x27,0x53,0x1d,0x6a,0x07,0xf8,0xcf,0x10,0x51,0x39,0x9d,0x35,0x90,0x81,0x63,0x28,0x4b,0x43,0x39,0x53,0x30,0x09,0x88,0x84,0xbc,0xcd,
    0x04,0x20,0x34,0xad,0xe9,0x37,0x5f,0x85,0x2c,0x5f,0x53,0x72,0xb1,0xa2,0x0f,0x3b,0xeb,0x8b,0xfb,0x00,0x53,0xca,0x9e,0xf0,0xca,0x61,0xd7,0x32,0xa6,0x7f,0x59,0xb3,0xcb,0x34,0xbc,0xcd,
    0x04,0x20,0x35,0x13,0x72,0xba,0x27,0xb4,0xb3,0x1c,0x74,0xa0,0x5d,0x5a,0x08,0x94,0x58,0x02,0x53,0x7b,0xca,0x95,0x81,0x2b,0x7f,0x19,0x5e,0x61,0x1d,0x4e,0xba,0x23,0x8d,0xed,0xbc,0xcd,
    0x04,0x20,0x3f,0x7f,0x40,0xf0,0x30,0x4c,0x45,0xa5,0x0f,0x0f,0x7e,0x06,0x32,0xf5,0x0e,0xd5,0x96,0x32,0x18,0xa8,0xc0,0x84,0x43,0xfd,0xcb,0xb1,0x79,0xd8,0xa5,0x45,0x91,0x52,0xbc,0xcd,
    0x04,0x20,0x38,0x2a,0xa7,0x1e,0xa9,0x39,0xbb,0x33,0x2c,0x23,0x20,0x8b,0xca,0x14,0xf9,0xe9,0x25,0xb2,0xef,0x62,0x9a,0x76,0x1f,0x2d,0xc4,0x0a,0x78,0xf4,0x7a,0x11,0x9a,0x48,0xbc,0xcd,
    0x04,0x20,0x38,0x79,0xc2,0x1b,0x24,0xe9,0xd2,0x14,0x6d,0xba,0x88,0xbd,0x6e,0x3e,0xc0,0x3c,0x7d,0x95,0xcc,0x5c,0x42,0xcb,0x94,0x37,0x6a,0x50,0xd1,0xa8,0xb1,0xd9,0xad,0xd6,0xbc,0xcd,
    0x04,0x20,0x3b,0x4d,0x48,0x3e,0x52,0xb1,0xb4,0xf5,0x4e,0xfd,0xdc,0x95,0x72,0x64,0x49,0xfa,0xb5,0xff,0xff,0x45,0xec,0x29,0xfc,0xdf,0xda,0x69,0xe9,0x1a,0x3f,0xc2,0x1d,0x56,0xbc,0xcd,
    0x04,0x20,0x46,0xb4,0x42,0x9f,0x88,0x9a,0xc4,0x59,0x9e,0xa0,0x05,0x45,0x9d,0x46,0xa8,0x35,0x39,0x7f,0x26,0x15,0x5d,0xa8,0xa9,0x67,0x9c,0x0d,0x15,0x25,0x9c,0xdf,0xf0,0x64,0xbc,0xcd,
    0x04,0x20,0x44,0x6d,0x88,0x8d,0x42,0x88,0x86,0x6b,0x4e,0x4b,0x98,0xa3,0x02,0x5e,0x18,0x5d,0x85,0xb2,0x65,0x27,0x3c,0x41,0xfa,0x71,0x1b,0x32,0xac,0xa9,0x93,0x22,0xa4,0xf7,0xbc,0xcd,
    0x04,0x20,0x4c,0x9f,0x71,0xbb,0x7b,0x36,0x22,0x7d,0xcc,0x96,0x47,0x7a,0xc6,0xe8,0xae,0xec,0x9e,0x2c,0xe4,0xc8,0x7c,0x3c,0x07,0x7c,0xa0,0xec,0x29,0xe2,0xa7,0x44,0xcc,0x7e,0xbc,0xcd,
    0x04,0x20,0x51,0x7d,0x0d,0x5b,0x20,0xd1,0x02,0xef,0x8a,0xeb,0x6f,0x48,0x91,0x25,0x36,0xac,0x49,0x6e,0x54,0x3a,0x39,0x79,0x51,0xf6,0xce,0xe3,0x71,0x90,0xb5,0x35,0xde,0x04,0xbc,0xcd,
    0x04,0x20,0x53,0xbb,0xd2,0x69,0x13,0xc2,0x01,0x02,0x09,0x53,0x3b,0x1a,0xd0,0x8a,0xbe,0x08,0x6c,0xb5,0xfe,0x33,0x1a,0x2b,0xdd,0x7d,0x94,0x74,0x06,0xf3,0x70,0xf8,0x26,0x91,0xbc,0xcd,
    0x04,0x20,0x53,0x97,0x54,0x65,0xf8,0xd4,0xc5,0x3a,0x7e,0x78,0x87,0x60,0xb8,0x51,0xc3,0xb0,0xa4,0xb4,0xcc,0xa1,0x63,0xac,0x2b,0xc2,0x48,0x39,0x62,0xba,0xd9,0x68,0x3b,0xe4,0xbc,0xcd,
    0x04,0x20,0x5a,0x2b,0x71,0x86,0xcf,0x5f,0x1d,0xa9,0xa2,0xdb,0xb7,0xf7,0x07,0x2d,0xd0,0x6c,0x1a,0x52,0x4d,0xf4,0xd9,0xf7,0xfe,0x13,0x3c,0x8a,0x15,0xba,0x62,0xfc,0xc1,0xb3,0xbc,0xcd,
    0x04,0x20,0x60,0x2b,0x5b,0x5e,0x72,0xe9,0x76,0x0b,0xd3,0x3c,0x16,0x13,0x07,0xe7,0xfd,0xa9,0x10,0x95,0x0d,0x43,0xa1,0x01,0x52,0x28,0x3d,0x3a,0x01,0xef,0xe5,0x5a,0xef,0xc8,0xbc,0xcd,
    0x04,0x20,0x60,0xd1,0x61,0xa1,0x34,0x13,0x85,0x89,0x0e,0xb7,0xe8,0xd5,0xa4,0x61,0xdd,0xb4,0x81,0x5d,0x90,0xf8,0x41,0x8c,0x43,0x64,0xaa,0xd9,0x32,0x51,0x08,0x9e,0x6c,0xa6,0xbc,0xcd,
    0x04,0x20,0x68,0x9c,0x9c,0x43,0xde,0x52,0x95,0x8e,0xcd,0x19,0x1e,0x78,0xec,0xee,0xae,0x71,0x49,0x5a,0xf8,0x2e,0xae,0xd0,0xb9,0xdd,0x3b,0x46,0xc1,0xbf,0x7a,0xf7,0x13,0x5f,0xbc,0xcd,
    0x04,0x20,0x7c,0x50,0xbb,0xef,0xd8,0x47,0xac,0x8c,0xf1,0x6b,0xff,0xe6,0x07,0xc9,0x59,0xb6,0x4f,0xd7,0x35,0xe7,0x8b,0x5b,0xeb,0x74,0x7d,0xf6,0x63,0x91,0x82,0x7c,0x52,0x5d,0xbc,0xcd,
    0x04,0x20,0x7d,0x5e,0x89,0xf4,0x14,0xf8,0x40,0x97,0xb3,0xa5,0xa3,0x05,0x84,0x40,0x80,0xcc,0xf9,0x0b,0x06,0xad,0x9b,0xe8,0x83,0x6b,0x7a,0xb8,0x28,0xa9,0xd4,0x1d,0x27,0x8f,0xbc,0xcd,
    0x04,0x20,0x81,0xf2,0x50,0x0b,0x90,0xab,0x98,0xb6,0xf1,0x0a,0x7f,0xae,0x62,0xd8,0xc1,0xd2,0x9d,0x71,0x99,0x32,0x09,0x29,0x3d,0xa1,0xeb,0xac,0xa9,0xd7,0x6f,0x78,0x2f,0x09,0xbc,0xcd,
    0x04,0x20,0x83,0x07,0xd8,0x57,0x07,0x68,0x1b,0x04,0xfa,0xd8,0x2f,0x14,0xb8,0xd4,0xb0,0x76,0x1f,0x4c,0xfa,0xe9,0x02,0x4f,0x7d,0x37,0x5f,0xd5,0x63,0xd4,0x2f,0xed,0x5d,0xb0,0xbc,0xcd,
    0x04,0x20,0x83,0x2d,0xfd,0x93,0x99,0x3e,0x91,0xe7,0xd5,0x8b,0x35,0xfb,0xee,0x6a,0xb6,0x9e,0x1a,0x80,0x98,0xe6,0xaa,0x46,0xe7,0x5f,0xbf,0xe1,0xd3,0x7b,0xd7,0xe5,0xa8,0xf4,0xbc,0xcd,
    0x04,0x20,0x88,0x74,0x45,0x55,0xff,0xfc,0xf8,0x73,0x9d,0x0f,0x9f,0xc6,0x5a,0x45,0x16,0x31,0x25,0xc2,0x17,0x01,0x29,0x62,0x1e,0xc2,0x91,0x56,0xef,0x17,0x28,0xce,0xeb,0xa3,0xbc,0xcd,
    0x04,0x20,0x8a,0x31,0x53,0x67,0x0d,0xa6,0x53,0xaa,0xdf,0x40,0xcf,0x81,0xf5,0x54,0x40,0xe8,0x71,0x33,0xb1,0x3e,0x89,0x83,0xc0,0x4a,0x24,0x10,0xed,0xea,0x95,0x95,0x9e,0xf7,0xbc,0xcd,
    0x04,0x20,0x8b,0x4d,0x3e,0xce,0xf0,0x75,0x5d,0x41,0x3b,0x4e,0xc5,0x33,0xcf,0xcf,0x08,0xb1,0xba,0xef,0x65,0xb8,0x87,0xbd,0xe7,0xc9,0xf0,0xb5,0xe4,0x5e,0xfc,0x55,0x2c,0x49,0xbc,0xcd,
    0x04,0x20,0x92,0xe4,0x01,0x9f,0x2a,0x78,0x9b,0xb7,0x1c,0xc1,0x28,0xdb,0xc4,0x98,0x8a,0x49,0x86,0xfb,0xc4,0xd5,0x5b,0xc0,0x0f,0x9e,0x7e,0xdc,0xf3,0x8d,0xd8,0x62,0xea,0x38,0xbc,0xcd,
    0x04,0x20,0x93,0x55,0x59,0xb1,0x9c,0x33,0xae,0x83,0x74,0x53,0xad,0x51,0xa8,0xab,0xcd,0x3e,0x5a,0x06,0x0f,0x14,0x8e,0x29,0xb2,0xc1,0xdf,0xc5,0xb9,0x7d,0x31,0xf7,0x64,0x14,0xbc,0xcd,
    0x04,0x20,0x9b,0x67,0x75,0x69,0xc3,0x06,0xf6,0xea,0xfa,0x85,0xac,0xe4,0x2f,0x5c,0xad,0xd2,0x20,0x61,0x01,0x88,0x73,0xb1,0x70,0xa4,0xc6,0x96,0xf9,0xfe,0x0b,0x6f,0x80,0x87,0xbc,0xcd,
    0x04,0x20,0xa6,0xc0,0x3f,0xdf,0x05,0x21,0xca,0x6c,0x23,0x0f,0xad,0x59,0xfc,0x37,0x9e,0x95,0x94,0xf0,0xb4,0xd0,0x8b,0x0e,0x2e,0xc1,0xdc,0x96,0x9f,0x0d,0x36,0x86,0x94,0xd1,0xbc,0xcd,
    0x04,0x20,0xa3,0x72,0x50,0x32,0x68,0x18,0x77,0xb3,0x5d,0xaf,0x1a,0xa1,0xf7,0x26,0x21,0x84,0xe9,0x89,0x3a,0x12,0xea,0x8b,0xd2,0x27,0x62,0x80,0x3a,0x2e,0x84,0x63,0xc6,0x11,0xbc,0xcd,
    0x04,0x20,0xae,0xbd,0x9e,0xd2,0xb6,0xc2,0x86,0x3d,0x9a,0x1f,0x08,0xaf,0x6a,0x57,0x22,0xb2,0x52,0x91,0x71,0x91,0x34,0x8f,0x6f,0xee,0x64,0x96,0x5a,0x83,0x0c,0xb4,0x21,0xab,0xbc,0xcd,
    0x04,0x20,0xa9,0x61,0x7c,0x49,0x3f,0x72,0xef,0x29,0x98,0xea,0x71,0xc9,0x97,0x11,0x81,0x4b,0x65,0x8a,0xbd,0xfa,0x79,0xfe,0xa1,0x71,0x20,0x04,0xeb,0x2c,0xe2,0xfa,0x02,0x73,0xbc,0xcd,
    0x04,0x20,0xa9,0xff,0xaa,0xcb,0x8a,0x7f,0x18,0x5e,0x0b,0xc3,0x73,0xc6,0xf8,0x94,0x15,0xa5,0x29,0x0e,0xfa,0xa6,0x9a,0xe6,0xec,0xdf,0xb0,0x42,0xbe,0x0b,0x57,0x1b,0xdf,0x4f,0xbc,0xcd,
    0x04,0x20,0xaa,0x32,0x1f,0xf0,0xfb,0xd0,0x6f,0xba,0x7b,0x2a,0x91,0xa4,0x8f,0x48,0x90,0xf1,0xc5,0x01,0x9d,0xca,0xeb,0xc7,0xcc,0xea,0xfd,0xc2,0x76,0xb5,0xff,0x53,0xa7,0xde,0xbc,0xcd,
    0x04,0x20,0xb1,0x3b,0x19,0x01,0x75,0xcf,0x8a,0x77,0xef,0x7c,0xea,0x70,0x38,0x80,0x46,0xf5,0xb1,0x3b,0xdb,0xb2,0x64,0xaf,0x93,0x52,0x4b,0x4d,0x4c,0x27,0x24,0x03,0xc1,0x6b,0xbc,0xcd,
    0x04,0x20,0xb2,0x0a,0x7a,0x1e,0x47,0x77,0xb0,0x88,0x57,0x77,0xb7,0x7f,0xa5,0x3a,0xb0,0x03,0x5f,0x16,0x2c,0x16,0x57,0xae,0x63,0xfd,0xb1,0x32,0x8e,0x76,0x9b,0x01,0xdb,0x3a,0xbc,0xcd,
    0x04,0x20,0xb2,0xaa,0x0b,0xcc,0xb3,0x7d,0x98,0xca,0xc5,0xf3,0x80,0x2b,0x7f,0x32,0xc7,0x88,0xac,0x82,0x08,0x2e,0x1c,0xe4,0x7a,0x11,0xb5,0x74,0xf6,0x24,0x9a,0xf2,0xc0,0xa9,0xbc,0xcd,
    0x04,0x20,0xbf,0xbc,0x09,0xf1,0xe4,0x5f,0x1c,0x3c,0x73,0x56,0xa2,0x57,0xca,0x3e,0x3a,0x98,0x68,0xb0,0xbd,0xbd,0xe3,0x73,0x58,0xab,0xe6,0x73,0x33,0x5e,0x0e,0xca,0x38,0x32,0xbc,0xcd,
    0x04,0x20,0xc2,0x1c,0xb0,0xf8,0x07,0x32,0x63,0x8f,0x78,0xdb,0xac,0xf8,0x39,0xad,0xb8,0x09,0xc6,0x6c,0x72,0x83,0x02,0x80,0xa0,0xa6,0xf4,0x22,0x93,0xbd,0xad,0x06,0x1f,0x7e,0xbc,0xcd,
    0x04,0x20,0xc6,0x75,0x3f,0xc9,0x0d,0xf4,0x44,0x45,0x9d,0xe7,0x76,0x99,0x6f,0x92,0xb3,0x63,0x2a,0x7e,0x87,0xde,0xe7,0x43,0x3b,0xb6,0x43,0xf3,0xf1,0x75,0xc8,0x48,0x48,0xeb,0xbc,0xcd,
    0x04,0x20,0xc8,0xcf,0xfa,0xc7,0x38,0x50,0xeb,0xfe,0x7f,0x98,0x43,0x89,0xd4,0xa2,0xbb,0x51,0x80,0x95,0x63,0xfa,0xfc,0xfa,0xf3,0xde,0x41,0x9f,0x3e,0xb2,0x15,0x32,0x23,0xb7,0xbc,0xcd,
    0x04,0x20,0xc9,0x09,0x6d,0x04,0xe1,0xc3,0xa8,0x69,0xa9,0x65,0xbc,0x0b,0x72,0x8d,0xbe,0x58,0xdc,0xd4,0xd8,0xcc,0x48,0x96,0x60,0x3e,0x4a,0xef,0x50,0xa4,0x61,0xc9,0x23,0x7a,0xbc,0xcd,
    0x04,0x20,0xca,0x67,0x30,0x12,0x49,0x3a,0x7e,0x04,0x2f,0x9b,0xf8,0x0d,0xc2,0x30,0x74,0x2c,0x7f,0xfe,0x9f,0xb1,0x99,0x9c,0xe3,0xac,0x22,0x07,0x63,0x61,0x72,0x24,0xf0,0xe3,0xbc,0xcd,
    0x04,0x20,0xcb,0x07,0xc2,0x43,0xd2,0xad,0x9b,0xb8,0x19,0x9d,0xf0,0xf0,0xe1,0xaa,0x60,0x36,0x51,0xbb,0xbb,0x92,0x65,0xc8,0x13,0x24,0x6a,0xd2,0x42,0x95,0x05,0x95,0x6f,0xcc,0xbc,0xcd,
    0x04,0x20,0xcd,0x36,0x64,0xb0,0x8d,0x1a,0x28,0xe7,0x19,0x11,0xbb,0x3d,0x41,0x95,0xf8,0x63,0xd8,0x23,0x9f,0x4b,0xba,0xf6,0x02,0x20,0xb9,0xa7,0xc0,0x7c,0x50,0x12,0xdb,0xf2,0xbc,0xcd,
};
#endif // BITCOIN_CHAINPARAMSSEEDS_H
